produkt_id,produkt_nazwa,kategoria_nazwa,cena
16098885,Motul olej silnikowy 5100 4T ESTER 10W40 1L,Oleje silnikowe 4T,53.00
16104164,MOTUL Olej silnikowy 300V 4T FL ROAD RACING 10W40 1L (SYNTETYCZNY),Oleje silnikowe 4T,85.00
16104171,Motul Gear Competition 75w140 1L olej przekładniowy syntetyczny,Oleje przekładniowe,138.00
16104174,MOTOREX olej silnikowy CROSS POWER 4T SAE 10W60 1L,Oleje silnikowe 4T,95.00
16104177,MOTOREX OLEJ SILNIKOWY CROSS POWER 2T 1L,Oleje silnikowe 2T,90.00
16104180,Olej silnikowy Motul Scooter Expert 2T 1L (PÓŁSYNTETYCZNY),Oleje silnikowe 2T,42.00
16176012,Motul Fork Oil Expert Medium 10W 1l olej do teleskopów,Oleje do amortyzatorów,60.00
16176014,Motul Fork Oil Medium / Heavy 'EXPERT' 15w 1L olej do teleskopów,Oleje do amortyzatorów,59.00
16176015,Motul Fork Oil Expert Heavy 20W 1l olej do teleskopów,Oleje do amortyzatorów,58.00
16176017,"Motul FORK OIL FACTORY LINE 7,5W MEDIUM (SYNTETYCZNY) 1L olej do teleskopów",Oleje do amortyzatorów,75.00
16176018,Motul FORK OIL FACTORY LINE 2.5W VERY LIGHT 1L olej do teleskopów,Oleje do amortyzatorów,75.00
16176020,Motul Fork Oil Factory Line Medium 10W 1l olej do teleskopów,Oleje do amortyzatorów,77.90
16821917,Opona Goldspeed  MXR 18X10-8 YELLOW,Opony,495.00
17082170,Opona Goldspeed MXF 20X6-10 YELLOW terenowa wyczynowa motocross do quada,Opony,538.00
17082172,Opona Goldspeed MXR 20X10-9 YELLOW E4 terenowa wyczynowa ATV Quad Motocross,Opony,825.00
17082173,Opona Goldspeed MXR2 18X10-8 YELLOW terenowa wyczynowa QUAD ATV off-road,Opony,712.00
17082174,Opona Goldspeed SC4 22.5X9-10 YELLOW terenowa wyczynowa off-road QUAD ATV,Opony,874.00
17082175,Opona Goldspeed SC3 21X10-9 YELLOW terenowa wyczynowa QUAD ATV,Opony,817.00
17082176,Opona Goldspeed SC3 22X8-9 YELLOW wyczynowa terenowa ATV QUAD,Opony,703.00
17082177,Opona Goldspeed SX 23X6-10 YELLOW terenowa wyczynowa Quad ATV UTV Off-road,Opony,688.00
17082178,Opona Goldspeed SX 21X6-10 YELLOW terenowa wyczynowa ATV Quad Off-road,Opony,670.00
17082179,Opona Goldspeed M-948F SX 20X6-10 YELLOW wyczynowa terenowa Supercross,Opony,572.00
17082180,Opona Goldspeed M-948F SX 21X7-10 YELLOW wyczynowa terenowa Motocross Quad,Opony,639.00
17082181,Opona Goldspeed SX 20x6-10 RED,Opony,648.00
17104086,Opona Goldspeed MXF 21X6-10 YELLOW,Opony,554.00
17728236,Felga Goldspeed BEAD LOCK 10X5 4/144/156 3+2 czarna Raptor YFM YFZ YFZ 450R KTM XC SX LTR,Felgi,681.00
17728238,Felga Goldspeed BEAD LOCK 10X5 4/144/156  4+1 czarna  Raptor YFM YFZ YFZ 450R KTM XC SX LTR,Felgi,920.00
17728239,"Felga Goldspeed BEAD LOCK 10X8 4/110/115 3+5 czarna, Raptor YFM YFZ YFZ 450R KTM XC SX LTR",Felgi,756.00
17728241,"Felga Goldspeed BEAD LOCK 8X8 4/110/115 3+5 czarna, Raptor YFM YFZ YFZ 450R KTM XC SX LTR",Felgi,670.00
17728242,"Felga Goldspeed BEAD LOCK 9X8 4/110/115 3+5 czarna, Raptor YFM YFZ YFZ 450R KTM XC SX LTR",Felgi,741.00
28492873,KOMPLETNY DRĄŻEK KIEROWNICZY CF MOTO 39-45CM,Zestawy  naprawcze zawieszenia,155.00
28492874,Kompletny drążek kierowniczy CF Moto 450 CF Moto 520,Zestawy  naprawcze zawieszenia,259.90
28492875,Kompletny drążek kierowniczy CFMOTO CForce 800 850 1000,Zawieszenie i Koła,330.87
28492876,"Filtr powietrza CF MOTO CForce 600 CF UTV 800, CF 850, CF800, CF450, CF520, Z8",Filtry powietrza,154.98
28492877,Filtr powietrza CF MOTO CForce CForce 1000 Z1000,Filtry powietrza,166.05
28492879,Drążek kierowniczy CF MOTO,Zestawy  naprawcze zawieszenia,147.60
28492880,Łącznik stabilizatora lewy CF MOTO,Zawieszenie i Koła,220.17
28700893,Maska przód do CF MOTO,nadwozie CF MOTO,233.70
28700894,Przewód hamulcowy tył CF MOTO 800 820,Układ hamulcowy,157.44
28700895,ŁĄCZNIK STABILIZATORA TYŁ CF MOTO PRAWA STRONA 9010-060800-20000,Zawieszenie i Koła,220.17
28700897,Guma mocowania pokrywy schowka CF MOTO,Akcesoria,15.99
28700898,Osłona ramy przód Cf MOTO 450 520,części zamienne nowe CF MOTO,119.31
28700899,Osłona plastik przód CF MOTO 800,części zamienne nowe CF MOTO,153.75
28700900,Klocki hamulcowe Cf Moto tył,Układ hamulcowy,212.79
28700901,Osłona tylna spodu CF MOTO 850 9AWV-044023-4000,części zamienne nowe CF MOTO,125.46
28700902,Pokrywa rolek wariatora CF MOTO,Układ napędowy,396.06
28700903,Pokrywa przednia bagażnika CF MOTO,Akcesoria,410.82
28700904,Szarpak starter ręczny CF MOTO,części zamienne nowe CF MOTO,275.00
28700905,Tuleja stabilizatora CF MOTO,Zawieszenie i Koła,29.00
28700906,TULEJA WAHACZA CF MOTO,Zawieszenie i Koła,34.00
28700907,Uszczelka prawej pokrywy silnika CF MOTO,części zamienne nowe CF MOTO,35.01
28712241,Gniazdo kabel lampy przedniej YAMAHA,układ elektryczny Yamaha,190.37
28712242,Stacyjka YAMAHA RAPTOR,układ elektryczny Yamaha,285.36
28712243,Wtrysk paliwa YAMAHA GRIZLLY,nowe - oem parts,177.00
28712244,Tuleja tylnego wahacza RAPTOR 700 YFZ 450R 903871601400,AKCESORIA OEM,67.58
28712245,Ślizg łańcucha napędowego YAMAHA 2GU221510000,AKCESORIA OEM,80.47
28712246,Śruba z gniazdem sześciokątnym YAMAHA 901101200200,Części i Akcesoria / Genuine Options,44.48
28712247,Obudowa pompy oleju YAMAHA 1UY-13336-00,AKCESORIA OEM,190.00
28712248,Dźwignia Ssania ręczna YAMAHA,Brak danych,370.23
29370892,Tuleja dystansowa łożysk osi tył YAMAHA,Układ napędowy - Yamaha,255.00
29370893,Czujnik wstecznego i luzu YAMAHA GRIZZLY,układ elektryczny - Yamaha,203.02
29370894,Czujnik luzu YAMAHA RAPTOR,Układ napędowy - Yamaha,218.52
29370895,Nakrętka osi tylnej YAMAHA,Układ napędowy - Yamaha,142.56
29370896,Czujnik temperatury wody YAMAHA,układ elektryczny - Yamaha,74.00
29513521,Pompa oleju YAMAHA RAPTOR,silnik Yamaha,900.36
29513522,Zębatka pompy oleju YAMAHA,Części zamienne,120.54
29513525,Pompa oleju YAMAHA,silnik Yamaha,635.91
29513526,Uszczelka smoka pompy oleju YAMAHA,silnik Yamaha,4.92
29513528,Sitko oleju do pompy oleju YAMAHA,silnik Yamaha,79.95
29513530,Dekiel Pompy Oleju YAMAHA,silnik Yamaha,154.98
29513532,Rotor pompy oleju YAMAHA 3Y1-13310-01,silnik Yamaha,249.69
29513533,Sprężyna Korka pompy oleju YAMAHA 90501-18576,silnik Yamaha,8.50
29513535,Uszczelka pokrywy pompy oleju do YAMAHA 5LP-13329-00,silnik Yamaha,7.38
29534643,Uszczelka lewej pokrywy silnika CF MOTO 0180-014002 QUAD ATV,SILNIK CF MOTO,35.01
29534646,Obudowa osłona wariatora CF MOTO,Układ napędowy,521.52
30096607,KOSZ SPRZĘGŁOWY SUZUKI LTR 450 2006-2009,SILNIK SUZUKI,1622.37
30096608,Lampa tył tylna Suzuki LTR 450 2006-2010 3571045G00,nadwozie SUZUKI,959.00
31118789,Zderzak bumper do Yamaha Raptor 350,Raptor 350,61.50
31118790,"Cewka zapłonowa do YAMAHA RAPTOR 350  3KJ823101000 , 3KJ823101200",Raptor 350,49.00
31118791,Drążek kierowniczy do Yamaha Raptor 350 3GD238310000,Raptor 350,123.00
31118792,Dźwignia hamulca nożnego Yamaha Raptor 350 5YT272111000,Raptor 350,184.50
31118793,Dźwignia biegu wstecznego Yamaha Raptor 350 5YT261500000,Raptor 350,430.50
31118795,Instalacja elektryczna wiązka Yamaha Raptor 350 5YT825900000,Raptor 350,615.00
31118796,Kiwak kołyska do Yamaha Raptor 350 5YT2210J0000,Raptor 350,184.50
31118797,Siedzenie kanapa do Yamaha Raptor 350,Raptor 350,615.00
31118798,Wahacz tylny do Yamaha Raptor 350 3GD-22110-30-00,Raptor 350,450.00
31516704,Lampa tylna tył LTZ400 3571003G30,LTZ 400,299.00
31516706,OBUDOWA AKUMULATORA SUZUKI LTR 450,nadwozie SUZUKI,268.14
31516709,POMA OLEJU SUZUKI LTZ,SILNIK SUZUKI,595.00
31516710,Sprzęgiełko rozrusznika bendix Suzuki LTR 450 12600458500,SILNIK SUZUKI,1399.00
31516712,ALL BALLS ZESTAW NAPRAWCZY WAHACZA YAMAHA YZ 125 '02-'04,Zawieszenie i Koła,232.90
31516715,PROX Zestaw naprawczy łącznika (przegubu) wahacza Yamaha YFM 350 Raptor,Zawieszenie i Koła,225.00
31516716,4RIDE ZESTAW NAPRAWCZY WAHACZA SUZUKI LTZ 400,Zawieszenie i Koła,241.61
31516718,4RIDE ŁOŻYSKA KOŁA TYLNEGO Z USZCZELNIACZAMI HONDA TRX,Zawieszenie i Koła,199.00
31516719,4RIDE ŁOŻYSKA KOŁA TYLNEGO Z USZCZELNIACZAMI YAMAHA YFZ 450R 450X,Zawieszenie i Koła,239.99
31781673,ALL BALLS Zestaw naprawczy wahacza Honda TRX 28-1053,Zawieszenie i Koła,269.99
31781674,PROX ZESTAW NAPRAWCZY WAHACZA HONDA CR,Zawieszenie i Koła,239.80
31781675,ALL BALLS Zestaw naprawczy łącznika wahacza Honda CR 27-1003,Zawieszenie i Koła,279.00
31781676,ALL BALLS ZESTAW NAPRAWCZY ŁĄCZNIKA WAHACZA YAMAHA YZ,Zawieszenie i Koła,326.50
31781677,"4RIDE Zestaw naprawczy zawieszenia AB27-1125 HONDA, KTM",Zawieszenie i Koła,283.00
31781678,4RIDE ŁOŻYSKA KOŁA TYLNEGO YAMAHA YFM,Zawieszenie i Koła,95.99
31781679,ALL BALLS Zestaw naprawczy wahacza 28-1172 Suzuki LTR 450 Quadracer,Zawieszenie i Koła,244.99
31781681,ALL BALLS Zestaw naprawczy wahacza 28-1059 Kawasaki KVF 650,Zawieszenie i Koła,115.00
31800604,Lampa tylna lewa Polaris Sportsman 500 HO 2411153,Polaris,0.00
31800609,Air Box kompletny Polaris Sportsman 500 HO 5433387,SPORTSMAN,615.00
32291865,ALL BALLS Łożyska koła przedniego z uszczelniaczami Yamaha YFM,Zestawy  naprawcze zawieszenia,52.00
32291869,4RIDE ŁOŻYSKA KOŁA PRZEDNIEGO Z USZCZELNIACZAMI SUZUKI LTZ 400,Zestawy  naprawcze zawieszenia,89.00
32291874,ALL BALLS ŁOŻYSKA KOŁA TYLNEGO Z USZCZELNIACZAMI YAMAHA YZ/WR,Zawieszenie i Koła,79.00
32291879,ALL BALLS ŁOŻYSKA KOŁA PRZEDNIEGO Z USZCZELNIACZAMI HONDA CBR250R 11-13,Zawieszenie i Koła,83.99
32291883,4RIDE ŁOŻYSKA KOŁA TYLNEGO Z USZCZELNIACZAMI KTM SX/EXC,Zawieszenie i Koła,68.00
32291887,4RIDE ŁOŻYSKA KOŁA TYLNEGO Z USZCZELNIACZAMI YAMAHA YZF,Zawieszenie i Koła,92.99
32291892,ALL BALLS Łożyska koła tylnego z uszczelniaczami Suzuki DRZ 400,Zawieszenie i Koła,87.99
32291896,4RIDE ŁOŻYSKA KOŁA PRZEDNIEGO Z USZCZELNIACZAMI HONDA CBR600F,Zawieszenie i Koła,67.00
32291901,4RIDE ŁOŻYSKA KOŁA TYLNEGO Z USZCZELNIACZAMI I DYSTANSAMI UPGRADE KTM,Zawieszenie i Koła,199.00
40264732,Oś tylna tuningowa Yamaha Raptor 660,Części zamienne,1190.00
40264733,oś tylna tuningowa  Yamaha Raptor 350,nadwozie Yamaha,1190.00
40264734,oś tylna tuningowa Yamaha Raptor 250,Układ napędowy - Yamaha,1190.00
40264735,ZESTAW WAHACZY DO YAMAHA RAPTOR 660,Układ napędowy - Yamaha,2490.00
40264736,ARTRAX NERF BAR PODŁOGI YAMAHA RAPTOR 700,Układ napędowy - Yamaha,549.00
43317783,NERFBARY RACING Yamaha Raptor 700 PODŁOGI NERF BAR CHROM,Układ napędowy - Yamaha,1050.00
43317787,NERFBARY RACING Yamaha Raptor 350 czarne,NADWOZIE,1099.01
43317792,ZESTAW WAHACZY RACING DO YAMAHA RAPTOR 700,NADWOZIE,1990.00
43317796,ZDERZAK TYŁ DO YAMAHA RAPTOR 700,NADWOZIE,240.00
43317801,ZDERZAK PRZÓD DO YAMAHA RAPTOR 660 CZARNY,NADWOZIE,319.00
43317805,ZDERZAK PRZÓD DO YAMAHA RAPTOR 660 CHROM,NADWOZIE,319.00
43317810,ZDERZAK PRZÓD TUNINGOWY DO YAMAHA RAPTOR 660 CHROM,NADWOZIE,429.00
43317814,ZDERZAK PRZÓD DO YAMAHA RAPTOR 700 CZARNY,NADWOZIE,319.00
48713287,NADKOLE PRZÓD LEWE CFMOTO 800 7020-040102,Używane,90.00
50096580,STOPIEŃ PRAWY POLARIS SPORTSMAN 500 H0 U...,SPORTSMAN,490.00
50096581,AIR BOX OBUDOWA POLARIS SPORTSMAN 500 HO 5433387,SPORTSMAN,490.00
50703216,DŹWIGNIA ZMIANY BIEGÓW YAMAHA GRIZZLY 700,Grizzly 700,490.00
50703219,SCHOWEK TYLNY POLARIS SPORTSMAN 500 U,SPORTSMAN,490.00
50703223,STOPIEŃ LEWY POLARIS SPORTSMAN 500 H0 5436931,SPORTSMAN,490.00
50703227,POMPA PALIWA POLARIS SPORTSMAN 500 HO U 2410554,Używane,590.00
50703231,BAGAŻNIK TYLNY POLARIS SPORTSMAN 500 HO 2633208-070,SPORTSMAN,690.00
50703234,BAGAŻNIK TYLNY POLARIS SPORTSMAN 500 HO 2633208-070 (2),SPORTSMAN,690.00
50703239,DRĄŻEK KIEROWNICZY POLARIS SPORTSMAN 500 HO 1822851,SPORTSMAN,149.00
50703243,ZBIORNIK PALIWA POLARIS SPORTSMAN 500 HO 2520556,SPORTSMAN,550.00
50703246,PRZEDNI ZDERZAK BUMPER CF MOTO 850 1000XC,części zamienne nowe CF MOTO,1290.00
50769241,BAGNET OLEJU YAMAHA GRIZZLY 700 550,Grizzly 700,50.00
50769243,BENDIX YAMAHA GRIZZLY 700 550,Grizzly 700,790.00
50780535,DŹWIGNIA HAMULCA NOŻNEGO YAMAHA GRIZZLY 700 550,Grizzly 700,150.00
50780537,LEWAREK ZMIANY BIEGÓW YAMAHA GRIZZLY 700 550,Grizzly 700,590.00
50780539,Łącznik stabilizatora Yamaha Grizzly 700 550,Grizzly 700,190.00
50780540,MAGISTRALA OLEJOWA YAMAHA GRIZZLY 700 550,Grizzly 700,150.00
50780542,POMPA HAMULCOWA PRZÓD YAMAHA GRIZZLY 700 550,Grizzly 700,250.00
50780544,POKRYWA POMPY WODY YAMAHA GRIZZLY 700 550,Grizzly 700,200.00
50780546,PÓŁOŚ PRZÓD YAMAHA GRIZZLY 700 550,Grizzly 700,450.00
50780548,PRZEŁĄCZNIK NAPĘDÓW YAMAHA GRIZZLY 700 550,Grizzly 700,450.00
50820094,PRZEŁĄCZNIK STARTER YAMAHA GRIZZLY 700 550,Grizzly 700,550.00
50820096,PRZEPUSTNICA YAMAHA GRIZZLY 700 550,Grizzly 700,450.00
50820097,PRZEWÓD HAMULCOWY YAMAHA GRIZZLY 700 550,Grizzly 700,350.00
50820099,ROZRUSZNIK YAMAHA GRIZZLY 700 550 5YT-81800-00,Grizzly 700,450.00
50820100,SZTYCA YAMAHA GRIZZLY 700 550,Grizzly 700,550.00
50820102,ŚLIZG ŁAŃCUSZKA ROZRZĄDU YAMAHA GRIZZLY 700 550,Grizzly 700,150.00
50820105,TULEJA WAŁU NAPĘDOWEGO YAMAHA GRIZZLY 700 550,Grizzly 700,150.00
51231316,WAŁEK NAPĘDOWY PRZÓD YAMAHA GRIZZLY 700 550,Grizzly 700,350.00
51231317,WAŁEK RÓWNOWAGI YAMAHA GRIZZLY 700 550,Grizzly 700,350.00
51231319,WYPEŁNIENIE LICZNIKA YAMAHA GRIZZLY 700 550,Grizzly 700,150.00
51231320,TRYB NAPĘDU YAMAHA GRIZZLY 700 550,Grizzly 700,550.00
51249955,MOST DYFER PRZEDNI CAN AM RENEGATE 650 800 1000,Renegade,1690.00
51249956,MOST DYFER TYLNY CAN AM RENEGATE 650 800 1000,Renegade,2990.00
51249958,"Wałek napędowy przód Can Am Renegade 650, 800, 1000",Renegade,650.00
51249959,WAŁ TYLNY CAN AM RENEGATE 650 800 1000,Renegade,650.00
51296984,LINKA HAMULCA KAWASAKI KFX 700,KFX 700,150.00
51296987,LINKA SSANIA KAWASAKI KFX 700,KFX 700,450.00
51296989,CYLINDER TGB 500 525,Blade,990.00
51296992,PRZEŁĄCZNIK BIEGÓW KAWASAKI KFX 700,KFX 700,250.00
51329497,AIR BOX YAMAHA RAPTOR 700,Raptor 700,550.00
51329499,KCIUK GAZ YAMAHA RAPTOR 700 1S3-26250-02-00,Raptor 700,499.00
51329501,KIWAK WAHACZA TYLNEGO YAMAHA RAPTOR 700,Raptor 700,450.00
51329504,MOCOWANIE TYLNEGO ZACISKU HAMULCOWEGO YAMAHA RAPTOR 700,Raptor 700,200.00
51329506,PIASTA ŁOŻYSK TYLNEJ OSI YAMAHA RAPTOR 700,Raptor 700,590.00
51329508,PRZEWÓD HAMULCOWY PRZEDNI ŚRODKOWY YAMAHA RAPTOR 700,Raptor 700,100.00
51571899,Tylny wahacz Yamaha Raptor 700,Raptor 700,790.00
51571901,ZABIERAK TYLNEJ TARCZY HAMULCOWEJ YAMAHA RAPTOR 700 ,Raptor 700,150.00
51571902,ZACISK HAMULCOWY LEWY PRZÓD YAMAHA RAPTOR 700,Raptor 700,390.00
51571903,ZACISK HAMULCOWY PRAWY PRZÓD YAMAHA RAPTOR 700,Raptor 700,390.00
51571904,ZWROTNICA LEWA PRZÓD YAMAHA RAPTOR 700,Raptor 700,650.00
51571908,PRZEDNIA CZĘŚĆ RAMY YAMAHA RAPTOR 700,Raptor 700,2900.00
51571909,WIRNIK POMPY WODY YAMAHA GRIZZLY 700 550,Grizzly 700,150.00
51611419,air box obudowa filtr powietrza YAMAHA RAPTOR 660,Raptor 660,490.00
51611420,KOLUMNA KIEROWNICZA SZTYCA YAMAHA RAPTOR 660,Raptor 660,490.00
51611422,STELAŻ FILTRA POWIETRZA YAMAHA RAPTOR 660 2001-2005,Raptor 660,250.00
51611425,KRÓCIEC GAŹNIKA YAMAHA RAPTOR 660,Raptor 660,190.00
51611430,FELGA TYLNA YAMAHA RAPTOR 700 660 350 250,Raptor 700,300.00
51643059,GRILL POLARIS SPORTSMAN 500 HO 2633527-070,SPORTSMAN,500.00
51643061,KANAŁ CHŁODZENIA PASKA NAPĘDOWEGO POLARIS SPORTSMAN 500 HO,SPORTSMAN,100.00
51643062,KANAŁ CHŁODZENIA PASKA NAPĘDOWEGO POLARIS SPORTSMAN 500 HO 5436952,SPORTSMAN,150.00
51643063,PRZEKAŹNIK KIERUNKOWSKAZÓW POLARIS SPORTSMAN 500 HO,SPORTSMAN,290.00
51643064,PRZEŁĄCZNIK AWARYJNYCH POLARIS SPORTSMAN 500 HO  3916-01,SPORTSMAN,150.00
51643065,ZBIORNIK OLEJU POLARIS SPORTSMAN 500 HO  5436580-REV-01,SPORTSMAN,590.00
51654077,ZBIORNICZEK WYRÓWNAWCZY PŁYNU YAMAHA GRIZZLY 700 550,Grizzly 700,150.00
51793539,GRILL PRZEDNI CFMOTO 800 820 X8 7020-040111-20000,820,190.00
51793540,OBUDOWA LICZNIKA CF MOTO 800 820 X8  7020-040201 QUAD ATV,820,119.00
52448425,BUMPER ZDERZAK PRZÓD TUNINGOWY YAMAHA RAPTOR 700,nadwozie Yamaha,499.00
52448428,GRAB BAR ZDERZAK TYŁ SUZUKI LTZ 400,nadwozie SUZUKI,249.00
52448431,GRAB BAR ZDERZAK TYŁ Z TORBĄ YAMAHA RAPTOR 700,nadwozie Yamaha,499.00
52448435,SIEDZENIE DO CF MOTO 850 1000,nadwozie CF MOTO,890.00
52448439,KOLUMNA KIEROWNICZA SZTYCA TUNINGOWA YAMAHA RAPTOR YFM 700 YFZ 450,nadwozie Yamaha,499.00
52448443,KOREK ZBIORNIKA PALIWA YAMAHA RAPTOR YFM 350 660,nadwozie Yamaha,119.00
52448447,OSŁONA RĄK LEWA CF MOTO 450 520 550 600 9CR6-101211 QUAD ATV,nadwozie CF MOTO,149.00
52448450,PRAWA CF MOTO 450 520 550 600 9CR6-101221 QUAD ATV,nadwozie CF MOTO,149.00
52448453,PIASTA ZABIERAK DO SUZUKI LTZ 400,nadwozie SUZUKI,399.00
52448455,QUAD SPORT PODŁOGI DO YAMAHA RAPTOR 350,nadwozie Yamaha,499.00
52520645,XTREME NERF BARY PODŁOGI RACING YAMAHA RAPTOR YFM 700,nadwozie Yamaha,990.00
52520648,GOLDSPEED NERF BARY PODŁOGI SUZUKI LTZ 400,LTZ 400,490.00
52520651,STOPIEŃ LEWY CF MOTO 450L 520L 9GQL-042031-L QUAD ATV,nadwozie CF MOTO,499.00
52520656,QUAD SPORT BUMPER ZDERZAK PRZÓD DO SUZUKI LTZ 400  LTR 450,nadwozie SUZUKI,350.00
52520659,XRW BUMPER ZDERZAK PRZÓD DO YAMAHA RAPTOR YFM 700,Raptor 700,350.00
52520664,XTREME ZAPIĘTKI TUNINGOWE DO YAMAHA RAPTOR 350,nadwozie Yamaha,329.00
52521934,XTREME PODŁOGI NERF BARY DO YAMAHA RAPTOR YFM 660,nadwozie Yamaha,499.00
52543017,ARTRAX NERF BAR PODŁOGI YAMAHA RAPTOR YFM 700,nadwozie Yamaha,529.00
53546279,FELGA PRZEDNIA VDW YAMAHA YFM RAPTOR 250 350 660 700 YFZ 450,Raptor 700,390.00
53546280,FELGA TYLNA WZMACNIANA  9”  ITP SUZUKI LTZ 400 LTR 450,LTZ 400,390.00
53546281,FELGA TYLNA YAMAHA RAPTOR 250 350 660 700 YFZ 450,Raptor 700,300.00
53546283,Lewy tylny błotnik plastik Polaris RZR 800 800S 5437472-538,RZR,790.00
53546284,NADKOLA POSZERZENIA BŁOTNIKÓW KOMPLET POLARIS RZR 800 800S 900 5437662-070 ; 5437661-070 ; 5437659-070 ; 5437660-070,RZR,990.00
53546285,KCIUK GAZ YAMAHA RAPTOR 350 660,Raptor 660,390.00
53546286,PRZEWÓD WIĄZKA LAMPY PRZÓD YAMAHA YFM RAPTOR 250 350 660 700 YFZ 450,Raptor 700,150.00
53546287,SKRZYNIA BIEGÓW POLARIS RZR 570,RZR,5900.00
53603953,MOCOWANIE GAŹNIKA POLARIS SPORTSMAN 500 HO,SPORTSMAN,150.00
53603957,KOREK OSŁONA PIASTY POLARIS SPORTSMAN 500 HO,SPORTSMAN,50.00
53603959,PÓŁOŚ PRZÓD KOMPLETNA POLARIS SPORTSMAN 500 HO,SPORTSMAN,290.00
53603962,PÓŁOŚ PRZÓD POLARIS SPORTSMAN 500 HO,SPORTSMAN,290.00
53603964,PÓŁOŚ TYŁ POLARIS SPORTSMAN 500 HO,SPORTSMAN,250.00
53603968,SKRZYNIA BIEGÓW POLARIS SPORTSMAN 500 HO 2005 - 2010 240162,SPORTSMAN,2790.00
53603970,TYLNA BELKA STABILIZATORA POLARIS SPORTSMAN 500 HO 1541802-067,SPORTSMAN,350.00
53603972,WIĄZKA ELEKTRYCZNA POLARIS SPORTSMAN 500 HO,SPORTSMAN,590.00
53603975,Zbiorniczek wyrównawczy płynu chłodzącego Polaris Sportsman 500 HO 5436936,SPORTSMAN,90.00
53868905,"LEWA PRZEDNIA LAMPA YAMAHA YFM RAPTOR 250 350 YFZ 450 5TG843100300 , 5TG841660100",Raptor 350,449.00
53868909,Chłodnica Yamaha Raptor 700 1PEWE2460000,Raptor 700,690.00
53868911,PRZEŁĄCZNIK BIEGU WSTECZNEGO YAMAHA RAPTOR 700,Raptor 700,350.00
53868916,WAHACZ DOLNY PRAWY PRZÓD CZARNY YAMAHA RAPTOR 700,Raptor 700,390.00
53868917,WAHACZ GÓRNY LEWY PRZÓD YAMAHA RAPTOR 700,Raptor 700,190.00
53868919,WAHACZ GÓRNY PRAWY PRZÓD YAMAHA RAPTOR 700,Raptor 700,190.00
54272784,KOPKA KOPNIAK HONDA CRF 250,SILNIK HONDA,790.00
54272786,KRÓCIEC HONDA CRF 450,Układ paliwowy - Honda,99.00
54272790,LINKA GAZU HONDA CBR 125,nadwozie Honda,119.00
54272794,TALERZYK SPRĘŻYNY ZAWOROWEJ HONDA CRF 250,nadwozie Honda,25.01
54272796,USZCZELKA PRAWEJ POKRYWY SILNIKA HONDA CBR 125 R,SILNIK HONDA,69.00
54272798,WYPEŁNIENIE LICZNIKA HONDA XL VARADERO 125,nadwozie Honda,399.00
54294241,LEWY PLASTIK OGON HONDA CBR 125 R83640-KPPA-9010,Honda,290.00
54294243,OWIEWKA OGON HONDA CB 500 77212-MY5-3000,Honda,150.00
54294246,PRAWY BOCZEK HONDA CBR 600 64310-MJC-A00,Honda,350.00
54352135,LEWY PRZEDNI BŁOTNIK YAMAHA BLASTER 200,nadwozie Yamaha,490.00
54352140,POKRYWA FILTRA POWIETRZA YAMAHA RAPTOR 350,nadwozie Yamaha,190.00
54369640,KRÓCIEC GAŹNIKA POLARIS SPORTSMAN 500 HO 3085809,SPORTSMAN,250.00
54369642,LAMPA TYLNA PRAWA POLARIS SPORTSMAN 500 HO 2411154,SPORTSMAN,0.00
54369643,LICZNIK POLARIS SPORTSMAN 500 HO,SPORTSMAN,650.00
54369644,MECHANIZM I LINKA SSANIA POLARIS SPORTSMAN 500 HO 7081008,SPORTSMAN,150.00
54658742,OSŁONA KLAPA PLASTIK PRZÓD POLARIS SPORTSMAN 500 HO 5436715-498,SPORTSMAN,350.00
54658747,USZCZELKA LICZNIKA POLARIS SPORTSMAN 500 HO 2005 - 2010 5412138,SPORTSMAN,50.00
54658751,PLASTIKI OSŁONA ZBIORNIKA KTM SX 83,nadwozie KTM,129.00
54658768,BOCZEK PLASTIK TRIUMPH TIGER 800,nadwozie Triumph,450.00
54658774,LEWA RAMKA LAMPY PRZÓD YAMAHA YFM RAPTOR 700,nadwozie Yamaha,90.00
54658779,OBUDOWA WEWNĘTRZNA LAMPY LEWEJ PRZÓD YAMAHA YFM RAPTOR 660,nadwozie Yamaha,199.00
54658785,OBUDOWA WEWNĘTRZNA LAMPY PRAWEJ PRZÓD YAMAHA YFM RAPTOR 660,nadwozie Yamaha,199.00
54658789,RAMKA ZEWNĘTRZNA LEWA LAMPY PRZÓD YAMAHA YFM RAPTOR 350 700  5TG-84165-01,nadwozie Yamaha,85.01
54692958,RAMKA ZEWNĘTRZNA PRAWA LAMPY PRZÓD YAMAHA YFM RAPTOR 350 700 5TG-84166-01,nadwozie Yamaha,85.00
54692961,RAMKA ZEWNĘTRZNA PRAWA LAMPY PRZÓD YAMAHA YFM RAPTOR 660,nadwozie Yamaha,95.00
54692964,RAMKA ZEWNĘTRZNA LEWA LAMPY PRZÓD YAMAHA YFM RAPTOR 660,nadwozie Yamaha,95.01
55271027,DŹWIGNIA KLAMKA HAMULCA KTM SX SXF EXC,Układ hamulcowy - KTM,99.00
55271030,BENDIX SPRZĘGŁO ROZRUSZNIKA ARCTIC CAT 550,Arctic Cat,590.00
55271033,OSŁONA GUMOWA KLAMKI SPRZĘGŁA BREMBO KTM SXF EXC,nadwozie KTM,75.01
55271035,ROTOR POMPY OLEJU KTM 450 SXF EXC 505 SX,nadwozie KTM,179.00
55271036,ŚRUBA REGULUJĄCA KLAMKĘ BREMBO KTM SX SXF EXC,nadwozie KTM,79.00
55365616,FELGA TYŁ 10x8.5AT KAWASAKI KFX 700 41025-0066,KFX 700,390.00
55365620,BOCZEK OWIEWKA LEWY PRZÓD HONDA CBR 250 R 64430-KPP-T000,Honda,399.00
55365629,OWIEWKA OGON LEWA STRONA HONDA CBR 250 R 83700-KPP-T000,Honda,299.00
55365632,OGON PLASTIK PRAWY TYŁ HONDA CBR 250 R  83600-KPP-T000,Honda,250.00
55365636,OWIEWKA PLASTIK LEWA HONDA CBR 250 R 64220-KPP-T000,Honda,290.00
55365640,OWIEWKA PLASTIK PRAWA HONDA CBR 250 R 64210-KPP-T000,Honda,299.00
55365644,SZYBA OWIEWKA HONDA CBR 250 R  64250-KYJ-9000,Honda,350.00
63451570,FILTR POWIETRZA HFF 5012 HIFLOFILTRO,Filtry powietrza,67.50
63451574,FILTR POWIETRZA HFF 5014 HIFLOFILTRO,Filtry powietrza,67.50
63451577,FILTR POWIETRZA HFF4025 HIFLOFILTRO,Filtry powietrza,71.80
63451583,FILTR POWIETRZA HFF3022 HIFLOFILTRO Suzuki LTZ 400,Filtry powietrza,67.50
63451586,FILTR POWIETRZA HFA1004DS HIFLOFILTRO,Filtry powietrza,28.91
63451591,FILTR POWIETRZA HFA1005DS HIFLOFILTRO,Filtry powietrza,25.90
63451600,FILTR POWIETRZA HFA1007 HIFLOFILTRO,Filtry powietrza,45.90
63451603,FILTR POWIETRZA HFA1104 HIFLOFILTRO,Filtry powietrza,122.80
63451606,FILTR POWIETRZA HFA1112 HIFLOFILTRO,Filtry powietrza,27.50
63451611,FILTR POWIETRZA HFA1113 HIFLOFILTRO,Filtry powietrza,58.40
63451616,FILTR POWIETRZA HFA1114 HIFLOFILTRO,Filtry powietrza,41.80
63459249,FILTR POWIETRZA HFA6302 HIFLOFILTRO,Filtry powietrza,49.80
63459254,FILTR POWIETRZA HFF 3023 HIFLOFILTRO,Filtry powietrza,67.50
63459263,FILTR POWIETRZA HFA1115 HIFLOFILTRO,Filtry powietrza,74.80
63459268,FILTR POWIETRZA HFA1117 HIFLOFILTRO,Filtry powietrza,35.60
63459281,FILTR POWIETRZA HFA1121 HIFLOFILTRO,Filtry powietrza,37.90
63459290,FILTR POWIETRZA HFA1126 HIFLOFILTRO,Filtry powietrza,60.90
63459299,FILTR POWIETRZA HFA1127 HIFLOFILTRO,Filtry powietrza,33.70
63459303,FILTR POWIETRZA HFA1202 HIFLOFILTRO,Filtry powietrza,56.80
63459311,FILTR POWIETRZA HFA1203 HIFLOFILTRO,Filtry powietrza,119.80
63459314,FILTR POWIETRZA HFA1204 HIFLOFILTRO,Filtry powietrza,103.80
63459324,FILTR POWIETRZA HFA1933 HIFLOFILTRO,Filtry powietrza,79.80
63459328,FILTR POWIETRZA HFA1934 HIFLOFILTRO,Filtry powietrza,79.80
63459335,FILTR POWIETRZA HFF1011 HIFLOFILTRO,Filtry powietrza,67.50
63465118,FILTR POWIETRZA HFF1012 HIFLOFILTRO,Filtry powietrza,67.50
63465127,FILTR POWIETRZA HFF1013 HIFLOFILTRO,Filtry powietrza,67.50
63465137,FILTR POWIETRZA HFF1014 HIFLOFILTRO,Filtry powietrza,67.50
63465145,FILTR POWIETRZA HFF1015 HIFLOFILTRO,Filtry powietrza,65.90
63465151,FILTR POWIETRZA HFF1016 HIFLOFILTRO,Filtry powietrza,67.50
63465161,FILTR POWIETRZA HFF1017 HIFLOFILTRO,Filtry powietrza,65.90
63465168,FILTR POWIETRZA HFF1018 HIFLOFILTRO,Filtry powietrza,67.50
63465179,FILTR POWIETRZA HFF1019 HIFLOFILTRO,Filtry powietrza,65.90
63465187,FILTR POWIETRZA HFF1020 HIFLOFILTRO,Filtry powietrza,65.90
63465195,FILTR POWIETRZA HFF1021 HIFLOFILTRO,Filtry powietrza,65.90
63465202,FILTR POWIETRZA HFF1022 HIFLOFILRTO,Filtry powietrza,67.50
63465209,FILTR POWIETRZA HFF1023 HIFLOFILTRO,Filtry powietrza,99.80
63465217,FILTR POWIETRZA HFF1024 HIFLOFILTRO,Filtry powietrza,96.80
63465224,FILTR POWIETRZA HFF1025 HIFLOFILTRO,Filtry powietrza,67.50
63465233,FILTR POWIETRZA HFF1026 HIFLOFILTRO,Filtry powietrza,65.90
63470139,FILTR POWIETRZA HFF1027 HIFLOFILTRO,Filtry powietrza,103.50
63470153,FILTR POWIETRZA HFF2011 HIFLOFILTRO,Filtry powietrza,67.50
63470160,FILTR POWIETRZA HFF2012 HIFLOFILTRO,Filtry powietrza,67.50
63470165,FILTR POWIETRZA HFF2013 HIFLOFILTRO,Filtry powietrza,67.50
63470171,FILTR POWIETRZA HFF2014 HIFLOFILTRO,Filtry powietrza,65.90
63470174,FILTR POWIETRZA HFF2015 HIFLOFILTRO,Filtry powietrza,67.50
63470182,FILTR POWIETRZA HFF2016 HIFLOFILTRO,Filtry powietrza,65.90
63470187,FILTR POWIETRZA HFF2017 HIFLOFILTRO,Filtry powietrza,67.50
63470193,FILTR POWIETRZA HFF2018 HIFLOFILTRO,Filtry powietrza,65.90
63470198,FILTR POWIETRZA HFF2019 HIFLOFILTRO,Filtry powietrza,65.90
63470203,FILTR POWIETRZA HFF2020 HIFLOFILTRO,Filtry powietrza,67.50
63470208,FILTR POWIETRZA HFF2021 HIFLOFILTRO,Filtry powietrza,65.90
63470214,FILTR POWIETRZA HFF2022 HIFLOFILTRO,Filtry powietrza,36.49
63477862,FILTR POWIETRZA HFF2026 HIFLOFILTRO,Filtry powietrza,65.90
63477868,FILTR POWIETRZA HFF2027 HIFLOFILTRO,Filtry powietrza,65.90
63477871,FILTR POWIETRZA HFF2028 HIFLOFILTRO,Filtry powietrza,67.50
63477877,FILTR POWIETRZA HFF2029 HIFLOFILTRO,Filtry powietrza,65.90
63477880,FILTR POWIETRZA HFF2023 HIFLOFILTRO,Filtry powietrza,67.50
63477882,FILTR POWIETRZA HFF2024 HIFLOFILTRO,Filtry powietrza,67.50
63477888,FILTR POWIETRZA HFF2025 HIFLOFILTRO,Filtry powietrza,65.90
63477889,FILTR POWIETRZA HFF2030 HIFLOFILTRO,Filtry powietrza,67.50
63477895,FILTR POWIETRZA HFF3011 HIFLOFILTRO,Filtry powietrza,67.50
63477897,FILTR POWIETRZA HFF3012 HIFLOFILTRO,Filtry powietrza,67.50
63477903,FILTR POWIETRZA HFF3013 HIFLOFILTRO,Filtry powietrza,67.50
63477905,FILTR POWIETRZA HFF3014 HIFLOFILTRO,Filtry powietrza,67.50
63477908,FILTR POWIETRZA HFF3015 HIFLOFILTRO,Filtry powietrza,67.50
63477913,FILTR POWIETRZA HFF3016 HIFLOFILTRO,Filtry powietrza,65.90
63477917,FILTR POWIETRZA HFF3017 HIFLOFILTRO,Filtry powietrza,65.90
63481822,FILTR POWIETRZA HFF3018 HIFLOFILTRO,Filtry powietrza,65.90
63481827,FILTR POWIETRZA HFF3019 HIFLOFILTRO,Filtry powietrza,65.90
63481835,FILTR POWIETRZA HFF3020 HIFLOFILTRO,Filtry powietrza,67.50
63481839,FILTR POWIETRZA HFF3021 HIFLOFILTRO,Filtry powietrza,63.90
63481845,FILTR POWIETRZA HFF3024 HIFLOFILTRO,Filtry powietrza,67.50
63481851,FILTR POWIETRZA HFF3025 HIFLOFILTRO,Filtry powietrza,67.50
63481855,FILTR POWIETRZA HFF3026 HIFLOFILTRO,Filtry powietrza,65.90
63481862,FILTR POWIETRZA HFF4012 HIFLOFILTRO,Filtry powietrza,67.50
63481866,FILTR POWIETRZA HFF4013 HIFLOFILTRO,Filtry powietrza,65.90
63481871,FILTR POWIETRZA HFF4014 HIFLOFILTRO,Filtry powietrza,67.50
63481876,FILTR POWIETRZA HFF4015 HIFLOFILTRO,Filtry powietrza,67.50
63481882,FILTR POWIETRZA HFF4016 HIFLOFILTRO,Filtry powietrza,63.80
63481887,FILTR POWIETRZA HFF4017 HIFLOFILTRO,Filtry powietrza,67.50
63481892,FILTR POWIETRZA HFF4018 HIFLOFILTRO,Filtry powietrza,65.90
63481898,FILTR POWIETRZA HFF4019 HIFLOFILTRO,Filtry powietrza,54.89
63488388,FILTR POWIETRZA HFF5013 HIFLOFILTRO,Filtry powietrza,67.50
63488390,FILTR POWIETRZA HFF5015 HIFLOFILTRO,Filtry powietrza,67.50
63488397,FILTR POWIETRZA HFF5016 HIFLOFILTRO,Filtry powietrza,67.50
63488401,FILTR POWIETRZA  HIFLOFILTRO HFF4024 RAPTOR,Filtry powietrza,67.50
63488407,FILTR POWIETRZA HFF4026 HIFLOFILTRO Yamaha Grizzly 700,Filtry powietrza,36.49
63488411,FILTR POWIETRZA HFF4020 HIFLOFILTRO,Filtry powietrza,67.50
63488419,FILTR POWIETRZA HFF4022 HIFLOFILTRO HFF4022 YAMAHA YFZ 450 2004-2019,Filtry powietrza,65.90
63488424,FILTR POWIETRZA HFF4023  HIFLOFILTRO,Filtry powietrza,65.90
63488430,FILTR POWIETRZA HFF4027 HIFLOFILTRO YAMAHA YFM 250 RAPTOR 08-13,Filtry powietrza,65.90
63488435,"FILTR POWIETRZA HFF4028 HIFLOFILTRO YAMAHA  Grizzly 450 , 350",Filtry powietrza,52.80
63488439,FILTR POWIETRZA HFF4030 HIFLOFILTRO,Filtry powietrza,67.50
63488443,FILTR POWIETRZA HFF5011 HIFLOFILTRO,Filtry powietrza,68.50
63488454,FILTR POWIETRZA HFF5014 HIFLOFILTRO,Filtry powietrza,67.50
63492488,FILTR POWIETRZA HFF5017 HIFLOFILTRO,Filtry powietrza,65.90
63492504,FILTR POWIETRZA HFF5020 HIFLOFILTRO,Filtry powietrza,67.50
63492510,"FILTR POWIETRZA HFF7011 HIFLOFILTRO Polaris Sportsmen  400 , 500 , 800, 1000",Filtry powietrza,114.80
63492517,OSŁONA ZEWNĘTRZNA FILTRA POWIETRZA HFF4029 HIFLOFILTRO,Filtry powietrza,52.80
63492520,FILTR POWIETRZA HFF6011 HIFLOFILTRO,Filtry powietrza,66.80
63492527,FILTR POWIETRZA HFF6012 HIFLOFILTRO,Filtry powietrza,67.50
63492532,FILTR POWIETRZA HFF6013  HIFLOFILTRO,Filtry powietrza,68.50
63492536,FILTR POWIETRZA HFF6111 HIFLOFILTRO,Filtry powietrza,65.90
63492543,FILTR POWIETRZA HFF6112 HIFLOFILTRO,Filtry powietrza,67.50
63492546,OSŁONA ZEWNĘTRZNA FILTRA POWIETRZA HFF7012 HIFLOFILTRO,Filtry powietrza,65.90
63735624,PIAGGIO MP3 500 FELGA PRZÓD,Zawieszenie i Koła - Piaggio,579.00
63735628,BAGAŻNIK PRZÓD VESPA GTS CZARNY MAT,nadwozie Vespa,1159.00
63735634,KUFER TYŁ 36L VESPA GTS 125 300,nadwozie Vespa,1799.00
63735643,NÓŻKA STOPKA BOCZNA VESPA PRIMAVERA 4E,nadwozie Vespa,269.00
63735648,PODUSZECZKA KUFRA VESPA PRIMAVERA,nadwozie Vespa,1159.00
63735652,STELAŻ KUFRA VESPA PRIMAVERA,nadwozie Vespa,599.00
63735659,STELAŻ KUFRA VESPA PRIMAVERA,nadwozie Vespa,599.00
63735662,SZYBA OWIEWKA KRÓTKA CZYSTA VESPA PRIMAVERA,nadwozie Vespa,689.00
63735670,SZYBA OWIEWKA KRÓTKA DYMIONA VESPA PRIMAVERA,nadwozie Vespa,689.00
63774573,SZYBA ŚREDNIA CZYSTA VESPA PRIMAVERA,nadwozie Vespa,839.00
63774578,SZYBA OWIEWKA KRÓTKA DYMIONA VESPA GTS 125 - 300,nadwozie Vespa,639.00
63774580,ZESTAW CZARNYCH DODATKÓW VESPA GTS 125 - 300,nadwozie Vespa,918.99
63852165,FILTR OLEJU HF138 HIFLOFILTRO GSX/ GSXR/ SV/ TL/ VZ/ VS/ DL,Filtry oleju,35.00
63852167,FILTR OLEJU HF172C HIFLOFILTRO (CHROMOWANY),Filtry oleju,52.71
63852169,FILTR OLEJU HF565 HILFOFILTRO,Filtry oleju,36.80
63852172,FILTR OLEJU HF972 HIFLOFILTRO,Filtry oleju,11.50
63852174,BAGAŻNIK PRZÓD VESPA GTS CHROM,nadwozie Vespa,1190.00
65229455,FILTR OLEJU HF112 HIFLOFILTRO,Filtry oleju,14.19
65229456,Filtr oleju HF145 Hiflofiltro,Filtry oleju,19.00
65229457,FILTR OLEJU HF152 HIFLOFILTRO RSV 1000/ BOMBARDIER/ CAN-AM (50),Filtry oleju,32.00
65229458,FILTR OLEJU HF171C HIFLOFILTRO (CHROMOWANY),Filtry oleju,53.00
65229459,FILTR OLEJU HF631 HIFLOFILTRO,Filtry oleju,27.90
65229460,FILTR OLEJU HF134 HIFLOFILTRO,Filtry oleju,34.90
65229461,FILTR OLEJU HF143 HIFLOFILRTO,Filtry oleju,32.80
65229462,FILTR OLEJU HF161 HIFLOFILTRO,Filtry oleju,25.90
65229463,FILTR OLEJU HF531 HIFLOFILTRO,Filtry oleju,24.50
65229465,FILTR OLEJU HF199 HIFLOFILTRO,Filtry oleju,36.20
65240846,FILTR OLEJU HF111 HIFLOFILTRO,Filtry oleju,19.50
65240847,FILTR OLEJU HF116 HIFLOFILTRO,Filtry oleju,16.40
65240849,FILTR OLEJU HF133 HIFLOFILTRO,Filtry oleju,23.00
65240851,FILTR OLEJU HF114 HIFLOFILTRO,Filtry oleju,24.90
65240853,FILTR OLEJU HF126 HIFLOFILTRO,Filtry oleju,24.90
65240856,FILTR OLEJU HF136 HIFLOFILTRO,Filtry oleju,20.30
65240857,FILTR OLEJU HF540 HIFLOFILTRO,Filtry oleju,15.81
65240858,FILTR OLEJU HF552 HIFLOFILTRO,Filtry oleju,36.20
65240860,FILTR OLEJU HF125 HIFLOFILTRO,Filtry oleju,23.70
65314882,FILTR OLEJU HF137 HIFLOFILTRO,Filtry oleju,19.30
65314884,FILTR OLEJU HF139 HIFLOFILTRO,Filtry oleju,15.81
65314886,FILTR OLEJU HF140 HIFLOFILTRO,Filtry oleju,21.30
65314887,FILTR OLEJU HF141 HIFLOFILTRO,Filtry oleju,20.00
65314888,FILTR OLEJU HF142 HIFLOFILTRO,Filtry oleju,33.20
65314891,FILTR OLEJU HF144 HIFLOFILTRO,Filtry oleju,18.70
65314892,FILTR OLEJU HF146 HIFLOFILTRO,Filtry oleju,32.80
65314895,FILTR OLEJU HF147 HIFLOFILTRO,Filtry oleju,33.30
65314896,FILTR OLEJU HF148 HIFLOFILTRO,Filtry oleju,37.90
65314898,FILTR OLEJU HF151 HIFLOFILTRO,Filtry oleju,25.30
65755104,FILTR OLEJU HF153 HIFLOFILTRO,Filtry oleju,36.20
65755106,FILTR OLEJU HF154 HIFLOFILTRO,Filtry oleju,24.30
65755110,FILTR OLEJU HF155 HIFLOFILTRO,Filtry oleju,22.50
65755112,FILTR OLEJU HF157 HIFLOFILTRO,Filtry oleju,22.60
65755115,FILTR OLEJU HF159 HIFLOFILTRO,Filtry oleju,29.90
65789931,FILTR OLEJU HF171 HIFLOFILTRO ( ZASTĄPIONY PRZEZ HF171B ),Filtry oleju,42.80
65789935,FILTR OLEJU HF160 HIFLOFILTRO,Filtry oleju,40.50
65789937,FILTR OLEJU HF164 HIFLOFILTRO,Filtry oleju,38.95
65789941,FILTR OLEJU HF165 HIFLOFILTRO,Filtry oleju,39.00
65789944,FILTR OLEJU HF167 HIFLOFILTRO,Filtry oleju,14.00
65789947,FILTR OLEJU HF168 HIFLOFILTRO,Filtry oleju,16.00
65789950,FILTR OLEJU HF169 HIFLOFILTRO,Filtry oleju,17.00
65789953,FILTR OLEJU HF170 HIFLOFILTRO,Filtry oleju,35.00
65789956,FILTR OLEJU HF173C HIFLOFILTRO (CHROMOWANY),Filtry oleju,69.80
65789959,FILTR OLEJU HF175 HIFLOFILTRO,Filtry oleju,31.21
65789962,FILTR OLEJU HF177 HIFLOFILTRO,Filtry oleju,35.20
65789965,FILTR OLEJU HF178 HIFLOFILTRO,Filtry oleju,49.50
65789968,FILTR OLEJU HF182 HIFLOFILTRO,Filtry oleju,15.20
65792315,FILTR OLEJU HF184 HIFLOFILTRO,Filtry oleju,24.90
65841135,FILTR OLEJU HF202 HIFLOFILTRO,Filtry oleju,34.50
65841143,FILTR OLEJU HF303 HIFLOFILTRO,Filtry oleju,37.00
65841149,FILTR OLEJU HF401 HIFLOFILTRO,Filtry oleju,22.10
65841154,FILTR OLEJU HF186 HIFLOFILTRO,Filtry oleju,17.50
65841158,FILTR OLEJU HF191 HIFLOFILTRO,Filtry oleju,37.50
65841163,FILTR OLEJU HF192 HIFLOFILTRO,Filtry oleju,25.01
65841166,FILTR OLEJU HF196 HIFLOFILTRO,Filtry oleju,41.50
65841172,FILTR OLEJU HF197 HIFLOFILTRO,Filtry oleju,38.50
65841175,FILTR OLEJU HF207 HIFLOFILTRO,Filtry oleju,20.50
65841181,FILTR OLEJU HF551 HIFLOFILTRO,Filtry oleju,42.00
65841185,FILTR OLEJU HF553 HIFLOFILTRO,Filtry oleju,41.00
65841191,FILTR OLEJU HF554 HIFLOFILTRO,Filtry oleju,42.00
65841196,FILTR OLEJU HF557 HIFLOFILTRO,Filtry oleju,39.50
65841200,FILTR OLEJU HF198 HIFLOFILTRO,Filtry oleju,47.00
65960411,FILTR OLEJU HF621 HIFLOFILTRO,Filtry oleju,46.00
65960415,FILTR OLEJU HF559 HIFLOFILTRO,Filtry oleju,20.00
65960418,FILTR OLEJU HF560 HIFLOFILTRO,Filtry oleju,22.00
65960422,FILTR OLEJU HF561 HIFLOFILTRO,Filtry oleju,20.00
65960426,FILTR OLEJU HF562 HIFLOFILTRO,Filtry oleju,19.50
65960429,FILTR OLEJU HF563 HIFLOFILTRO,Filtry oleju,35.01
65960432,FILTR OLEJU HF564 HIFLOFILTRO,Filtry oleju,37.50
65960435,FILTR OLEJU HF566 HIFLOFILTRO,Filtry oleju,17.50
65960440,FILTR OLEJU HF567 HIFLOFILTRO,Filtry oleju,52.50
65960444,FILTR OLEJU HF568 HIFLOFILTRO,Filtry oleju,17.50
65960448,FILTR OLEJU HF569 HIFLOFILTRO,Filtry oleju,50.50
65960451,FILTR OLEJU HF575 HIFLOFILTRO,Filtry oleju,32.50
65960457,FILTR OLEJU HF611 HIFLOFILTRO,Filtry oleju,27.00
65960460,FILTR OLEJU HF650 HIFLOFILTRO,Filtry oleju,31.70
65968472,FILTR OLEJU HF651 HIFLOFILTRO,Filtry oleju,36.00
70536169,FILTR OLEJU HF652 HIFLOFILTRO KTM EXC SXF 350/ 400/ 450/ 503/ 530,Filtry oleju,25.00
70536170,FILTR OLEJU HF118 HILFOFILTRO,Filtry oleju,19.40
70536171,FILTR OLEJU HF123 HILFOFILTRO,Filtry oleju,17.20
70536172,FILTR OLEJU HF129 HIFLOFILTRO,Filtry oleju,34.80
70536173,FILTR OLEJU HF181 HIFLOHILTRO,Filtry oleju,11.00
70536174,FILTR OLEJU HF681 HIFLOFILTRO,Filtry oleju,26.00
70536176,FILTR OLEJU HF750 HIFLOFILTRO,Filtry oleju,43.00
70536177,FILTR OLEJU HF895 HIFLOFILTRO,Filtry oleju,27.00
70536178,FILTR OLEJU HF951 HIFLOFILTRO,Filtry oleju,31.00
70536179,FILTR OLEJU HF971 HIFLOFILTRO,Filtry oleju,13.51
70536181,FILTR OLEJU HF975 HIFLOFILTRO,Filtry oleju,31.00
70536182,FILTR OLEJU HF981 HIFLOFILTRO,Filtry oleju,19.50
70536183,FILTR OLEJU HF655 HIFLOFILTRO,Filtry oleju,27.00
70538359,FILTR OLEJU HF124RC HILFOFILTRO,Filtry oleju,50.29
70538360,FILTR OLEJU HF682 HILFOFILTRO,Filtry oleju,36.30
70538361,FILTR OLEJU HF896 HILFOFILTRO,Filtry oleju,39.80
86307586,Nadkola poszerzenia błotników CF MOTO 450 520 MP0239,nadwozie CF MOTO,699.00
87687351,Wyciągarka COMEUP Cub 4 lina stalowa,NADWOZIE,2083.00
87687352,Wyciągarka COMEUP Cub 4s lina syntetyczna,NADWOZIE,2412.00
87687355,Wyciągarka COMEUP Cub 3s lina syntetyczna,NADWOZIE,1855.00
88645348,Kufer GKA Tesseract tylny Polaris Scrambler 010_092 QUAD ATV,Kufry Bagaże Pokrowce,1388.00
88645349,"Kanister kufra GKA C405 7,5L czarny",Kufry Bagaże Pokrowce,337.00
88645351,Kufer GKA tesseract tylny TGB Blade 1000,NADWOZIE,1496.00
88645352,Kanister kufra GKA 10L czerwony Polaris Sportsman Touring 570 Kymco MXU 700,Kufry Bagaże Pokrowce,337.00
88645354,Kanister kufra GKA 10L czerwony do TGB Blade 1000,Kufry Bagaże Pokrowce,337.00
88645355,"Kanister kufra GKA 12,5L czerwony Polaris High lifter 850 1000",Kufry Bagaże Pokrowce,394.00
88645356,Kanister kufra GKA 15L czarny Polaris RZR 1000,Kufry Bagaże Pokrowce,475.00
88645359,Kanister kufra GKA 5L czerwony Polaris Sportsman Touring 1000,Kufry Bagaże Pokrowce,286.00
88689951,Kufer ATV GKA Tesseract Cfmoto 800 850 1000 X8,Kufry Bagaże Pokrowce,1507.00
88689953,Kufer GKA Tesseract tylny Polaris Sportsman 1000 XP 010_065 QUAD ATV,Kufry Bagaże Pokrowce,1810.00
88689959,Kufer GKA tesseract tylny Polaris RZR 1000,Kufry Bagaże Pokrowce,1728.00
88689961,Kufer GKA Tesseract tylny Polaris RZR 570 010_061 QUAD UTV,Kufry Bagaże Pokrowce,1728.00
88791888,Relokator chłodnicy bez snorkli Cfmoto cforce 625,UKŁAD CHŁODZENIA,1450.00
88791899,Zderzak przedni bumper Can-am outlander G2 2012-2021,NADWOZIE,904.00
88791901,Podniesienie chłodnicy relokator ze snorklami Can-am Outlander 500 800 1000 G2,NADWOZIE,2184.00
88853830,Zderzak przedni Yamaha Grizzly 700 2016-2020,NADWOZIE,1092.00
88853832,Osłony spodu aluminiowe CF Moto CForce 800 820LE od 2011 40.3704V2,NADWOZIE,1334.00
88853835,Mocowanie lampy led do relokatora can-am Outlander XMR,NADWOZIE,114.00
88853837,Poszerzenia błotników CF Moto 500 500-2A 2008-2014,NADWOZIE,347.00
88853839,Poszerzenia błotników Stels guepard 650 800 850 od 2014,NADWOZIE,347.00
88853842,Podniesienie chłodnicy relokator CF Moto CForce 625 2019-2021,NADWOZIE,747.00
88853844,Zderzak tylny bumper CF Moto CForce 625 2019-2021,NADWOZIE,521.00
88853847,Osłony spodu aluminiowe CF Moto CForce 625 długi 2019-2021,NADWOZIE,1323.00
88853849,Podniesienie chłodnicy relokator Can-am Outlander 500 650 800 1000 G2,NADWOZIE,689.00
88853852,Podniesienie chłodnicy relokator Yamaha Grizzly 550 700 2016->,NADWOZIE,632.00
89850233,Poszerzenia błotników Yamaha Grizzly 550 700,NADWOZIE,559.99
89850237,Zderzak tylny CF Moto 400 450 520 2017->,NADWOZIE,413.00
92567530,Obudowy lamp przednich Yamaha Raptor 250 350 700 YFZ 450R,NADWOZIE,197.00
92567542,Zestaw sprzęgłowy tarcze przekładki sprężyny Yamaha Raptor 700,NADWOZIE,331.00
92567546,Przełącznik zespolony lewy Yamaha Raptor YFM 700 YFZ450R 1S3-83973-11-00,NADWOZIE,220.00
92567551,Osłony amortyzatorów skarpety Yamaha Raptor 700 QUAD ATV,NADWOZIE,169.00
92567555,Osłony amortyzatorów skarpety Yamaha Raptor 700 QUAD ATV,NADWOZIE,169.00
92567570,Osłony amortyzatorów skarpety Yamaha Raptor 700 QUAD ATV,NADWOZIE,169.00
92567579,Amortyzator przedni Yamaha Raptor 700,NADWOZIE,447.00
92611752,Oś tylna Yamaha Raptor 700 QUAD ATV,NADWOZIE,637.00
92611754,Amortyzator przedni Yamaha Raptor 700,NADWOZIE,394.00
92611756,Tarcza hamulcowa przednia Yamaha Raptor 700,NADWOZIE,157.00
92611759,Felga aluminiowa Yamaha Raptor 700,Felgi,545.00
92980507,Czujnik ciśnienia w przepustnicy Yamaha Raptor 700,NADWOZIE,289.00
92980515,Czujnik temperatury Yamaha Raptor 700 5VU-85886-00,NADWOZIE,61.00
92980516,Klocki hamulcowe lewa strona Kawasaki KVF 750 Suzuki LTR 450 Yamaha Raptor 700 YFZ 450 FA165R DB2340,NADWOZIE,65.00
92980518,Klocki hamulcowe prawa strona Kawasaki KVF 750 Suzuki LTR 450 Yamaha Raptor 700 YFZ 450 FA135RX DB2200,NADWOZIE,65.00
92980520,KOŃCÓWKI (GAŁKI) DRĄŻKA KIEROWNICZEGO YAMAHA RAPTOR 700,NADWOZIE,199.80
92980521,Komplet uszczelek silnika Yamaha Raptor 700,NADWOZIE,301.00
92980523,Panewki kolumny kierowniczej Yamaha Raptor 700,NADWOZIE,57.00
92980524,Filtr powietrza Yamaha Raptor 700 HFF4025,NADWOZIE,46.00
92980528,Uszczelniacze zacisku hamulcowego przedniego Yamaha Raptor 700,NADWOZIE,34.00
92980530,Pompa paliwa kompletna Yamaha Raptor 700,NADWOZIE,382.00
93046931,Zestaw sprzęgłowy tarcze sprzęgłowe przekładki sprężyny Yamaha Raptor 700,NADWOZIE,250.00
93046933,Zestaw naprawczy wahacza Yamaha Raptor 700,NADWOZIE,197.00
93046934,Zestaw naprawczy wahacza Yamaha Raptor 700,NADWOZIE,319.50
93046936,Felga aluminiowa 9x8 4/115 3+5 tylna 4mm,NADWOZIE,389.00
93046937,Uszczelniacz pompy wody Yamaha Kodiak 400 450 Grizzly 400 450,NADWOZIE,92.00
93046944,Zestaw naprawczy pompy hamulcowej Yamaha Raptor 700,NADWOZIE,46.00
93046945,Felga aluminiowa XTP AR112 10x5 4/156 Yamaha Raptor 250 350 660 700 YFZ450,Felgi,319.00
93046947,Filtr oleju HF145 Yamaha Raptor 700,Filtry,14.00
93146820,Zestaw naprawczy wahacza przód góra Yamaha Raptor 700 YFZ 450 50-1005,NADWOZIE,96.00
93146827,Uzwojenie alternatora stator Yamaha Raptor 700,NADWOZIE,359.00
93146831,Króciec ssący Yamaha Raptor 700,NADWOZIE,64.00
93146834,Osłony amortyzatorów skarpety Yamaha Raptor 700 QUAD ATV,NADWOZIE,169.00
93146837,Osłony amortyzatorów skarpety Yamaha Raptor 700 QUAD ATV,NADWOZIE,169.00
93146841,Felga aluminiowa 10x5 4/156 3+2 przednia 4mm,Felgi,389.00
93146847,Felga aluminiowa 10x5 4/156 3+2 przednia Beadlock,Felgi,482.00
93642128,Felga aluminiowa 9x8 4/115 3+5 tylna 4mm,Felgi,405.00
93642130,ŁOŻYSKA KOŁA TYLNEGO Z USZCZELNIACZAMI YAMAHA RAPTOR 700,NADWOZIE,326.50
93642133,Łożysko tylnej osi Yamaha Raptor 700 QUAD UTV,NADWOZIE,82.00
93642138,Stacyjka Yamaha Raptor 350 660 700 Grizzly 125 350 Bruin Breeze Warrior Wolverine 5LP-82510-00-00,NADWOZIE,57.00
93642146,Wtryskiwacz wtrysk paliwa Yamaha Raptor 700 5VK-13761-00-00,NADWOZIE,285.00
93642150,Rozrusznik Yamaha Raptor 700 Rhino 700 Grizzly 700 Viking 1S3-81890-00-00,NADWOZIE,377.00
93642152,Komplet uszczelek silnika Yamaha Raptor 700,NADWOZIE,266.00
93642155,Pompa paliwa Yamaha Grizzly 700  Yamaha Raptor 700,NADWOZIE,185.00
93642157,Sworzeń kulisty zwrotnicy dolny Yamaha Raptor 660 700 górny Grizzly 700 5LP-23579-00-00 42-1029,NADWOZIE,84.00
93706251,Chłodnica Yamaha Raptor 700,UKŁAD CHŁODZENIA,626.00
93706254,Chłodnica Yamaha Raptor 700 - nowy poprawiony model,UKŁAD CHŁODZENIA,661.00
93706258,Czujnik temperatury cieczy Yamaha Grizzly Raptor 550 700 YFZ 450 Rhino 700,NADWOZIE,53.00
93706262,Zestaw naprawczy wahacza przedniego Yamaha Raptor 700,NADWOZIE,242.49
93706264,Prowadnica łańcucha Yamaha Raptor 700,NADWOZIE,76.00
93706266,Dystanse tył rozstaw otworów 4/115 30mm Yamaha Arctis Cat,NADWOZIE,243.00
93706270,Dystanse tył rozstaw otworów 4/115 30mm  Yamaha,NADWOZIE,250.00
93760713,Dystanse przód 4/156 30mm gwint 1.25 Yamaha Polaris,NADWOZIE,301.00
93760720,Dystanse przód rozstaw otworów 4/156 30mm gwint M10x1.25 Yamaha Polaris,NADWOZIE,313.00
94730581,Dystanse przód   4/156 40mm gwint 1.25 Yamaha Polaris,NADWOZIE,331.00
94730584,Dystanse przód rozstaw otworów 4/156 45mm gwint M10x1.25 Yamaha Polaris,NADWOZIE,359.00
94730593,Osadzenie łożysk mimośród Yamaha Raptor 700 QUAD ATV,NADWOZIE,521.00
94730600,Tarcza hamulcowa tył Yamaha Raptor 700,NADWOZIE,157.00
94730606,ZESTAW NAPRAWCZY ŁĄCZNIKA (PRZEGUBU) WAHACZA YAMAHA RAPTOR 700,NADWOZIE,406.00
94893835,Kosz sprzęgłowy Yamaha Raptor 660,NADWOZIE,343.00
94893837,Wentylator chłodnicy Yamaha Raptor 660 QUAD UTV,NADWOZIE,371.00
94893839,Oś tylna Yamaha Raptor 660,NADWOZIE,637.00
94893840,Komplet uszczelek silnika Yamaha Raptor 660,NADWOZIE,301.00
94893841,Amortyzator przedni Yamaha Raptor 660,NADWOZIE,435.00
94893850,Klocki hamulcowe Suzuki LTZ 400 Yamaha Raptor Grizzly 660 FA84R DB2070,NADWOZIE,65.00
94893851,Uszczelka pod pokrywę sprzęgła Yamaha Raptor 660,NADWOZIE,27.00
94893852,Uszczelka pod pokrywę alternatora Yamaha Raptor 660,NADWOZIE,39.00
94979338,Filtr powietrza Yamaha Raptor 660,NADWOZIE,46.00
94979344,Gaźnik Yamaha Raptor 660,NADWOZIE,377.00
94979347,Pompa hamulcowa Yamaha Raptor 660,NADWOZIE,127.00
94979350,Osadzenie łożysk mimośród Yamaha Raptor 660,NADWOZIE,505.00
94979356,Oś tylna Yamaha Raptor 660,NADWOZIE,661.00
94979358,Wahacz przedni górny lewy Yamaha Raptor 660,NADWOZIE,447.00
95045925,Filtr oleju HF147,Filtry,24.00
95045940,Zestaw naprawczy wahacza przedniego górnego Yamaha Raptor 660,NADWOZIE,146.51
98573235,Filtr powietrza HFF4024 Yamaha Grizzly 660 Raptor 350 1UY-14451-00-00,Filtry,75.00
98573242,Zacisk hamulcowy tylny Yamaha Raptor 660,NADWOZIE,231.00
98573243,Regulator napięcia Yamaha Grizzly 660 Raptor 660 700 Kodiak YFZ450 Suzuki,NADWOZIE,243.00
98573245,Przekaźnik rozrusznika Yamaha Raptor 660,NADWOZIE,53.00
98573246,Uszczelki na górę silnika Yamaha Raptor 660,NADWOZIE,185.00
98616217,Chłodnica Yamaha Raptor 660,UKŁAD CHŁODZENIA,661.00
98616220,Rozrusznik Yamaha Raptor 660,NADWOZIE,313.00
98616222,Zestaw naprawczy wahacza dolnego Yamaha Raptor 250 350 660 700 BLASTER YFZ450R 50-1009,NADWOZIE,169.00
98644281,Tarcza hamulcowa TYŁ Yamaha Raptor 660,NADWOZIE,150.00
98669789,Napinacz łańcuszka rozrządu yamaha grizzly kodiak 350 400 450 31G-12210-01-00,NADWOZIE,195.00
98669792,Tarcza hamulcowa tylna Yamaha Raptor 350,NADWOZIE,157.00
98669797,Łożyska kolumny kierowniczej Yamaha Raptor 350,NADWOZIE,76.00
98669798,Śruba tarczy hamulcowej quady Yamaha Grizzly Rhino Raptor 90109-08087-00,NADWOZIE,16.00
98669799,Koło zębate rozrusznika Yamaha Raptor 350,NADWOZIE,266.00
98763422,Uzwojenie alternatora stator Yamaha Raptor 350,NADWOZIE,289.00
98763423,Tłoczek zacisku hamulcowego z uszczelniaczami przód Yamaha Grizzly 450 660 3GD-W0057-00-00,NADWOZIE,57.00
98763430,ŁOŻYSKA KOŁA TYLNEGO Z USZCZELNIACZAMI YAMAHA RAPTOR 660,NADWOZIE,121.00
98794830,Cewka zapłonowa z fajka prostą Yamaha Grizzly Kodiak 400 450 660 3KJ-82310-10-00,NADWOZIE,56.00
98794832,Rozrusznik Yamaha Raptor 350,NADWOZIE,243.00
98959529,Osadzenie łożysk mimośród Yamaha Raptor 250 QUAD ATV,NADWOZIE,485.00
98959536,Filtr powietrza Yamaha Raptor 250,NADWOZIE,62.00
98959540,ŁOŻYSKO KOLUMNY KIEROWNICZEJ DOLNE YAMAHA RAPTOR 250,NADWOZIE,57.00
101487005,Przełącznik zespolony lewy Yamaha YFZ450 Raptor Grizzly 125 4KB-83973-21-00,NADWOZIE,347.00
101664982,Rozrusznik Yamaha Raptor 250,NADWOZIE,231.00
101664986,Tłoczek zacisku hamulcowego z uszczelniaczami przód Yamaha Raptor 250,NADWOZIE,69.00
101665021,Klocki hamulcowe Suzuki LTZ 400 Yamaha Raptor Grizzly 660 FA84RX DB2070,NADWOZIE,64.00
101665027,Klocki hamulcowe Yamaha YFM 350 400 450 Suzuki LTA LTF 400 Kawasaki KVF 360 400 FA54RX DB2020,NADWOZIE,64.00
101700579,"Przełącznik zespolony lewy Yamaha YFZ450 5TG-83973-00-00, 5TG-83973-09-00",NADWOZIE,220.00
101700583,Wentylator chłodnicy Yamaha YFZ450,NADWOZIE,371.00
101700591,Przednie lampy led z podświetleniem Yamaha YFZ450,NADWOZIE,1034.00
101700595,Wirnik pompy oleju Yamaha YFZ450,NADWOZIE,197.00
101700600,Oś tylna Yamaha YFZ450 5D3-25381-00-00,NADWOZIE,719.00
101746205,Osadzenie łożysk mimośród Yamaha YFZ450 QUAD ATV,NADWOZIE,498.00
101746217,Rozrusznik Yamaha YFZ450,NADWOZIE,266.00
101746221,Cewka zapłonowa Yamaha YFZ450,NADWOZIE,231.00
107456789,Łożysko tylnej osi Yamaha YFZ450,NADWOZIE,81.00
107456811,"Czujnik temperatury cieczy Yamaha Viking 700, YXZ 1000 5YP-85790-00",NADWOZIE,53.00
107529858,Dystanse tył  rozstaw otworów 4/115 45mm Yamaha Arctic cat,NADWOZIE,301.00
107529862,Dystanse tył  4/115 40mm Yamaha,NADWOZIE,266.00
107529868,Klocki hamulcowe prawa strona Kawasaki KVF 750 Suzuki LTR 450 Yamaha Raptor 700 YFZ 450,NADWOZIE,64.00
107529870,Klocki hamulcowe lewa strona Kawasaki KVF 750 Suzuki LTR 450 Yamaha Raptor 700 YFZ 450,NADWOZIE,64.00
108406243,Czujnik TPS położenia przepustnicy Yamaha YFZ450R,NADWOZIE,289.00
108406248,Chłodnica Yamaha YFZ450R 2014-2018  QUAD UTV,NADWOZIE,742.00
108406251,Stacyjka Yamaha Raptor 700 YFZ 450 R 2009-2017 4SH-82510-00-00,NADWOZIE,69.00
108406260,Osadzenie łożysk mimośród yamaha YFZ450 YFZ450R 5TG-25311-21-00 QUAD ATV,NADWOZIE,485.00
108506401,Zacisk hamulcowy tylny prawy Yamaha Grizzly 550 700 3B4-2580W-11-00,NADWOZIE,266.00
108506402,Zacisk hamulcowy tylny lewy Yamaha Grizzly 550 700 3B4-2580V-00-00,NADWOZIE,266.00
108506405,Zacisk hamulcowy przedni prawy Yamaha Grizzly 550 700 3B4-2580U-02-00,NADWOZIE,266.00
108506406,Zacisk hamulcowy przedni lewy Yamaha Grizzly 550 700 Kodiak 700 3B4-2580T-02-00,NADWOZIE,266.00
108506409,Pasek napędowy Yamaha Grizzly 660 700,NADWOZIE,783.00
108506411,amortyzator przedni yamaha grizzly 700 2014-21 2UD-F3390-01-00,NADWOZIE,463.00
108506413,Amortyzator tylny Yamaha Grizzly 700,NADWOZIE,463.00
108539982,Przeciw talerz wariatora Yamaha Grizzly 700 3B4-17611-00-00,NADWOZIE,347.00
108539983,Wariator Yamaha Grizzly kodiak 550 700 3B4-17606-00-00,NADWOZIE,649.00
108539984,Sworzeń kulisty zwrotnicy 2 sztuki Yamaha Grizzly 700,NADWOZIE,122.00
108539987,Łącznik stabilizatora prawy Yamaha Grizzly 700,NADWOZIE,122.00
108539988,Łącznik stabilizatora lewy Yamaha Grizzly 700,NADWOZIE,122.00
108539990,Wał korbowy Yamaha Grizzly 700,NADWOZIE,1507.00
108539993,Uszczelka pod pokrywę sprzęgła Yamaha Grizzly Rhino Viking 700 3B4-15463-00,NADWOZIE,31.00
108539994,Panewki kolumny kierowniczej Yamaha Kodiak Grizzly 450 700 2013-2022 1CT-F3812-00-00 1CT-F1957-00-00,NADWOZIE,31.00
110397258,Przegub Yamaha Grizzly 550 700 2007-2020 wewnętrzny tył wzmacniany zielony,NADWOZIE,313.00
110397264,Drążek kierowniczy wzmacniany Yamaha Grizzly 700,NADWOZIE,57.00
110397288,Lampa przednia Yamaha Grizzly 700,NADWOZIE,371.00
110553265,Tuleja stalowa piasty tylnej Yamaha Grizzly 700,NADWOZIE,20.00
110553268,Tuleja piasty tylnej CF Moto 500 800 Yamaha Grizzly 660 700,NADWOZIE,13.00
110553271,Uszczelniacz piasty tylnej CF Moto 500 800 Yamaha Grizzly 660 700,NADWOZIE,13.00
110553275,Wał korbowy Yamaha Grizzly 700,NADWOZIE,1565.00
110553278,Filtr powietrza HFF4026 Yamaha Grizzly 550 700 3B4-14451-00-00 QUAD ATV,NADWOZIE,32.00
110553281,Pompa paliwa kompletna Yamaha Grizzly 700 3B4-13907-00-00 3B4-13907-10-00,NADWOZIE,424.00
110553291,Szczęki sprzęgła mokrego Yamaha Grizzly 550 700,NADWOZIE,470.00
110553297,Rolki wariatora komplet 8 szt (30x15) Yamaha Grizzly 660 700,NADWOZIE,115.00
110553300,Filtr paliwa Yamaha Grizzly 550 700 QUAD UTV,NADWOZIE,31.00
110626897,Felga X-ATV 12x7 offset 3+4 4/110 Yamaha Grizzly 700,NADWOZIE,521.00
110626905,Półoś tył wzmacniana bez przegubów Yamaha Grizzly 550 700 28P-2518E-10-00,NADWOZIE,231.00
110626909,Felga SX-Alloy AR212 12x7 offset 4+3 otwory 4/110 Yamaha Grizzly 700,NADWOZIE,498.00
111524903,Osłony amortyzatorów skarpety Yamaha Grizzly 700 QUAD ATV,NADWOZIE,169.00
111524908,Sworzeń kulisty zwrotnicy Yamaha Grizzly YFM 550 700 3B4-23579-00-00,NADWOZIE,69.00
111524914,Stacyjka Yamaha Grizzly YFM 660 700 3B4-82510-00-00 5KM-82510-00-00 28P-82510-00-00,NADWOZIE,57.00
112275423,Wtryskiwacz wtrysk paliwa Yamaha Grizzly 550 700 YFZ 450 3B4-13761-00-00,NADWOZIE,285.00
112275445,Cewka zapłonowa z fajka Yamaha Grizzly 700 1D7-82310-00-00 1D7-82310-01-00,NADWOZIE,72.00
112275472,Rozrusznik Yamaha Kodiak Grizzly YFM 550 700 28P-81890-00-00 SMU0512 19500N,NADWOZIE,266.00
112276613,Osłony amortyzatorów skarpety Yamaha Grizzly 700 QUAD ATV,NADWOZIE,169.00
112417001,Chłodnica Yamaha Grizzly 700,NADWOZIE,742.00
112417010,Drążek kierowniczy wzmacniany Yamaha Grizzly 660 700 07-13 5KM-23831-00-00,NADWOZIE,57.00
112417028,Tarcza hamulcowa przód Yamaha Grizzly 700,NADWOZIE,127.00
112417035,Tarcza hamulcowa tylna Yamaha Grizzly 700 1HP-F582V-00-00 3B4-2582V-01-00,NADWOZIE,139.00
112572378,Zestaw naprawczy wahacza przód dół góra Yamaha Rhino Grizzly 550 660 700,NADWOZIE,111.00
112572381,Zestaw naprawczy wahacza tylnego Yamaha Kodiak Grizzly 450 550 660 700,NADWOZIE,301.00
112572404,Dystanse X-ATV rozstaw otworów 4/110 30mm nie zrywające szpilek WA11030,NADWOZIE,273.00
112572413,Półoś tył wzmacniana bez przegubów Yamaha Grizzly 700,NADWOZIE,197.00
114578818,Gaźnik Yamaha Grizzly 600 QUAD UTV,NADWOZIE,301.00
114578819,Guma mocowania silnika poduszka Yamaha Grizzly 660 QUAD UTV,NADWOZIE,110.00
114578826,Wahacz przedni dolny lewy Yamaha Grizzly 660,NADWOZIE,579.00
114578828,Sprzęgło wtórne kompletne Yamaha Grizzly 660,NADWOZIE,869.00
114578833,Amortyzator tylny Yamaha Grizzly 660,NADWOZIE,463.00
114578834,Amortyzator przedni Yamaha Grizzly 660,NADWOZIE,463.00
114578838,Dźwignia zmiany biegów Yamaha Kodiak Grizzly 350 400 450 660 5GH-18300-02,NADWOZIE,382.00
114578841,Cewka zapłonowa z fajką odgiętą Yamaha Grizzly 660 QUAD UTV,NADWOZIE,56.00
114620144,Rozrusznik ręczny Yamaha Grizzly Kodiak 350 400 450 660 5UH-15710-00-00,NADWOZIE,281.00
114620146,Łożysko dyferencjału tylnego Yamaha Grizzly 660,NADWOZIE,122.00
114620148,Uszczelka pokrywy paska napędowego Yamaha Grizzly 660,NADWOZIE,115.00
114654483,Amortyzator tylny Yamaha Grizzly 660,NADWOZIE,417.00
114654484,Amortyzator przedni Yamaha Grizzly 660,NADWOZIE,417.00
114654485,Uszczelka pod pokrywę sprzęgła Yamaha Grizzly 660,NADWOZIE,29.00
114654487,Prowadnica łańcucha rozrządu Yamaha Grzizzly 660,NADWOZIE,79.00
114654488,Prowadnica łańcucha rozrządu Yamaha Grizzly 660,NADWOZIE,71.00
114654490,Filtr powietrza Yamaha Grizzly 660,NADWOZIE,53.00
114654494,Jarzmo wału napędowego Yamaha 350 450 660 5KM-46107-00-00,NADWOZIE,220.00
114856720,Gniazdo wału napędowego Yamaha Grizzly 660 QUAD UTV,NADWOZIE,340.00
114856727,Wał napędowy tylny Yamaha Grizzly 660,NADWOZIE,354.00
114856732,Zestaw naprawczy gaźnika Yamaha Grizzly 660,NADWOZIE,76.00
114856735,Uszczelniacz pompy wody Yamaha Kodiak 400 450 Grizzly 660 700 Rhino 11H-12438-10-00,NADWOZIE,92.00
114856737,Wariator Yamaha Grizzly 660 QUAD UTV,NADWOZIE,656.00
114930609,Filtr oleju HF303,NADWOZIE,26.00
114930616,Pompa hamulcowa Yamaha Kodiak Grizzly 400 450 660 5KM-2583V-00-00,NADWOZIE,208.00
114930620,Uszczelniacz dyferencjału przedniego na wał Yamaha Grizzly 450 550 660 700,NADWOZIE,18.00
114930624,Uszczelniacz dyferencjału tylnego Yamaha Grizzly 660,NADWOZIE,18.00
114930627,Zacisk hamulcowy przedni lewy Yamaha Grizzly 660  QUAD ATV,NADWOZIE,208.00
114930629,Zacisk hamulcowy przedni prawy Yamaha Grizzly 660,NADWOZIE,208.00
114930632,Uszczelniacze dyferencjału przedniego Yamaha Grizzly 450 660 700 25-2044-5,NADWOZIE,46.00
114930634,Sworzeń kulisty zwrotnicy dolny Yamaha Grizzly 660,NADWOZIE,84.00
114994447,Półoś tylna lewa Yamaha Grizzly 660,NADWOZIE,452.00
114994455,"Krzyżak wału napędowego Arctic Cat, Suzuki, Yamaha 19-1003-XATV",NADWOZIE,64.00
114994459,Wentylator chłodnicy Yamaha Grizzly 660 QUAD UTV,NADWOZIE,371.00
115832361,"Manszeta guma przegubu przód 19-5007 Honda TRX Kawasaki BruteForce, Grizzly",NADWOZIE,46.00
115832363,Uszczelki na górę silnika top-end Yamaha Grizzly 660,NADWOZIE,185.00
115832365,Chłodnica Yamaha Grizzly 660,NADWOZIE,695.00
115832375,Tarcza hamulcowa przód Yamaha Grizzly 660,NADWOZIE,139.00
116179581,Amortyzator tylny Yamaha Grizzly 550 700 07-13 3B4-22210-00-00,NADWOZIE,463.00
117130895,Łożysko jednokierunkowe Suzuki Kingquad Yamaha Grizzly  Honda TRX,NADWOZIE,139.00
117130900,Klocki hamulcowe Yamaha Grizzly 550 700 tył lewa strona FA445R DB2157 3B4-W0046-00-00,NADWOZIE,65.00
117130902,Klocki hamulcowe Yamaha Grizzly 550 700 tył prawa strona FA446R DB2158 3B4-W0046-10-00,NADWOZIE,65.00
117130903,Klocki hamulcowe Yamaha Grizzly 550 700 przód prawa strona FA444R DB2156 3B4-W0045-10-00,NADWOZIE,65.00
117130904,Klocki hamulcowe Yamaha Grizzly 550 700 przód lewa strona FA443R DB2155 3B4-W0045-00-00,NADWOZIE,65.00
117238323,Przegub zewnętrzny wzmacniany Yamaha Grizzly 550,NADWOZIE,289.00
117350165,Półoś tył lewa prawa wzmacniana Yamaha Grizzly 550,NADWOZIE,579.00
117350169,Manszeta guma przegubu 19-5014 Yamaha Grizzly Kodiak Kawasaki KVF,NADWOZIE,50.00
118019895,Tarcza hamulcowa tylna Yamaha Grizzly 700 1HP-F582V-00-00 3B4-2582V-01-00,NADWOZIE,127.00
118019906,Klocki hamulcowe tył prawa strona Yamaha Grizzly 550 700 FA446RX DB2158,NADWOZIE,64.00
118019914,Zestaw naprawczy wahacza tył Yamaha Kodiak Grizzly 400 450 550 660 700,NADWOZIE,145.00
118019916,Filtr oleju HF204 Yamaha Grizzly 700 Kawasaki KVF 750 QUAD UTV,NADWOZIE,23.00
118073044,Tarcza hamulcowa przednia Yamaha Grizzly 450,NADWOZIE,162.00
118073058,Zacisk hamulcowy tylny Yamaha Grizzly 450,NADWOZIE,336.00
118073062,Zestaw naklejek kolor srebrny Yamaha Grizzly 450 QUAD UTV,NADWOZIE,69.00
118108756,Jarzmo wału napędowego przedniego Yamaha Grizzly 450,NADWOZIE,173.00
118108765,Filtr powietrza HFF4028 Yamaha Grizzly 450,NADWOZIE,34.00
118108770,Jarzmo wału napędowego Yamaha 400 450 5KM-17576-00-00,NADWOZIE,250.00
118108773,Przeciw talerz wariatora Yamaha Grizzly 450,NADWOZIE,405.00
118198512,Łożyska koła przedniego z uszczelniaczami Yamaha Grizzly 450,NADWOZIE,112.00
118198519,Króciec ssący Yamaha Grizzly 450,NADWOZIE,72.00
118198522,ZESTAW NAPRAWCZY WAHACZA PRZEDNIEGO GÓRNEGO DOLNEGO Yamaha Grizzly 450 700,NADWOZIE,163.50
118307364,Wentylator chłodnicy Yamaha Grizzly 450 QUAD UTV,NADWOZIE,371.00
118307368,Stacyjka Yamaha Grizzly 450,NADWOZIE,57.00
118307375,Uzwojenie alternatora Yamaha Grizzly 450 5ND-81410-00-00,NADWOZIE,336.00
118307381,Szkło lampy tylnej Yamaha Grizzly 450,NADWOZIE,87.00
118307383,Rozrusznik Yamaha Grizzly 450 QUAD ATV,NADWOZIE,377.00
122798229,Wariator Polaris Sportsman 570,NADWOZIE,1450.00
122798262,"Klocki hamulcowe tylne Polaris Sportsman 570  2202413, FA354R",NADWOZIE,64.00
122798269,"Klocki hamulcowe Polaris Sportsman 570 DB2179, 2203747, 2205949, FA452R",NADWOZIE,74.00
122798280,Czujnik położenia przepustnicy TPS Polaris Sportsman RZR 570 850 3140173,NADWOZIE,243.00
122891749,Wentylator chłodnicy Polaris Sportsman 570 QUAD UTV,NADWOZIE,371.00
122891754,Zacisk hamulcowy tylny Polaris Sportsman 570,NADWOZIE,289.00
123495613,Zestaw naklejek  QUAD UTV,NADWOZIE,69.00
123495617,Uszczelki na cały silnik Polaris RZR Sportsman 570 808965 8089955 QUAD ATV,NADWOZIE,243.00
123495621,Zestaw naprawczy wahacza przedniego Polaris sportsman 450 570 50-1165,NADWOZIE,108.00
123495624,Zestaw naprawczy wahacza przedniego Polaris Sportsman 570,NADWOZIE,140.00
123495642,Uszczelka pokrywy magneta Polaris Sportsman 570,NADWOZIE,57.00
123576221,Wtyczki wtryskiwaczy paliwa Polaris Sportsman RZR Ranger 2521068,NADWOZIE,57.00
123576225,Zapięcie dolne kufra bagażnika przedniego Polaris Sportsman 570 1000 7081927 7082654,NADWOZIE,69.00
123576229,Przełącznik zespolony lewy Polaris Sportsman 570,NADWOZIE,289.00
123576230,Uzwojenie alternatora stator Polaris Sportsman 570,NADWOZIE,521.00
123576233,Łożysko jednokierunkowe rozrusznika Polaris sportsman RZR 570 900 1000 1204184 1204884,NADWOZIE,231.00
123576234,Łożysko jednokierunkowe rozrusznika Polaris sportsman 570 Ranger 570 1205285 1205604,NADWOZIE,301.00
123576239,Osłony amortyzatorów skarpety CZARNE Polaris Sportsman,NADWOZIE,145.00
123587123,Regulator napięcia Polaris Sportsman 570 QUAD ATV,NADWOZIE,389.00
123672903,Przekaźnik rozrusznika Polaris Sportsman 4012001 4010947,NADWOZIE,53.00
123672906,Sworzeń wahacza górny dolny Polaris Sportsman 570,NADWOZIE,107.00
123700479,Manszeta guma przegubu neoprenowa Polaris Sportsman 400,NADWOZIE,50.00
123700486,Cewka zapłonowa Polaris Sportsman 400 500,NADWOZIE,197.00
123700490,Filtr powietrza Polaris Sportsman Scrambler 450 500 570 650 700 850 AF4031,NADWOZIE,78.00
123782398,Piankowy breloczek niezatapialny Polaris Sportsman QUAD ATV,NADWOZIE,17.00
123782414,Uszczelka wydechu i sprężyny Polaris Sportsman Ranger scrambler 5243518 7041804,NADWOZIE,39.00
123782421,Filtr powietrza AF4049PF Polaris Sportsman 400 500 570 700 1000 QUAD ATV,NADWOZIE,78.00
123841944,Tuleja sztycy kierownicy Polaris Sportsman 500 600 700 800 7556162,NADWOZIE,19.00
123841945,Kranik paliwa Polaris Sportsman i inne 7052161,NADWOZIE,69.00
123841958,Regulator napięcia Polaris Sportsman 400,NADWOZIE,289.00
127027391,"Klocki hamulcowe Polaris Ranger RZR 500 700 800 1000 DB2179, 2203747, 2205949, FA452R",NADWOZIE,64.00
127027411,Zacisk hamulcowy przedni lewy Polaris Sportsman 400,NADWOZIE,243.00
127027414,Zacisk hamulcowy przedni prawy Polaris Sportsman 400,NADWOZIE,243.00
127027417,Zacisk hamulcowy tylny Polaris Sportsman 400 500 570 600 700 800 QUAD ATV,NADWOZIE,319.00
127027431,Przekaźnik rozrusznika Polaris Magnum Sportsman 250 330 400 500 600 700,NADWOZIE,64.00
127750357,Dystanse przód rozstaw otworów 4/156 30mm 3/8 Polaris,NADWOZIE,313.00
127895580,Manszeta guma przegubu Polaris Sportsman 1000 19-5017 19-5006 19-5021,NADWOZIE,46.00
127895589,Guma mocowania silnika poduszka Polaris Sportsman 850 1000,NADWOZIE,185.00
127895596,Rozrusznik Polaris Sportsman 1000 QUAD ATV,NADWOZIE,753.00
127895599,"Termostat Polaris Polaris Ranger sportsman 570 1000, 7052496, 5413948",NADWOZIE,157.00
127895602,Amortyzator przedni Polaris Sportsman 1000,NADWOZIE,591.00
127895605,Amortyzator tylny Polaris Sportsman 1000 QUAD UTV,NADWOZIE,591.00
127895612,Wał napędowy tylny Polaris Sportsman 1000,NADWOZIE,579.00
127895618,Pompa paliwa kompletna Polaris Sportsman 1000 QUAD ATV,NADWOZIE,521.00
127989461,Czujnik ciśnienia układu hamulcowego Sportsman Ranger RZR 570 900 1000,NADWOZIE,301.00
127989467,Drążek kierowniczy Polaris Sportsman 1000,NADWOZIE,72.00
127989471,Zestaw naklejek,NADWOZIE,69.00
127989474,Manszeta guma przegubu tylna wewnętrzna Polaris Sportsman 1000,NADWOZIE,49.00
127989482,Klocki hamulcowe Polaris Sportsman 1000,NADWOZIE,65.00
127989491,Przekaźnik Polaris 12V 20A 4011283 4016819 Can-am 710001778,NADWOZIE,34.00
127989499,Zapięcie kufra bagażnika przedniego Polaris Sportsman 1000,NADWOZIE,57.00
128658603,Panewki kolumny kierowniczej Polaris Sportsman 1000,NADWOZIE,43.00
128658605,Zestaw naprawczy wahacza przód dół góra Polaris Sportsman 1000,NADWOZIE,33.00
128658607,Krzyżak wału napędowego przedniego Polaris Sportsman 1000,NADWOZIE,69.00
128658617,Osłony amortyzatorów skarpety Polaris Sportsman 1000,NADWOZIE,169.00
128658618,Osłony amortyzatorów skarpety Polaris Sportsman 1000 S,NADWOZIE,220.00
128658619,Drążek kierowniczy Polaris Sportsman 1000,NADWOZIE,64.00
128658620,Zacisk hamulcowy przedni lewy Polaris Sportsman 1000,NADWOZIE,250.00
128658621,Zacisk hamulcowy przedni prawy Polaris Sportsman XP Scrambler,NADWOZIE,250.00
128658624,Zestaw naprawczy wahacza góra dół Sportsman Scrambler RZR Ranger 550 850,NADWOZIE,85.00
128658626,Klocki hamulcowe Polaris Sportsman 1000,NADWOZIE,64.00
128780279,Wariator Polaris Sportsman 700 1321971 1321706,NADWOZIE,1131.00
128780288,Tarcza hamulcowa przednia Polaris Sportsman 500,NADWOZIE,157.00
128780292,Łożysko stożkowe koła przedniego Polaris Sportsman 500,NADWOZIE,61.00
129113436,Przełącznik zespolony lewy Polaris Sportsman 500,NADWOZIE,313.00
129113443,Regulator napięcia Polaris Sportsman 500,NADWOZIE,231.00
129113446,czujnik wentylatora chłodnicy Polaris Sportsman 500 600 700 4010161,NADWOZIE,83.00
129113447,Gaźnik Polaris Sportsman 500,NADWOZIE,331.00
129264639,Regulator napięcia Polaris Sportsman 400 500 QUAD ATV,NADWOZIE,347.00
129264642,Króciec ssący Polaris sportsman 325 330 500 3084879,NADWOZIE,72.00
129319113,Króciec ssący Polaris Sportsman 500,NADWOZIE,72.00
129319117,"Krzyżak wału napędowego Can-am, Polaris 19-1008-XATV",NADWOZIE,64.00
129319121,Przekaźnik rozrusznika Polaris Big boss Magnum Sportsman,NADWOZIE,64.00
129319124,Rozrusznik Polaris Magnum Scrambler Sportsman 330 400 500 3084981 3090188,NADWOZIE,231.00
129319125,Czujnik temperatury cieczy Polaris Sportsman 500,NADWOZIE,49.00
130360586,Klocki hamulcowe Polaris Sportsman 400 500 600 700 800 i inne Polarisy FA159RX DB2460,NADWOZIE,64.00
130405422,"Szpilka piasty Polaris Sportsman 7515513, 7515523, 7518030",NADWOZIE,16.00
130405435,Bendix rozrusznika Polaris Sportsman  600 700 800 skutery wodne yamaha seadoo,NADWOZIE,157.00
130405439,Klocki hamulcowe Polaris Sportsman 400 500 600 700 800 i inne Polarisy FA159R DB2460,NADWOZIE,65.00
131520703,Chłodnica Can-am Commander Maverick QUAD UTV,NADWOZIE,1032.00
131520706,Chłodnica Suzuki LTR450,NADWOZIE,499.00
131520707,Chłodnica Yamaha Rhino 700,NADWOZIE,662.00
131520709,Chłodnica Yamaha Kodiak 450,NADWOZIE,545.00
131520715,Chłodnica Honda TRX 420 500 520 2014-2021 19010-HR3-A21,NADWOZIE,545.00
131609981,Pasek napędowy mitsuboshi Linhai 260 300 400 MBLSC006 23815,NADWOZIE,197.00
131609987,Pasek napędowy Mitsuboshi Odes 1000,NADWOZIE,695.00
131609990,"Pasek napędowy Mitsuboshi Odes 800, Segway Snarler AT6 MBLSC170 SQ52-2188-C",NADWOZIE,568.00
131609994,Pasek napędowy Mitsuboshi Kawasaki Brute Force 750,NADWOZIE,394.00
131609997,Pasek napędowy Mitsuboshi Suzuki Kingquad 750,NADWOZIE,556.00
131610006,Pasek napędowy mitsuboshi Cfmoto 800 820 850 MBLSC143,NADWOZIE,765.00
131610014,Pasek napędowy Mitsuboshi TGB Blade 1000 LT,NADWOZIE,788.00
131610017,Pasek napędowy Mitsuboshi TGB Blade 500,NADWOZIE,475.00
131610025,Żarówka LED H4,NADWOZIE,38.00
131914471,Oś tylna tuning 2+2 Suzuki LTZ 400,NADWOZIE,1275.00
131914491,"Oś tylna tuningowa 2""+2"" Yamaha Raptor 125 250 4D3-25381-00-00 4D3-F5381-09-00",NADWOZIE,1275.00
132006175,Kufer tylny ATV GKA CFMOTO CForce 625 2022 ze stel. stalowym 010_126 T600B,NADWOZIE,1566.00
132006176,Kufer ATV GKA tesseract Segway Snarler,NADWOZIE,1658.00
132006181,Kufer GKA tesseract tylny Polaris Sportsman Touring 570,NADWOZIE,1497.00
132006182,Kufer GKA tesseract tylny Polaris sportsman touring 850 1000,NADWOZIE,1566.00
132015653,Poszerzenia błotników cfmoto X850 X1000 komplet 9AWA-260010 QUAD ATV,NADWOZIE,510.00
132566047,Osłony amortyzatorów skarpety CZARNE Yamaha Grizzly QUAD ATV,NADWOZIE,145.00
132577952,Kufer GKA R305 Phantom do quadów z oparciem dla pasażera,Kufry Bagaże Pokrowce,1334.00
132577953,Relokator chłodnicy ze snorklami Cfmoto cforce 625,UKŁAD CHŁODZENIA,1954.00
132577954,Pokrowiec siedzenia Yamaha Raptor 700 QUAD ATV,NADWOZIE,185.00
132577959,Zestaw naklejek kolor srebrny Yamaha Grizzly 700  QUAD UTV,NADWOZIE,69.00
132653854,Manetka gazu Polaris Sportsman 500 600 700 2010337,NADWOZIE,227.00
132653881,Uszczelka pokrywy magneta Polaris Sportsman Ranger 700 800 5412458,NADWOZIE,49.00
132653926,Tłok Polaris Sportsman 700,NADWOZIE,278.00
132653936,"Cylinder Polaris Sportsman RZR Ranger 700 800 2202696, 2203911, 2204393",NADWOZIE,1043.00
132789918,Szpilka piasty Polaris Sportsman QUAD UTV,NADWOZIE,16.00
132789956,Uszczelka wydechu Polaris Sportsman Ranger scrambler 5811511,NADWOZIE,40.00
132789973,Króciec ssący Polaris Sportsman 700 QUAD UTV,NADWOZIE,81.00
132789992,Pierścienie tłokowe Polaris Sportsman 700,NADWOZIE,121.00
132836799,Mocowanie filtr powietrza Polaris sportsman 600 700 5412066,NADWOZIE,111.00
134078318,Cewka zapłonowa Polaris Sportsman 700 800 RZR RANGER Can-am Outlander Maverick Spyder Renegade,NADWOZIE,231.00
134078321,Uszczelniacze dyferencjału przedniego Polaris Sportsman 700 800 25-2059-5,NADWOZIE,46.00
134078323,Felga aluminiowa Polaris Sportsman 500 600 700 800,NADWOZIE,521.00
134078329,Króciec ssący Polaris Sportsman 600 700 1253415 QUAD ATV,NADWOZIE,75.00
134078332,Sworzeń kulisty kolumny MacPHERSONA Polaris Sportsman 335 500 570 700 800,NADWOZIE,79.00
134078335,Regulator napięcia Polaris Sportsman 700,NADWOZIE,313.00
134078341,Stacyjka Polaris Sportsman 500 700 800 4 piny 4010390 4012164,NADWOZIE,69.00
134078351,Manszeta guma przegubu 19-5028 Polaris Sportsman Can-Am Outlander Renegade,NADWOZIE,50.00
134078357,Czujnik temperatury cieczy Sportsman 700 800 Ranger RZR 570 800 4010644 ATV,NADWOZIE,57.00
134161043,Wariator Polaris Sportsman 800 QUAD UTV,NADWOZIE,1131.00
134161047,Regulator napięcia polaris RZR Sportsman Ranger 800 4011569,NADWOZIE,394.00
134161057,Amortyzator przedni Polaris sportsman 500 570 800 7041762,NADWOZIE,563.00
134161061,Tłok Polaris Sportsman Ranger RZR 800 2202917,NADWOZIE,250.00
134161074,Pompa paliwa kompletna Polaris Sportsman 500 800 2204308,NADWOZIE,517.00
134161076,Stacyjka Polaris Sportsman 500 700 800 RZR Ranger 6 pinów 2 pozycje + start 4011002 4012165,NADWOZIE,69.00
134161078,Zestaw naklejek Polaris Sportsman 800 EFI,NADWOZIE,69.00
134800867,Gniazdo wału napędowego Yamaha Grizzly 660,NADWOZIE,382.00
134800869,Przełącznik zespolony lewy Polaris Sportsman 325 400 425 500 700 800,NADWOZIE,313.00
134800897,czujnik połozenia wału Polaris Sportsman ranger RZR 800 2410720,NADWOZIE,198.00
134800902,Mocowanie łożyska Polaris Sportsman 335 500 700 800 5222393,NADWOZIE,57.00
134987640,Filtr paliwa Polaris Sportsman 500 800 QUAD ATV,NADWOZIE,28.00
134987647,Wałki kosza przedniego dyferencjału Sportsman Ranger 500 800 850 3233936,NADWOZIE,266.00
135050252,Regulator napięcia Polaris Sportsman 800,NADWOZIE,343.00
135050273,Komplet uszczelek silnika Polaris Sportsman 800,NADWOZIE,347.00
138251765,Dystanse przód  rozstaw otworów 4/156 45mm 3/8 Polaris,NADWOZIE,359.00
138251774,Filtr oleju HF198 Polaris Sportsman 500 600 700 800,NADWOZIE,25.00
138429382,Uszczelka kolektora wydechowego Polaris RZR 800,NADWOZIE,69.00
138429392,Wariator Polaris Sportsman RZR Ranger 800 1322920 1322996,NADWOZIE,1252.00
138429404,Maglownica Polaris RZR 800,NADWOZIE,742.00
138429408,Maglownica Polaris RZR 800,NADWOZIE,603.00
138429426,Bendix rozrusznika Polaris Sportsman Ranger RZR 600 700 800 4010418 4012614,NADWOZIE,134.00
138536528,Przewody wysokiego napięcia Polaris Sportsman Ranger RZR 4012438 4012439,NADWOZIE,127.00
138536531,Pierścienie tłokowe Polaris Sportsman Ranger 800 2202920,NADWOZIE,127.00
138536533,Łożyska piasty koła tylnego Polaris Sportsman Ranger RZR 500 570 800 2szt,NADWOZIE,197.00
138536535,Zacisk hamulcowy tylny prawy Polaris RZR 800,NADWOZIE,243.00
138536537,Filtr powietrza Polaris RZR 800,NADWOZIE,115.00
138536543,Panewki kolumny kierowniczej Polaris Sportsman RZR Ranger 5439731 QUAD ATV,NADWOZIE,42.00
138536547,Zestaw naprawczy wahacza góra dół Polaris Ranger 570 800 900 1000 50-1095,NADWOZIE,55.00
138991146,Łożyska kół Polaris Sportsman RZR 800,NADWOZIE,76.00
138991199,Króciec ssący Polaris Sportsman 800 RZR Ranger 800 1240494 1253564 QUAD UTV,NADWOZIE,72.00
138991204,Króciec ssący Polaris RZR 800,NADWOZIE,72.00
138991215,Sworzeń kulisty zwrotnicy Polaris Sportsman 850 1000 Ranger 800 RZR 570,NADWOZIE,84.00
138991234,Manszeta guma przegubu Polaris RZR 800,NADWOZIE,46.00
138991245,"Rozrusznik Polaris Sportsman Ranger RZR 600 700 800, Scrambler 500 4010417",NADWOZIE,227.00
139040852,Włącznik świateł awaryjnych UTV Polaris RZR RZR 4 Ranger 570 800 900 1000,NADWOZIE,45.00
139040863,Włącznik świateł UTV Polaris RZR 800,NADWOZIE,46.00
139040867,Włącznik świateł tylnych UTV Polaris RZR 4 Ranger 570 800 900 1000,NADWOZIE,46.00
139040872,Włącznik wentylatora UTV Polaris RZR RZR 4 Ranger 570 800 900 1000,NADWOZIE,45.00
139151530,Wariator kompletny Polaris RZR 1000 QUAD UTV,NADWOZIE,1450.00
139151536,Element sprzęgła Polaris sportsman 570 5139594,NADWOZIE,122.00
139151546,Czujnik ciśnienia układu hamulcowego Sportsman Ranger RZR 570 900 1000,NADWOZIE,289.00
139151556,Końcówki drążka kierowniczego Polaris RZR 1000,NADWOZIE,139.00
139151561,Końcówki drążków Polaris RZR 1000,NADWOZIE,185.00
139151575,Maglownica Polaris RZR 1000,NADWOZIE,753.00
139151578,Maglownica Polaris RZR 1000,NADWOZIE,753.00
139151582,Maglownica Polaris RZR 1000,NADWOZIE,904.00
139151586,Maglownica Polaris RZR 1000,NADWOZIE,1275.00
139151589,Sworzeń wahacza,NADWOZIE,81.00
139151597,Dach ze schowkami Polaris RZR 1000 PRO,NADWOZIE,2319.00
143545398,Kufer ATV GKA Odes Pathcross 650 1000,NADWOZIE,1658.00
143638559,Kufer tylny ATV GKA R304 8050 do can-am nowy model 2021,Kufry Bagaże Pokrowce,1334.00
143658460,Kufer tylny ATV GKA R307,Kufry Bagaże Pokrowce,1334.00
143788444,Filtr powietrza Polaris RZR 1000,NADWOZIE,92.00
143788446,Łożysko jednokierunkowe rozrusznika Polaris Ranger RZR 900 1000 1205021,NADWOZIE,238.00
144083742,Kosz przedniego dyferencjału Polaris RZR 1000,NADWOZIE,579.00
144083767,Poszerzenia błotników Overfenders Polaris RZR 1000 XP,NADWOZIE,661.00
144083780,Sworzeń wahacza Polaris RZR XP 1000,NADWOZIE,92.00
144083796,Końcówka drążka kierowniczego zewnętrzna Polaris RZR 1000,NADWOZIE,150.00
144083802,Dystanse przód Polaris RZR 1000,NADWOZIE,289.00
144083810,Dystanse przód Polaris RZR 1000,NADWOZIE,336.00
144083817,Klocki hamulcowe przednie Polaris RZR 1000,NADWOZIE,134.00
144083821,Klocki hamulcowe tylne Polaris RZR 1000,NADWOZIE,76.00
144083830,Gniazdo USB UTV Polaris RZR RZR 4 Ranger 570 800 900 1000,NADWOZIE,64.00
144083843,Włącznik świateł LED UTV Polaris RZR 1000,NADWOZIE,46.00
144083850,Włącznik świateł Off Road UTV Polaris RZR RZR 4 Ranger 570 800 900 1000,NADWOZIE,46.00
144153556,Komplet Uszczelek kolektora wydechowego Polaris RZR Ranger 800,NADWOZIE,115.00
144153563,Rozrusznik Polaris Sportsman Ranger RZR 570 19494 19486 4014909,NADWOZIE,324.00
144153597,Maglownica Polaris RZR 570,NADWOZIE,603.00
144153601,Filtr powietrza Polaris RZR 570,NADWOZIE,81.00
144153620,Manszeta guma przegubu Polaris RZR 570,NADWOZIE,46.00
144197703,Końcówki drążków kierowniczych Polaris RZR 570,NADWOZIE,139.00
144197704,Czujnik prędkości halla Polaris RZR 570,NADWOZIE,179.00
144197707,Chłodnica Polaris RZR 570 800 Sportsman ACE 325 570 1240319 1240444,NADWOZIE,603.00
144197710,Felga aluminiowa ATP Polaris RZR  Sportsman,NADWOZIE,435.00
144417604,Łożysko piasty koła tył Polaris Sportsman Ranger RZR 500 570 25-1150 1 szt,NADWOZIE,104.00
144417606,wtryskiwacz wtrysk paliwa Polaris Sportsman Ranger RZR 570 2521068,NADWOZIE,238.00
144417607,Wtryskiwacz wtrysk paliwa Polaris Sportsman Ranger RZR 850 1000 1203568,NADWOZIE,347.00
144524817,Rozrusznik Polaris RZR 900,NADWOZIE,343.00
144524819,Rozrusznik Polaris RZR Ranger 900 2013-23 4014037 4014548 QUAD ATV,NADWOZIE,405.00
144524824,Filtr powietrza Polaris RZR 900,NADWOZIE,78.00
144524835,Końcówki drążka kierowniczego Polaris RZR 900 1000 7061216 7061215,NADWOZIE,185.00
144524837,"Maglownica Polaris RZR 900 1000 1823994, 1824349, 1824770",NADWOZIE,753.00
144524839,Maglownica Polaris RZR 900,NADWOZIE,753.00
144524841,Maglownica Polaris RZR 900,NADWOZIE,753.00
144524843,Maglownica Polaris RZR 900,NADWOZIE,742.00
144524845,Czujnik położenia wału Polaris Ranger RZR 570 900 1000 2411719 QUAD ATV,NADWOZIE,243.00
144524847,Pompa paliwa kompletna Polaris RZR 900,NADWOZIE,517.00
144524849,Uszczelki na cały silnik Polaris RZR 900,NADWOZIE,394.00
144524853,Ślizg wariatora Polaris RZR 900,NADWOZIE,26.00
144524855,Uszczelka pokrywy paska napędowego Polaris Ranger RZR 5521831 QUAD UTV,NADWOZIE,78.00
145057792,Filtr powietrza Polaris RZR 900,NADWOZIE,115.00
145057813,Poszerzenia błotników Overfenders Polaris RZR-S 900 1000 2015-2016,NADWOZIE,603.00
145057816,Stacyjka Polaris RZR 900,NADWOZIE,69.00
145057821,"Manszeta guma przegubu neoprenowa Sportsman Ranger Magnum, Can-Am Outlander",NADWOZIE,50.00
145057856,Włącznik wyciagarki UTV Polaris RZR 800 900 1000 XP SW016CL,NADWOZIE,46.00
145198222,Przegub tył zewnętrzny Can-Am Renegade 800,NADWOZIE,266.00
145223775,Ośka pompy wody Can-am Outlander Renegade Maverick G1 G2 420620175,NADWOZIE,41.00
145223779,Pokrywa pompy oleju Can-Am Renegade 800,NADWOZIE,64.00
145223780,Przekaźnik rozrusznika Can-am Outlander Renegade 400 500 800 1000 710001364 RL-057,NADWOZIE,53.00
145223786,Uszczelka pod dekiel zaworowy Outlander Renegade 400 500 650 800 1000 G1 G2,NADWOZIE,46.00
145615005,"Szpilka piasty M10 Can-Am Renegade 250300055, 211300020, 250300020",NADWOZIE,20.00
145615032,Drążek kierowniczy wzmacniany Can-Am G1 Outlander Renegade 330 400 800,NADWOZIE,57.00
145615132,Zacisk hamulcowy tylny prawy Can-am Outlander Renegade 800 1000 705600859,NADWOZIE,289.00
145615177,Zestaw tłokowy Can-Am Renegade 800,NADWOZIE,242.00
145822844,Trójząb helix Can-Am Renegade 800 1000,NADWOZIE,296.00
145822855,Zacisk hamulcowy przedni lewy Can-Am Renegade 800,NADWOZIE,285.00
145822860,Zacisk hamulcowy przedni prawy Can-Am Renegade 800,NADWOZIE,301.00
145822873,Panewki 2 szt na wał korbowy Can-am Outlander Renegade Maverick 420233965,NADWOZIE,134.00
145822885,Przełącznik zespolony lewy Can-Am Renegade Outlander 500 650 800 1000,NADWOZIE,313.00
145822917,Uszczelniacz dyferencjału tył na półosie Can-am Outlander Renegade 30-4709,NADWOZIE,18.00
145822923,Końcówka wewnętrzna drążka kierowniczego Can-Am Renegade 800,NADWOZIE,72.00
145822927,Uszczelka pod cylinder Can-am Outlander Renegade 500 570 650 800 850 1000,NADWOZIE,69.00
145945592,Uszczelka pokrywy paska napędowego Can-am Outlander Renegade 800 850 1000,NADWOZIE,87.00
145945596,Tuleja wału napędowego Can-am Outlander Renegade 500 650 800 G1 705400036,NADWOZIE,84.00
145945609,Osłony amortyzatorów skarpety Can-Am Renegade 800 1000 QUAD ATV,NADWOZIE,169.00
145945629,Zacisk hamulcowy przedni lewy Can-am Outlander Renegade 500 800 705600862​,NADWOZIE,250.00
145945633,Półoś przednia lewa Can-Am Renegade 800,NADWOZIE,569.00
145945640,Półoś can-am outlander renegade G1 G2 tył prawa bez przegubów,NADWOZIE,173.00
146613703,Uszczelki na cały silnik Can-Am Renegade 800 QUAD ATV,NADWOZIE,401.00
146613706,Pompa paliwa Can-Am Renegade 800 QUAD ATV,NADWOZIE,185.00
146613712,Chłodnica Can-am Renegade 07-12 500 800 G1 709200178 709200306 709200411,NADWOZIE,893.00
146613720,Zestaw naprawczy wahacza przedniego góra dół Outlander Renegade 800 1000,NADWOZIE,77.00
146712345,Przełącznik zespolony lewy Can-am G2 Outlander Renegade 500 650 800 1000,NADWOZIE,266.00
146712365,Nakrętka dyferencjału tylnego Can-am Outlander Renegade G2 705501549,NADWOZIE,43.00
146773524,Pierścienie tłokowe can-am outlander renegade 400 800 1000 420296774,NADWOZIE,125.00
146773529,Prowadnica łańcucha rozrządu Can-Am Renegade 1000,NADWOZIE,38.00
146773531,Ślizg łańcucha rozrządu Can-Am Renegade 1000,NADWOZIE,139.00
146773533,Pierścienie tłokowe Can-Am Renegade 1000,NADWOZIE,111.00
146773534,Zestaw tłokowy Can-Am Renegade 1000 QUAD UTV,NADWOZIE,281.00
146796378,Wał korbowy Can-Am Renegade 1000,NADWOZIE,1971.00
146796381,Wał napędowy tylny Can-Am Renegade 1000,NADWOZIE,591.00
147259335,"Mocowanie uchwyt kanistrów 2,3,5,8 galonów",NADWOZIE,162.00
147259375,"Lina syntetyczna do wyciągarki, pomarańczowa z hakiem 6mm 15mb QUAD ATV",NADWOZIE,150.00
147259386,"Lina syntetyczna do wyciągarki, pomarańczowa 7mm 18mb",NADWOZIE,231.00
147259396,Lina syntetyczna do wyciągarki 5mm 15mb czerwona,NADWOZIE,104.00
147259407,"Lina syntetyczna do wyciągarki, karbonowa 5mm 15mb",NADWOZIE,104.00
147259417,"Lina syntetyczna do wyciągarki, karbonowa 6mm 15mb",NADWOZIE,127.00
147259429,"Lina syntetyczna do wyciągarki, pomarańczowa z hakiem 5mm 15mb",NADWOZIE,127.00
147259439,"Lina syntetyczna do wyciągarki, żółta 6mm 15mb",NADWOZIE,127.00
147259450,"Lina syntetyczna do wyciągarki, niebieska 6mm 15mb",NADWOZIE,127.00
147259459,"Lina syntetyczna do wyciągarki, żółta 5mm 15mb",NADWOZIE,104.00
147259472,"Lina syntetyczna do wyciągarki, niebieska 5mm 15mb",NADWOZIE,104.00
147259483,Lina syntetyczna do wyciągarki 6mm 15mb czerwona,NADWOZIE,127.00
147259493,Uszczelki na cały silnik Can-Am Renegade 1000,NADWOZIE,377.00
147259504,Uszczelki na górę silnika Can-am Commander Renegade Outlander 400 800 1000,NADWOZIE,266.00
147259524,"Lusterka wsteczne UTV komplet lewe i prawe z mocowaniem 1,75  i 2 cal",NADWOZIE,127.00
147259546,Lusterko wsteczne Can-am Maverick X3,NADWOZIE,122.00
147259557,Lusterka składane z kierunkowskazami Can-am Maverick X3,NADWOZIE,475.00
147259567,"Lusterka wsteczne UTV komplet z mocowaniem 1,75 i 2 cal",NADWOZIE,127.00
147259576,"Lusterko wsteczne UTV podwójne mocowanie 1,75 i 2 cal",NADWOZIE,122.00
147259584,Lusterka z kierunkowskazami kolor czarny gwint M10,NADWOZIE,92.00
147259601,Lusterka wsteczne komplet ze światłami LED,NADWOZIE,440.00
147259618,Lusterko wsteczne UTV uniwersalne mocowanie 42-45mm,NADWOZIE,57.00
147449355,Łańcuszek rozrządu Can-Am Renegade 1000,NADWOZIE,231.00
147449360,Uzwojenie alternatora stator Can-Am Renegade 1000,NADWOZIE,440.00
147449370,Uszczelniacze dyferencjału tył Can-am Outlander Renegade 800 1000 25-2086-5,NADWOZIE,57.00
147449381,Osłony amortyzatorów skarpety Can-Am Renegade 800 1000 QUAD ATV,NADWOZIE,169.00
147449393,Osłony amortyzatorów skarpety Can-Am Renegade 800 1000 QUAD ATV,NADWOZIE,169.00
147449404,Krzyżak tylnego wału napędowego Can-am outlander renegade 800 1000 19-1006-XATV 19-1017,NADWOZIE,69.00
147449407,Regulator napięcia Can-Am Renegade Outlander Renegade 500 650 800 G1,NADWOZIE,394.00
147449422,Zacisk hamulcowy przedni prawy Can-Am Renegade 1000 QUAD ATV,NADWOZIE,250.00
147449429,Zacisk hamulcowy tylny lewy Can-Am Renegade 1000,NADWOZIE,266.00
147890367,Półoś tylna prawa Can-am Outlander Renegade 650 850 1000 G2 19-23 705502711,NADWOZIE,614.00
147890391,Koło zębate pompy oleju Can-am Outlander Renegade G1 G2 420434300,NADWOZIE,92.00
147890394,Koło zębate pompy oleju Can-am Outlander Renegade Maverick G1 G2 420434320,NADWOZIE,64.00
147890425,"Szpilka piasty Can-am Outlander Renegade G2 250300642, 250300048 250300643",NADWOZIE,20.00
148751573,Półoś przednia lewa Can-am Outlander Renegade 650 850 1000 19-23 705402235,NADWOZIE,614.00
148751582,Półoś tylna lewa Can-am Outlander Renegade 650 850 1000 19-23 705502710,NADWOZIE,614.00
148751604,Manetka gazu Can-am Outlander Renegade G1 G2 707000369 707000595 709400186,NADWOZIE,296.00
148751621,Przełącznik zespolony lewy Can-am G2 Outlander Renegade 500 650 800 1000 17-22 710005070,NADWOZIE,266.00
148751631,Koło zębate pompy wody Can-am Outlander Renegade Maverick G1 G2 420434330,NADWOZIE,49.00
148751636,Uszczelka pokrywy magneta Can-am Outlander Renegade 650 800 1000 420651200,NADWOZIE,46.00
148751641,Uszczelniacz silnika przy pompie oleju Can-am Outlander Renegade 420430555,NADWOZIE,49.00
148751652,Nakrętka dyferencjału tylnego Can-am Outlander Renegade G2 705501550,NADWOZIE,43.00
148751659,Panewki 2 szt na wał korbowy Can-am Outlander Renegade Maverick 420233980,NADWOZIE,134.00
148751675,Klocki hamulcowe can-am outlander Renegade 800 1000  przód tył lewa strona FA618R DB2216 705601015,NADWOZIE,65.00
148751685,Wirnik pompy oleju Can-am Outlander Renegade 650 800 1000 G1 G2 420256348,NADWOZIE,61.00
148751706,Filtr powietrza Can-am Outlander Renegade 500 650 800 1000 G2 707800371,NADWOZIE,69.00
148751733,Łańcuszek rozrządu Can-am Outlander Renegade 330 500 800 420297063,NADWOZIE,157.00
150358693,Gniazdo wału napędowego przedniego Can-am Outlander Renegade G2 703500678,NADWOZIE,213.00
150358697,Manszeta guma przegubu Outlander Maverick Renegade Commander 650 800 1000,NADWOZIE,50.00
150358704,Pompa paliwa kompletna Can-am Outlander 800 703500766,NADWOZIE,545.00
150358709,Uszczelniacz skrzyni biegów Can-Am Renegade 500,NADWOZIE,134.00
150358734,Uszczelniacz silnika przy pompie oleju Can-Am Renegade 500,NADWOZIE,134.00
150358746,Uszczelniacz dyferencjału przedniego na półosie Can-Am Renegade 500,NADWOZIE,127.00
150358752,Uszczelniacz skrzyni biegów Can-Am Renegade 500,NADWOZIE,127.00
150358768,Filtr oleju HF152 Can-Am Outlander renegade QJmotor Odes 1000,NADWOZIE,24.00
150358832,Amortyzator przedni Can-Am Renegade 500,NADWOZIE,579.00
150358840,Amortyzator tylny Can-Am Renegade 500,NADWOZIE,579.00
150358846,Tarcza hamulcowa tylna Can-am Outlander Renegade G1 400 650 800,NADWOZIE,127.00
150525475,Zestaw naprawczy wahacza przedniego dolnego i górnego Can-am Outlander Renegade 800 1000 50-1062 50-1126 50-1143,NADWOZIE,93.00
150525511,Klocki hamulcowe can-am outlander Renegade 800 1000 przód tył prawa strona FA617R DB2215 705601014,NADWOZIE,65.00
150525527,Łożysko jednokierunkowe rozrusznika Can-Am Renegade 500 570 800 1000,NADWOZIE,377.00
150525543,Ośka wałek pompy oleju Can-am Outlander Renegade G1 G2 420237059,NADWOZIE,99.00
151991729,Jarzmo wału napędowego przedniego can-am Outlander G1 commander 800 1000 13-15 715900121 705400782 705400391,NADWOZIE,250.00
151991733,Guma dyferencjału can-am outlander renegade maverick 570 650 800 850 1000 705400352,NADWOZIE,38.00
151991738,Filtr powietrza Can-Am Renegade 500,NADWOZIE,78.00
151991742,Aktuator napędu Can-am Outlander Renegade G1 G2 415129174 715900614,NADWOZIE,568.00
151991744,Czujnik położenia wału Can-Am Renegade 500 800 1000,NADWOZIE,143.00
151991751,Obudowa termostatu aluminiowa Outlander Renegade Maverick 400 800 1000,NADWOZIE,56.00
151991758,Panewki 2 szt na wał korbowy Can-Am Renegade 500,NADWOZIE,139.00
151991761,Panewki 2 szt na wał korbowy Can-Am Renegade 500 QUAD ATV,NADWOZIE,134.00
151991764,Prowadnica łańcucha rozrządu Can-Am Renegade 500 570 800 850,NADWOZIE,42.00
151991767,Uszczelniacz dyferencjału na wał Can-am Outlander Renegade G1 G2 705400027,NADWOZIE,34.00
151991774,Końcówka drążka kierowniczego Can-Am Renegade 500,NADWOZIE,72.00
151991776,Końcówka zewnętrzna drążka kierowniczego Can-Am Renegade 500,NADWOZIE,72.00
151991782,Uzwojenie alternatora stator Can-am Outlander Renegade 400 500 650 800 G1,NADWOZIE,347.00
151991787,"Sworzeń kulisty zwrotnicy Can-Am Outlander Renegade 800, Yamaha YFM 400 450",NADWOZIE,84.00
151991792,Półoś can-am outlander renegade G1 G2 tył lewy bez przegubów,NADWOZIE,173.00
151991801,Sworzeń kulisty górny Can-Am Renegade 500,NADWOZIE,92.00
151991804,Rozrusznik Outlander Renegade 500 650 800 1000 Commander Maverick 800 1000,NADWOZIE,296.00
152026185,Uszczelka silnika Can-am Outlander Renegade Maverick Defender 420651227,NADWOZIE,69.00
152026188,"Wentylator chłodnicy Can-Am Outlander Renegade 800 1000 G2 wentylator 11"" QUAD UTV",NADWOZIE,424.00
152026193,Obudowa paska napędowego Can-am Outlander Renegade G2 420611408,NADWOZIE,452.00
152089329,Półoś tylna Polaris Sportsman 1000,NADWOZIE,614.00
152089333,Półoś przód Polaris Sportsman 1000,NADWOZIE,614.00
152089335,Osłony amortyzatorów skarpety Can-am Maverick X3 QUAD ATV,NADWOZIE,313.00
152089337,Osłony amortyzatorów skarpety Can-am Maverick X3 QUAD UTV,NADWOZIE,313.00
152089339,Osłony amortyzatorów skarpety Can-am Maverick X3 QUAD ATV,NADWOZIE,313.00
153236398,Osłony amortyzatorów skarpety Kymco MXU 500 700 1000 Kymco MXU 500 700 1000,NADWOZIE,169.00
153236413,Osłony amortyzatorów skarpety Polaris Sportsman 1000 S QUAD ATV,NADWOZIE,220.00
153236420,Osłony amortyzatorów skarpety Kawasaki Bruteforce QUAD ATV,NADWOZIE,169.00
153236424,Osłony amortyzatorów skarpety TGB Blade QUAD ATV,NADWOZIE,169.00
153236430,Osłony amortyzatorów skarpety TGB Blade QUAD ATV,NADWOZIE,169.00
153236436,Osłony amortyzatorów skarpety TGB Blade,NADWOZIE,169.00
153236445,Osłony amortyzatorów skarpety CF Moto Cforce EPS QUAD ATV,NADWOZIE,169.00
153236449,Osłony amortyzatorów skarpety Cfmoto Cforce,NADWOZIE,169.00
153236452,Osłony amortyzatorów skarpety Cfmoto Cforce,NADWOZIE,169.00
153236457,Osłony amortyzatorów skarpety TGB QUAD ATV,NADWOZIE,145.00
153236462,Osłony amortyzatorów skarpety Honda Rincon Rubicon Fourtrax Rancher QUAD,NADWOZIE,145.00
153236467,Osłony amortyzatorów skarpety FOX Can-Am Renegade 800 1000 QUAD ATV,NADWOZIE,169.00
153236476,Osłony amortyzatorów skarpety Kawasaki KVF 750 QUAD ATV,NADWOZIE,169.00
153236479,Osłony amortyzatorów skarpety Suzuki LTZ 250 400 LTR 450 QUAD ATV,NADWOZIE,169.00
153236485,Osłony amortyzatorów skarpety Yamaha Raptor 700 QUAD ATV,NADWOZIE,169.00
153236489,Osłony amortyzatorów skarpety Suzuki Kingquad 700 750 Vinson 500 QUAD ATV,NADWOZIE,145.00
153236494,Felga aluminiowa AR104 Can-am,NADWOZIE,463.00
153236502,Felga aluminiowa AR104 Polaris,NADWOZIE,551.00
157753463,Przełącznik zespolony 9010-160600-A000,NADWOZIE,236.00
157753464,Tłok CF Moto 500 X5 0180-040004 CF188-040004 QUAD ATV,NADWOZIE,119.00
157753465,Pierścienie tłokowe CF Moto 500 X5 0180-0400A0 CF188-0400A0 QUAD ATV,NADWOZIE,57.00
157753466,Sworzeń tłokowy cfmoto 500 X5 0180-040002 CF188-040002 QUAD ATV,NADWOZIE,36.00
157753467,Szarpak kompletny CF Moto 500 X5  0180-092200 CF188-092200 QUAD ATV,NADWOZIE,243.00
157753469,Łożysko jednokierunke CF Moto 500 X5 0180-091200 CF188-091200 QUAD ATV,NADWOZIE,322.00
157753470,Rozrusznik cfmoto 500 X5 0180-091100-0010 CF188-091100-0010 QUAD ATV,NADWOZIE,382.00
157753472,Pompa oleju cfmoto 500 X5 0180-071000 CF188-071000 QUAD ATV,NADWOZIE,115.00
157753473,Uszczelniacz 44X60X67 CF Moto 500 X5 0180-060007 CF188-060007 QUAD ATV,NADWOZIE,34.00
157753474,"Przekładnia kątowa cfmoto 500 X5, 0180-0622A0, CF188-0622A0",NADWOZIE,313.00
157753475,Uszczelniacz 30X46X7 cfmoto 500 X5 0180-062203 CF188-062203 QUAD ATV,NADWOZIE,23.00
157753476,"Szczęki sprzęgła CF Moto 500 X5, 0180-054200 5 szt QUAD ATV",NADWOZIE,273.00
157827839,Łańcuch rozrządu CF Moto 500 X5 0180-024200 CF188-024200,NADWOZIE,143.00
157827840,"Stator- uzwojenie alternatora CF Moto 500 X5, 0180-032000-1000, CF188-032000-1000",NADWOZIE,405.00
157827846,"Łożysko jednokierunkowe CF Moto 500 X5, 0180-053200, CF188-053200 QUAD ATV",NADWOZIE,185.00
157827848,"Dzwon sprzęgła CF Moto 500 X5, 0180-053100, CF188-053100 QUAD ATV",NADWOZIE,637.00
157827852,"Uszczelka pokrywy magneta cfmoto 500 X5, 0180-014002, CF188-014002 QUAD ATV",NADWOZIE,26.00
157827855,"Filtr oleju CF Moto 500 X5, 0180-011300-0B00, CF188-011300-0B00",NADWOZIE,28.00
157827857,"Czujnik prędkości cfmoto 500 X5, 0130-011300-0001 QUAD ATV",NADWOZIE,162.00
157827869,Uszczelka pokrywy wariatora duża cfmoto 500 X5 0180-013103 CF188-013103,NADWOZIE,90.00
157827870,"Okładziny Sprzęgła cfmoto 500 X5, 0180-054000, CF188-054000  QUAD ATV",NADWOZIE,482.00
157827873,"Okładziny sprzęgła cfmoto 500 X5, 0180-054000-2000, CF188-054000-2000 QUAD ATV",NADWOZIE,528.00
157827876,Okładziny sprzęgła CF Moto 500 X5  0180-054000-1000 CF188-054000-1000 QUAD ATV,NADWOZIE,545.00
157827877,"Okładziny sprzęgła cfmoto 500 X5, 0180-054000-0003, CF188-054000-0003 QUAD ATV",NADWOZIE,487.00
157827880,"Dzwon sprzęgła CF Moto 500 X5, 0180-053000-0003, CF188-053000-0003 QUAD ATV",NADWOZIE,811.00
157827882,"Wariator cfmoto KPL 500 X5, 0180-051000, CF188-051000 QUAD ATV",NADWOZIE,672.00
157827887,"Wariator cfmoto KPL 500 X5, 0180-051000-0003, CF188-051000-0003 QUAD ATV",NADWOZIE,1020.00
157827892,"Sprzęgło wtórne cfmoto KPL 500 X5, 0180-052000-0003, CF188-052000-0003",NADWOZIE,951.00
157827895,Przeciwtalerz wariatora CFMoto 500 X5 0180-051300 CF188-051300 QUAD ATV,NADWOZIE,208.00
157827898,"Przeciwtalerz wariatora cfmoto 500 X5, 0180-051300-0003, CF188-051300-0003 QUAD ATV",NADWOZIE,259.00
157827900,Uszczelniacz wariatora cfmoto 500 X5 0180-051204 CF188-051204 QUAD ATV,NADWOZIE,29.00
157827902,"Talerz wariatora cfmoto 500 X5, 0180-051200, CF188-051200",NADWOZIE,297.00
157827905,"Talerz wariatora cfmoto 500 X5, 0180-051200-0003, CF188-051200-0003",NADWOZIE,377.00
157827909,"Rolka wariatora cfmoto 500 800 X5, 0180-051100-0003, CF188-051100-0003",NADWOZIE,26.00
157827912,"Kosz wariatora cfmoto 500 X5, 0180-051001, CF188-051001",NADWOZIE,62.00
157827913,"Kosz wariatora cfmoto 500 X5, 0180-051001-0003, CF188-051001-0003",NADWOZIE,101.00
157827921,"Uszczelka pod głowicę CF Moto 500 X5, 0180-022200, CF188-022200 QUAD ATV",NADWOZIE,61.00
157827924,Termostat cfmoto 500 X5 0180-022810 CF188-022810 QUAD ATV,NADWOZIE,57.00
157827927,"Czujnik Temperatury CF MOTO 500 X5, 0010-022600 QUAD ATV",NADWOZIE,45.00
158000519,Króciec ssący cfmoto 500 X5 0180-022900 CF188-022900 QUAD ATV,NADWOZIE,56.00
158000523,"Zawór ssący cfmoto 500 X5 0180-022004, CF188-022004",NADWOZIE,41.00
158000525,Zawór wydechowy cfmoto 500 X5 0180-022005 CF188-022005,NADWOZIE,41.00
158000528,"Dźwigienka zaworowa CF Moto 500 X5, 0180-021100, CF188-021100 QUAD ATV",NADWOZIE,92.00
158000531,"Dźwigienka zaworowa CF Moto 500 X5, 0180-021200, CF188-021200 QUAD ATV",NADWOZIE,92.00
158000532,"Cylinder cfmoto 500 X5, 0180-023100, CF188-023100 QUAD ATV",NADWOZIE,568.00
158000535,"Uszczelka pod cylinder cfmoto 500 X5, 0180-023004, CF188-023004 QUAD ATV",NADWOZIE,36.00
158000537,Napinacz łańcucha rozrządu CF Moto 500 X5 0180-023200-0080 CF188-023200-0080 QUAD ATV,NADWOZIE,92.00
158000541,Ślizg łańcucha rozrządu krótki cfmoto 500 X5 0180-023300 CF188-023300 QUAD ATV,NADWOZIE,56.00
158000542,Ślizg łańcucha rozrządu długi cfmoto 500 X5 0180-023400 CF188-023400,NADWOZIE,46.00
158000544,"Uszczelniacz cfmoto 500 X5 22x38x7, 0180-012004, CF188-012004",NADWOZIE,34.00
158000548,"Czujnik Zmiany Biegów 500 X5, 0180-012200, CF188-012200",NADWOZIE,84.00
158000551,"Uszczelka pokrywy wariatora tylna cfmoto 500 X5, 0180-012002, CF188-012002",NADWOZIE,12.00
158000558,Uszczelka wydechu cfmoto 500 X5 9010-020102-10001,NADWOZIE,31.00
158000567,Wahacz przedni dolny cfmoto 500 X5 9010-050300-1000 QUAD ATV,NADWOZIE,452.00
158000570,Tuleja metalowo gumowa wahacza cfmoto 500 X5 9010-050500,NADWOZIE,24.00
158000572,Amortyzator przedni  CF Moto 500 X5 9010-050600 QUAD ATV,NADWOZIE,347.00
158000575,Amortyzator gazowy przedni cfmoto 500 X5  9010-050600-1000,NADWOZIE,487.00
158000581,Tuleja piasty tylnej z kołnierzem cfmoto 500 800 X5 X8 9010-060004,NADWOZIE,18.00
158000584,Amortyzator gazowy tylny cfmoto 500 X5 9010-060600-1000,NADWOZIE,568.00
158000590,Łącznik stabilizatora prawy cfmoto 500 X5 800 X8 9010-060800-1000 QUAD ATV,NADWOZIE,104.00
158000591,Tarcza hamulcowa przednia CF Moto 500 600 800 9010-080001 QUAD ATV,NADWOZIE,114.00
158000593,Tarcza hamulcowa tylna CFMOTO 9010-080002,NADWOZIE,122.00
158000598,Pompa hamulca nożnego CF Moto 500 X5 9010-080400  QUAD ATV,NADWOZIE,278.00
158693250,Panewki sztycy kierownicy zestaw cfmoto 500 X5,NADWOZIE,85.00
158693255,Linka ssania cfmoto 500 X5,NADWOZIE,38.00
158693258,Drążek kierowniczy kompletny CF Moto X5 500 9010-100530,NADWOZIE,165.00
158693261,Półoś kompletna przednia lewa cfmoto 500 X5 9010-270100-50000 QUAD ATV,NADWOZIE,579.00
158693266,Półoś kompletna przednia prawa cfmoto 500 X5 9010-270200-50001 QUAD ATV,NADWOZIE,579.00
158693276,Pompa paliwa CF Moto 500 X5 901F-150900 QUAD ATV,NADWOZIE,452.00
158693294,Nadkole tylne prawe cfmoto X5 9050-040019  QUAD ATV,NADWOZIE,46.00
158693306,Zabezpieczenie sworznia tłoka cfmoto 500 X5 0180-040003-0050,NADWOZIE,3.00
158693309,Uszczelka pokrywy zmiany biegów cfmoto 500 X5 0180-065003,NADWOZIE,7.00
158693311,Łańcuszek pompy oleju cfmoto 500 X5 0180-074000,NADWOZIE,41.00
158693313,Filtr powietrza cfmoto 500 X5 0180-1120A0 QUAD ATV,NADWOZIE,48.00
158693317,Cewka zapłonowa cfmoto 500 X5 0180-152000 QUAD ATV,NADWOZIE,52.00
158693319,Moduł zapłonowy CDI cfmoto 500 X5 0180-153000 QUAD ATV,NADWOZIE,241.00
158693321,Zębatka z wałkiem atakującym do przedniego dyferencjału cfmoto 500 X5 0180-310020,NADWOZIE,603.00
158693326,Wybierak napedów cfmoto 500 600 800 0180-315000 QUAD ATV,NADWOZIE,75.00
158693329,Dyferencjał tylny cfmoto 500 X5 0180-330000 QUAD ATV,NADWOZIE,1623.00
158693332,Zębatka i wałek atakujący tylnego mostu cfmoto 500 X5 0180-330010,NADWOZIE,777.00
158693341,Aktuator dyferencjału przedniego do quada CFMOTO 500 X5 0181-314000 ATV,NADWOZIE,405.00
158693343,Czujnik temperatury cfmoto 500 X5 018B-022810 QUAD ATV,NADWOZIE,52.00
158693349,Przełącznik zespolony cfmoto 500 X5 7020-160700 QUAD ATV,NADWOZIE,227.00
158795970,Zawór ssący cfmoto 800 X8 0800-022004,NADWOZIE,46.00
158795973,Zawór wydechowy cfmoto 800 X8 0800-022005,NADWOZIE,53.00
158795976,"Cylinder cfmoto 800 X8, 0800-023100-0001 QUAD ATV",NADWOZIE,377.00
158795979,"Cylinder cfmoto 800 X8, 0800-023100-0002 QUAD ATV",NADWOZIE,452.00
158795983,Pierścienie tłokowe cfmoto 800 850 0800-0400A0,NADWOZIE,68.00
158795985,"Uszczelka pod cylinder , 0800-023002",NADWOZIE,19.00
158795988,Uszczelka pod głowicę cfmoto 800 X8 0800-022200 QUAD ATV,NADWOZIE,62.00
158795991,"Uszczelka pokrywy głowicy cfmoto 800 X8 0800-021002, 0800-021002-00001",NADWOZIE,42.00
158795996,Uszczelka lewej pokrywy silnika cfmoto 800 X8 0800-011002 QUAD ATV,NADWOZIE,29.00
158795998,Uszczelka prawej pokrywy CVT silnika cfmoto 800 X8 0800-012001 QUAD ATV,NADWOZIE,21.00
158796004,Uszczelka pokrywy CVT cfmoto 800 X8 0800-013102 QUAD ATV,NADWOZIE,87.00
158796006,Uszczelka pokrywy CVT cfmoto 800 X8 0800-011001,NADWOZIE,43.00
158796010,Uszczelniacz pompy wody cfmoto 500 800 0010-081000 QUAD ATV,NADWOZIE,41.00
158796012,Łańcuszek rozrządu cfmoto 800 X8 0800-024100,NADWOZIE,133.00
158796014,Tłok cfmoto 800 X8 0800-040001-0001 selekcja I,NADWOZIE,157.00
158796019,Tłok cfmoto 800 X8 0800-040001-0002 selekcja II,NADWOZIE,157.00
158796021,Sworzeń tłoka cfmoto 800 X8 0800-040002 QUAD ATV,NADWOZIE,34.00
158796024,Zabezpieczenie sworznia tłokowego cfmoto 800 X8 0800-040005,NADWOZIE,7.00
158796027,Termostat CF Moto 800 X8 0800-022700 QUAD ATV,NADWOZIE,69.00
158796031,Rozrusznik cfmoto 800 X8 0800-091000,NADWOZIE,401.00
158796033,Filtr oleju cfmoto 800 X8 0800-011300-0004 QUAD ATV,NADWOZIE,29.00
158796037,Uzwojenie alternatora stator cfmoto 800 X8 0800-032000,NADWOZIE,394.00
158796039,Filtr powietrza cfmoto 800 X8 0800-112000,NADWOZIE,87.00
158796045,"Uszczelka pod napinacz rozrządu  cfmoto 500 X5, 0180-023003, CF188-023003 QUAD ATV",NADWOZIE,12.00
158796048,Uszczelka pompy wody cfmoto 500 X5 0180-081006 CF188-081006 QUAD ATV,NADWOZIE,11.00
158796051,Uszczelniacz pompy wody cfmoto 500 X5 0110-080005 CF188-080005 QUAD ATV,NADWOZIE,11.00
158796053,"Stator- uzwojenie alternatora CF Moto 500 X5, 0180-032000, CF188-032000 QUAD ATV",NADWOZIE,417.00
158796057,Stator uzwojenie alternatora cfmoto 450 520 550 0GR0-032000  QUAD ATV,NADWOZIE,377.00
158796059,"Czujnik Temperatury w chłodnicy cfmoto 500 X5, 0010-135000 QUAD ATV",NADWOZIE,53.00
158796062,"Czujnik Temperatury w chłodnicy CF Moto 800 X8, 7020-150600 QUAD ATV",NADWOZIE,64.00
158796066,Przegub wewnętrzny tylny prawy cfmoto 500 600 9010-280230-1000,NADWOZIE,347.00
158796068,Przegub wewnętrzny tylny lewy cfmoto 500 600 9010-280130-1000,NADWOZIE,331.00
158796072,Przegub wewnętrzny przedni prawy cfmoto 500 600 9010-270230-1000 QUAD ATV,NADWOZIE,313.00
158796075,Przegub wewnetrzny przedni lewy cfmoto 500 600 9010-270130-1000,NADWOZIE,347.00
158796077,Krzyżak wału napędowego cfmoto 500 600 800 25x64 7020-290130 QUAD ATV,NADWOZIE,61.00
158796081,Krzyżak wału napędowego CF Moto 600 625 20x56 9060-300120,NADWOZIE,54.00
158796083,Krzyżak wału napędowego cfmoto 500 600 800 22x50 7020-300120,NADWOZIE,61.00
158796087,Uszczelniacz dyfra przód cfmoto 500 600 800 (48×65×9) 0180-312002 QUAD ATV,NADWOZIE,21.00
158796089,cfmoto 500 X5 0180-112001 QUAD ATV,NADWOZIE,53.00
158796093,Amortyzator tylny cfmoto 500 600 X5 X6 9010-060600,NADWOZIE,394.00
158796096,Obudowa szarpaka cfmoto 500 600 X5  0180-092220 CF188-092220,NADWOZIE,52.00
158796098,"Prowadnica łańcucha rozrządu cfmoto 800 X8, 0800-023004",NADWOZIE,45.00
158796102,"Prowadnica łańcucha rozrządu cfmoto 800 X8, 0800-023003 QUAD ATV",NADWOZIE,53.00
158796105,Tarcza hamulcowa przednia cfmoto 520 800 7020-080001 QUAD ATV,NADWOZIE,139.00
158994120,Napinacz łańcucha rozrządu CF MOTO 520 550 600 0GR0-023400,NADWOZIE,92.00
158994121,Rozrusznik CF MOTO 450 520 550 600 0GR0-091100,NADWOZIE,394.00
158994123,"Cylinder CF MOTO 600 X6, 0600-023100 QUAD ATV",NADWOZIE,579.00
158994125,"Tłok CF MOTO 600 X6, 0600-040004",NADWOZIE,144.00
158994127,Pierścienie tłokowe CF MOTO 600 X6 0600-0400A0 QUAD ATV,NADWOZIE,69.00
158994128,"Uszczelka pod cylinder CF MOTO 600 X6, 0600-023004",NADWOZIE,31.00
158994130,"Uszczelka pod głowicę CF MOTO 600 X6, 0600-022200 QUAD ATV",NADWOZIE,69.00
158994131,"Uszczelka pod cylinder CF MOTO 520, 0GR0-023001",NADWOZIE,11.00
158994133,Uszczelki na cały silnik CF MOTO 800 X8 0800-0000A1 QUAD ATV,NADWOZIE,394.00
158994134,Uszczelki na cały silnik CF MOTO 500 X5 0180-0000A1 QUAD ATV,NADWOZIE,281.00
158994136,Wał korbowy CF MOTO 600 X6 0600-041000 QUAD ATV,NADWOZIE,1271.00
158994138,Wał korbowy CF MOTO 520 0GR0-041000-00010 QUAD ATV,NADWOZIE,1565.00
158994139,Wał korbowy CF MOTO 520 0GR0-041000-00020 QUAD ATV,NADWOZIE,1565.00
158994140,Panewka wału korbowego CF MOTO 800 X8 0800-040006-0001,NADWOZIE,41.00
158994143,Panewka wału korbowego CF MOTO 800 X8 0800-040006-0003,NADWOZIE,41.00
158994147,Okładziny sprzęgła 5904858412082,NADWOZIE,498.00
158994148,Stator uzwojenie alternatora CF MOTO 450 520 550 0GR0-032000-1000,NADWOZIE,405.00
158994152,Regulator napięcia CF MOTO 500 X5 0180-151000,NADWOZIE,220.00
158994154,Dyferencjał tylny CF MOTO 500 600 0181-330000 QUAD ATV,NADWOZIE,1798.00
158994156,Drążek kierowniczy kompletny CF MOTO X5 500 9010-100530-1000,NADWOZIE,192.00
158994157,Zestaw tłokowy CF MOTO 800 X8 0800-0400B0-0001 selekcja I QUAD ATV,NADWOZIE,289.00
158994159,Zestaw tłokowy CF MOTO 800 X8 0800-0400B0-0002 selekcja II QUAD ATV,NADWOZIE,289.00
158994160,Czujnik prędkości CF MOTO 800 1000 7020-150400 QUAD ATV,NADWOZIE,112.00
158994161,Stacyjka CF MOTO 800 1000 7020-010100,NADWOZIE,157.00
158994166,Stacyjka CF MOTO 500 HO CF500AU-6L 9CR6-010100 QUAD ATV,NADWOZIE,99.00
158994167,Stacyjka CF MOTO 500 600 HO CF500AU-6L 9CR6-010100-20000,NADWOZIE,135.00
158994168,Stacyjka CF MOTO 400 500 S 9GQ0-010100 QUAD ATV,NADWOZIE,93.00
158994170,Stacyjka CF MOTO 800 9AWA-010100-20000 QUAD ATV,NADWOZIE,140.00
158994171,Przełącznik zespolony CF MOTO 500 X5 7020-160700-1000,NADWOZIE,250.00
158994172,Przełącznik zespolony lewy CF MOTO 800 X5 7020-160600 QUAD ATV,NADWOZIE,231.00
158994174,Przekaźnik rozrusznika CF MOTO 9010-150310 QUAD ATV,NADWOZIE,67.00
158994176,Przegub zewnętrzny przód tył CF MOTO 500 X5 800 X8 9010-270140-50000,NADWOZIE,313.00
158994177,Przegub zewnętrzny przód tył CF MOTO 500 600 800 9010-270160 QUAD ATV,NADWOZIE,343.00
158994178,Krzyżak wału napędowego CF MOTO 500 600 800 25x64 7020-290130 z kalamitką QUAD ATV,NADWOZIE,61.00
158994179,"Uszczelniacz wariatora CF MOTO 500 X5, 0180-053005 QUAD ATV",NADWOZIE,31.00
158994182,Sworzeń wahacza górnego CF MOTO 500 600 800 9010-050700-1000 QUAD ATV,NADWOZIE,104.00
158994185,Pompa paliwa CF MOTO 800 X8 7020-150900 QUAD ATV,NADWOZIE,661.00
158994186,Uszczelka wydechu CF MOTO 500 X5 0180-022300  QUAD ATV,NADWOZIE,26.00
158994188,Uszczelka wydechu CFMOTO 800 X8 0800-022300 QUAD ATV,NADWOZIE,27.00
158994191,Guma zmiany biegów CF MOTO 500 X5  9010-320011,NADWOZIE,62.00
158994192,Lusterko  lewe CF MOTO 7020-200200 QUAD ATV,NADWOZIE,57.00
158994194,Lusterko prawe CF MOTO 7020-200300 QUAD ATV,NADWOZIE,57.00
158994195,Wałek rozrządu CF MOTO 500 X5 0180-024100,NADWOZIE,231.00
158994202,Cewka zapłonowa CF MOTO 450 520 600 625 1000 018B-178000          NIE WZNAWIAĆ!,NADWOZIE,150.00
158994203,"Czujnik zmiany biegów CF MOTO 800 X8, 0800-012200",NADWOZIE,87.00
158994204,Cewka zapłonowa CF MOTO 800 850 0800-178000 QUAD ATV,NADWOZIE,173.00
158994208,Czujnik położenia wału CF MOTO 800 X8 0800-014100 QUAD ATV,NADWOZIE,93.00
158994210,Czujnik położenia wału CF MOTO 500 800 X8 0800-014100-1000,NADWOZIE,157.00
158994211,Czujnik położenia wału CF MOTO 520 0GR0-011020 QUAD ATV,NADWOZIE,150.00
158994214,"Czujnik zmiany biegów CF MOTO 500 X5, 0180-012200-1000, CF188-012200-1000",NADWOZIE,93.00
158994215,"Stator uzwojenie alternatora CF MOTO 500 X5, 0180-032000-0001, CF188-032000-0001",NADWOZIE,417.00
158994216,Pompa wody CF MOTO 500 X5 0180-081000F CF188-081000,NADWOZIE,278.00
158994219,Filtr oleju CF MOTO 800 X8 0800-011300-0001 QUAD ATV,NADWOZIE,29.00
158994220,Filtr oleju CF MOTO 800 X8 0800-011300 QUAD ATV,NADWOZIE,29.00
158994221,Uzwojenie alternatora stator CF MOTO 800 X8 0800-032000-3000,NADWOZIE,440.00
158994222,Uzwojenie alternatora stator CF MOTO 800 X8 0800-032000-4000,NADWOZIE,440.00
158994223,Tłok CF MOTO 800 X8 0800-040001-10010 selekcja I,NADWOZIE,157.00
158994226,Tłok CF MOTO 800 X8 0800-040001-10020 selekcja II,NADWOZIE,157.00
158994229,Cylinder CF MOTO cforce 520 0GR0-023100,NADWOZIE,393.00
158994230,Łańcuszek rozrządu CF MOTO 520 0GR0-024100,NADWOZIE,140.00
158994233,Łożysko jednokierunkowe CF MOTO 520 0GR0-051300 QUAD ATV,NADWOZIE,343.00
158994235,Przekaźnik rozrusznika CF MOTO 800 7020-150310 QUAD ATV,NADWOZIE,87.00
158994236,"Filtr paliwa CF MOTO 500 X5, 8010-120300 QUAD ATV",NADWOZIE,23.00
158994237,Filtr paliwa CF MOTO 800 805A-120004 QUAD ATV,NADWOZIE,31.00
158994238,Uszczelka wydechu CFMOTO 500 X5 9010-020102 QUAD ATV,NADWOZIE,31.00
158994241,Łącznik stabilizatora lewy CF MOTO 500 800 X5 X8 9010-060700,NADWOZIE,99.00
158994242,Łącznik stabilizatora prawy CF MOTO 500 X5 800 X8 9010-060800 QUAD ATV,NADWOZIE,104.00
158994243,Guma przegubu zewnetrznego CF MOTO 500 X5 800 X8 9010-270150-1000 QUAD ATV,NADWOZIE,92.00
158994244,"Łańcuch biegu wstecznego CF MOTO 500 X5, 0180-069000  QUAD ATV",NADWOZIE,72.00
158994246,Nakrętka dyferencjału tylnego CF MOTO 500 X5 0180-331003 QUAD ATV,NADWOZIE,50.00
158994247,Mocowanie dekiel dyferencjału tylnego CF MOTO 500 X5 0180-331005 QUAD ATV,NADWOZIE,128.00
158994249,czujnik tylnego hamulca nożnego CF MOTO 500 X5 7020-080160 QUAD ATV,NADWOZIE,76.00
158994255,Przewód hamulcowy CF MOTO 500 625 9010-080130,NADWOZIE,54.00
158994258,Przewód hamulcowy CF MOTO 500 625 9010-080190,NADWOZIE,69.00
158994261,Półos tylna lewy CF MOTO 520 625 800 1000 9010-280100-5000 QUAD ATV,NADWOZIE,579.00
158994262,Półos tylna prawa CF MOTO 520 625 800 1000 9010-280200-50001 QUAD ATV,NADWOZIE,579.00
158994263,Sworzeń wahacza górnego CF MOTO 500 600 800 9030-050600-10000,NADWOZIE,122.00
158994265,Gniazdo wału tylnego CF MOTO 450 520 625 Q520-331006,NADWOZIE,215.00
158994266,Oring króćca ssącego CF MOTO 500 X5 0180-022011 CF188-022011 QUAD ATV,NADWOZIE,12.00
158994268,Panewka sztycy kierownicy zewnętrzna CF MOTO CForce 400 500 600 800 7020-100601-00001,NADWOZIE,41.00
158994271,"Czujnik prędkości   CF MOTO 500 X5, 0130-011300 QUAD ATV",NADWOZIE,157.00
158994272,"Przekładnia kątowa CF MOTO 500 X5, 0180-062206, CF188-062206",NADWOZIE,296.00
158994274,Gażnik CF MOTO 500 0180-100000 QUAD ATV,NADWOZIE,579.00
158994275,Wieloklin napędu CF MOTO 500 600 800 0180-310003-0050,NADWOZIE,139.00
158994276,Wał korbowy CF MOTO 520 0GR0-041000-10010 QUAD ATV,NADWOZIE,1565.00
158994278,Wał korbowy CF MOTO 520 0GR0-041000-10011,NADWOZIE,1565.00
158994279,Przegub zewnętrzny przód tył CF MOTO 520 625 1000 19 frezów 9AW2-2801A0 nowsze modele,NADWOZIE,382.00
158994281,Uszczelka wydechu CF MOTO cforce 450 520 7030-021001 QUAD ATV,NADWOZIE,31.00
158994283,Uszczelka wydechu CF MOTO cforce 800 1000 7030-021002,NADWOZIE,29.00
158994284,Pompa hamulca ręcznego CF MOTO cforce 450 520 9010-080600 QUAD ATV,NADWOZIE,231.00
158994285,Przekaźnik CF MOTO cforce wiele modeli 9010-150350 QUAD ATV,NADWOZIE,25.00
158994287,Włacznik rozrusznika CF MOTO CForce 500 9010-150400,NADWOZIE,26.00
158994288,"Wirnik pompy oleju CF MOTO 800 850 1000, 0800-070001",NADWOZIE,24.00
158994289,"Oska pompy oleju CF MOTO 800 850 1000, 0800-070004",NADWOZIE,41.00
158994290,"Koło zębate pompy oleju CF MOTO 800 850 1000, 0800-070006-1000",NADWOZIE,62.00
158994292,Cylinder przedni CF MOTO cforce 1000 0JY0-023100-10010,NADWOZIE,462.00
158994294,Cylinder tylny CF MOTO cforce 1000 0JY0-023200-10010 QUAD ATV,NADWOZIE,463.00
158994296,Wirnik pompy wody CF MOTO cforce 800 0800-0800A0 QUAD ATV,NADWOZIE,72.00
158994298,Tłok CF MOTO CForce 800 820 850 0800-040001-20010 QUAD ATV,NADWOZIE,266.00
158994299,Tłok CF MOTO cforce 800 820 850 0800-040001-20020 QUAD ATV,NADWOZIE,255.00
158994303,Cylinder CF MOTO cforce 450 0GQ0-023100-00010 QUAD ATV,NADWOZIE,382.00
158994305,Cylinder CF MOTO cforce 450 0GQ0-023100-00020 QUAD ATV,NADWOZIE,382.00
158994306,Wał korbowy CF MOTO cforce 450 0GQ0-041100-00020 QUAD ATV,NADWOZIE,1391.00
158994308,Uszczelka pokrywy sprzęgła CF MOTO cforce 450 520 550 0GR0-014002,NADWOZIE,33.00
158994309,Króciec wtrysku CFMOTO CForce 450 520 550 0GR0-022900 QUAD ATV,NADWOZIE,145.00
158994313,Ślizg wariatora CF MOTO cforce 450 520 550 850 0GR0-051005 QUAD ATV,NADWOZIE,63.00
158994314,Ślizg wariatora CF MOTO cforce 450 520 550 850 0GR0-051006 QUAD ATV,NADWOZIE,48.00
158994316,Magneto CF MOTO cforce 800 850 1000 0800-031000-1000,NADWOZIE,382.00
158994318,Magneto CF MOTO cforce 800 850 1000 0800-031000-2000 QUAD ATV,NADWOZIE,390.00
158994320,Magneto CF MOTO cforce 800 850 1000 0800-031000-3000 QUAD ATV,NADWOZIE,545.00
158994321,Moduł zapłonowy ECU CF MOTO 800 0800-174000 QUAD ATV,NADWOZIE,1015.00
158994324,Sonda lambda CF MOTO cforce 800 1000 0800-176000 QUAD ATV,NADWOZIE,227.00
158994325,Uszczelka prawej pokrywy silnika CF MOTO cforce 450 520 550 0GR0-013001-10000 QUAD ATV,NADWOZIE,25.00
158994328,Cylinder CF MOTO cforce 625 0GS0-023100,NADWOZIE,463.00
158994330,Wał korbowy CF MOTO cforce 625 0GS0-041000-30013 QUAD ATV,NADWOZIE,1507.00
158994332,Uszczelka lewej pokrywy silnika CF MOTO CForce 800 850 1000 0JWA-011004-30000 QUAD ATV,NADWOZIE,61.00
158994333,Uszczelka sprzęgła duża CF MOTO cforce 800 850 1000 0JWA-012001,NADWOZIE,31.00
158994339,Tarcza hamulcowa przednia CF MOTO 520 800 7020-080001-1000 QUAD ATV,NADWOZIE,162.00
158994341,Tarcza hamulcowa tylna CF MOTO 450 520 7020-080002,NADWOZIE,139.00
158994343,Tarcza hamulcowa przednia CF MOTO 850 1000 7020-080004-00001 QUAD ATV,NADWOZIE,157.00
158994345,Pompa hamulca nożnego CF MOTO CForce 800 X8 7020-080110 QUAD ATV,NADWOZIE,324.00
158994346,Przełącznik zespolony CF MOTO 800 X8 7020-160700-00002,NADWOZIE,235.00
158994347,Tłok CF MOTO cforce 1000 0JY0-040001 QUAD ATV,NADWOZIE,185.00
158994349,Amortyzator gazowy przedni CF MOTO 500 X5  9010-050600-1001,NADWOZIE,568.00
158994351,Amortyzator gazowy tylny CF MOTO 500 X5 9010-060600-1001,NADWOZIE,533.00
158994352,Łącznik stabilizatora lewy CF MOTO 500 800 X5 X8 9010-060700-20000 QUAD ATV,NADWOZIE,111.00
158994354,Łącznik stabilizatora prawy CF MOTO 500 X5 800 X8 9010-060800-20000 QUAD ATV,NADWOZIE,104.00
158994357,Przekaźnik rozrusznika CF MOTO 9010-150310-10001 QUAD ATV,NADWOZIE,71.00
158994358,Przedni wal napędowy CF MOTO CForce 500 625 9010-290100-00001,NADWOZIE,499.00
158994359,Przekaźnik rozrusznika CF MOTO 9CR6-150310 QUAD ATV,NADWOZIE,67.00
158994360,"Ślizgi wariatora CF MOTO 500 X5, 0180-051003, CF188-051003 4szt",NADWOZIE,35.00
158994363,"Ślizgi Wariatora CF MOTO 500 X5, 0180-051003-0003, CF188-051003-0003 4 szt",NADWOZIE,45.00
158994365,Ślizgi wariatora CF MOTO cforce 450 520 550 850 0GR0-051006 3 szt  QUAD ATV,NADWOZIE,68.00
164764112,Sworzeń kulisty zwrotnicy Suzuki Vinson Eiger KingQuad 400 500 42-1026 51210-38F00,NADWOZIE,79.00
164764115,Łożyska kół Suzuki tylne 25-1293-H,NADWOZIE,67.00
164764131,Płyta montażowa wyciagarki Yamaha Grizzly 700 2007-2015,NADWOZIE,104.00
164764138,Krzyżak wału napędowego przedniego lub tylnego Polaris Sportsman 19-1005-XATV 3235616 2202015,NADWOZIE,69.00
164764145,Zestaw naprawczy wahacza przedniego górnego Honda TRX 500 50-1003,NADWOZIE,90.00
164764150,Sterownik do wyciągarki przekaźnik selenoid 200A,NADWOZIE,127.00
164764152,Sterowanie na kierownicę do wyciągarki,NADWOZIE,69.00
164764156,Rolki do wyciągarki 2500 3500 QUAD ATV,NADWOZIE,69.00
164764162,"Filtr oleju HF199 do quadów Polaris 2521424, 2520799, 3084963, 3089996",NADWOZIE,26.00
164764173,Prowadnica aluminiowa łańcucha Yamaha YFZ 450 2004-2013 niebieska,NADWOZIE,76.00
164764180,Tarcza hamulcowa tylna Suzuki LTR 450 69211-45G00 ZC6278,NADWOZIE,162.00
164764182,Tarcza hamulcowa Honda TRX 450 tylna 43251-HP1-003 ZC6233,NADWOZIE,162.00
164764189,Tarcza hamulcowa  X-ATV Kawasaki Bruteforce 650 750 2005-2016 przód 41080-1513 41080-0585 XH-1021,NADWOZIE,127.00
164764195,Zestaw naprawczy pompy hamulcowej Yamaha grizzly 660 Kodiak 400 450 suzuki LTZ 400,NADWOZIE,46.00
164764198,Łożyska tylnej osi Yamaha Kodiak 25-1139-H,NADWOZIE,122.00
164764219,Maska neoprenowa z wywietrznikiem,NADWOZIE,18.00
164764223,Zestaw ochraniaczy pro-biker nakolanniki + nałokietniki,NADWOZIE,90.00
164764232,Piankowy breloczek niezatapialny Kawasaki QUAD ATV UTV,NADWOZIE,6.00
164764233,Kołek spinka do plastików M6 C85,NADWOZIE,3.00
164764237,Kołek spinka do plastików M6 C91,NADWOZIE,3.00
164764244,Kołek spinka do plastików M8 C578,NADWOZIE,3.00
164764246,Kołek spinka do plastików M8 C623,NADWOZIE,3.00
164764249,Kołek spinka do plastików M8 C869,NADWOZIE,3.00
164764253,Kołek spinka do plastików M8 C109,NADWOZIE,3.00
164764255,Kołek spinka do plastików M8 C118,NADWOZIE,3.00
164764259,Drążek kierowniczy Kawasaki Bruteforce KVF 650 750 39111-0023 Honda TRX450R,NADWOZIE,64.00
164764262,Klocki hamulcowe can-am outlander Renegade 800 1000 2012-2015 przód tył prawa strona FA617RX DB2215,NADWOZIE,56.00
164764264,Klocki hamulcowe can-am outlander Renegade 800 1000 2012-2015 przód tył lewa strona FA618RX DB2216,NADWOZIE,56.00
164764268,Żarówka do ATV Yamaha YFM i Honda TRX wiele modeli,NADWOZIE,14.00
164764271,Klocki hamulcowe can-am Renegade Outlander 400 500 650 800 06-11 FA307RX DB2400,NADWOZIE,64.00
164764274,Klocki hamulcowe can-am outlander renagade 400 500 650 800 06-11 FA317RX DB2380,NADWOZIE,64.00
164764277,Klocki hamulcowe Suzuki Kingquad 700 750 05-14 przód prawa strona FA414RX DB2164,NADWOZIE,64.00
164764290,Klocki hamulcowe Suzuki LTZ 400 LTR 450 na tył FA137RX DB2470,NADWOZIE,64.00
166061964,"Końcówka drążka kierowniczego Yamaha Grizzly 660 700 SUZKI LTZ LTA 400 1UY-23841-01-00 51260-21G00, 51-1016 RH, 41-1025",NADWOZIE,69.00
166061966,"Końcówka wewnętrzna drążka kierowniczego Suzuki KINGQUAD 450 700 750 WE315030 L 51270-31G00 51270-31G10, 41-1048",NADWOZIE,76.00
166061969,"Końcówka zewnętrzna drążka kierowniczego Suzuki KINGQUAD 450 700 750 WE315029 P 51260-31G00 51260-31G10, 41-1047",NADWOZIE,76.00
166061972,Klocki hamulcowe Arctic cat wszystkie modele FA395RX DB2011,NADWOZIE,64.00
166061974,"Końcówka zewnętrzna drążka kierowniczego Arctic Cat wszystkie modele 0505-874, Kawasaki Praire 650 700 39112-1085 41-1023",NADWOZIE,76.00
166061980,"Końcówka wewnętrzna drążka kierowniczego Yamaha Raptor 700 YFZ450 1S3-23841-20-00, SUZUKI LTR450 LTZ400 51270-45G00 Kawasaki KFX450 CF Moto 500 41-1046",NADWOZIE,72.00
166061983,Końcówka drążka kierowniczego wewnętrzna Kawasaki Praire 650 700 39112-1083 41-1018,NADWOZIE,76.00
166061986,Końcówka zewnętrzna drążka kierowniczego Kawasaki KFX 700 92210-1385 41-1040 RH,NADWOZIE,65.00
166061988,Końcówka wewnętrzna drążka kierowniczego Kawasaki KFX 700 39112-1087 41-1039 LH,NADWOZIE,69.00
166061991,"Końcówka zewnętrzna drążka kierowniczego Kawasaki Brute Force KVF 750 05-13 39112-0009 Honda TRX 450R 53157-HP1-003, 51-1006 RH, 41-1013 RH",NADWOZIE,72.00
166061996,Końcówka zewnętrzna drążka kierowniczego Polaris Predator 500 Phoenix 200 7061113 41-1042 RH,NADWOZIE,76.00
166061998,Końcówka wewnętrzna drążka kierowniczego Polaris Predator 500 7061112 41-1041 LH,NADWOZIE,76.00
166062019,Przegub Honda Rubicon Foreman Rincon 680 wewnętrzny przód WE271171 CV1143,NADWOZIE,266.00
166062023,Przegub Honda Rincon 680 zewnętrzny tył WE271072 CV1062,NADWOZIE,266.00
166062060,Sworzeń kulisty zwrotnicy Polaris Outlaw 500 WE351035 42-1035 41-3043,NADWOZIE,84.00
166062063,"Sworzeń kulisty zwrotnicy dolny Can-Am Outlander 400 500 650 800, 706200444, 42-1040, 41-3048",NADWOZIE,92.00
166062066,Sworzeń kulisty zwrotnicy Yamaha Grizzly YFM 550 700 3B4-23579-00-00 3B4-23579-01-00 42-1038,NADWOZIE,84.00
166062069,Sworzeń kulisty zwrotnicy Kawasaki Bruteforce 650 750 Teryx 750 WE351033 42-1033,NADWOZIE,87.00
166062071,Sworzeń kulisty zwrotnicy Arctic Cat wszystkie modele 0405-483 42-1032,NADWOZIE,87.00
166062073,Sworzeń kulisty zwrotnicy Suzuki KingQuad 700 750 WE351019 42-1019 42-1027,NADWOZIE,84.00
166062076,Sworzeń kulisty zwrotnicy Honda TRX WE351015 42-1015,NADWOZIE,84.00
166062078,"Rozrusznik yamaha Grizzly YFM 600 660 , Kodiak 400 450 , Wolverine 450 5KM-81890-00-00 18759",NADWOZIE,281.00
166062082,Rozrusznik Yamaha Big Bear Wolverine 350 400 4KB-81800-00-00 4KB-81890-00-00 18758,NADWOZIE,238.00
166062085,Rozrusznik SUZUKI LTR 450 2006-2009 31100-45G00 19632,NADWOZIE,285.00
166062089,"Rozrusznik Honda TRX 680 Rincon 650 680 03-16 31200-HN8-000, 31200-HN8-003 18667",NADWOZIE,359.00
166062092,"Rozrusznik Honda TRX 500 FOREMAN 01-14 31200-HN2-A01, 31200-HN2-003, 18666",NADWOZIE,250.00
166062094,Rozrusznik Honda Rancher TRX 420 2007-2014 31200-HP5-601 18921,NADWOZIE,336.00
166062097,"Rozrusznik Honda TRX 400 450 500 1995-2011 31200-HM7-003, 31200-HM7-A41 18638 18609 SMU0048",NADWOZIE,285.00
166062100,"Rozrusznik Honda TRX 350 2000-2006 31200-HN5-671, 31200-HN5-A81, 31200-HN5-M01 18607",NADWOZIE,261.00
166062102,"Rozrusznik Can-am outlander 330 04-05, outlander 400 03-12 420684280 18823",NADWOZIE,238.00
166062106,"Rozrusznik ARCTIC CAT 400 500 650, SUZUKI LTA 500 98-07 0825-001, 0825-012, 3545-012, 3545-015, 31100-44D10, 31100-44D20, 31100-44D21 18796N",NADWOZIE,313.00
166062107,Końcówka drążka kierowniczego zewnętrzna Yamaha kodiak Grizzly Wolverine  5ND-F3845-01-00  41-1009,NADWOZIE,76.00
166062111,"Końcówka drążka wewnętrzna Yamaha Kodiak Grizzly Wolverine 400 450 1D9-F3841-00-00, 37S-23841-00-00, 1D9-F3841-01-00, 5FU-F3841-00-00, 41-1014",NADWOZIE,76.00
166062121,Przegub Suzuki KingQuad 450 700 06-07 750 08-12 zewnętrzny tył CV1171,NADWOZIE,266.00
166062124,Przegub Suzuki Kingquad 450 700 750 wewnętrzny tył 64933-31G12,NADWOZIE,266.00
166062127,Końcówka wewnętrzna drążka kierowniczego Arctic Cat WE315017 0505-875 41-1019 LH,NADWOZIE,72.00
166062130,Krzyżak wału napędowego Arctic cat Suzuki Yamaha 25x63 19-1001-XATV,NADWOZIE,69.00
166062137,Pompa paliwa Kawasaki Brute Force KVF 650 750 Praire 700 KFX 700 49040-0006 49040-1076 49040-1080 49040-0033,NADWOZIE,185.00
166062140,przekaźnik rozrusznika Yamaha Grizzly 450 660 4SV-81940-12-00,NADWOZIE,53.00
166062142,Stacyjka Honda TRX450 2004-14 35100-HP1-003,NADWOZIE,69.00
166062146,Stacyjka Honda TRX 300 EX 35010-HM3-000,NADWOZIE,69.00
166062148,Stacyjka Kawasaki KFX450 Praire 360 400 Bruteforce KVF 300 360 400 27005-1229,NADWOZIE,69.00
166062151,"Lusterko wsteczne UTV podwójne mocowanie 1,75"" do UTV Polaris",NADWOZIE,150.00
166062154,"Uchwyt montażowy mocowanie kuli haka 2""x2"" Yamaha Grizzly 700 Can-am Outlander",NADWOZIE,111.00
166062156,Uzwojenie alternatora stator Yamaha Grizzly 550 700 28P-81410-00-00 28P-81410-01-00,NADWOZIE,394.00
166062161,Chłodnica Yamaha YFZ450 2004-2009 2012-2013 2004 5TG-12461-00-00 5TG-12461-10-00,NADWOZIE,672.00
166062167,"Końcówka wewnętrzna drążka kierowniczego Honda TRX300 400 450 500 Rincon 650 680 53158-HP0-A01 53158-HP5-003, 51-1053 LH, 41-1010",NADWOZIE,76.00
166062169,"Sworzeń kulisty dolny Can-Am Outlander Renegade Maverick 570 650 800 1000 G2, 706201393, 706202045, 42-1042",NADWOZIE,94.00
166062173,Końcówka drążka kierowniczego zewnętrzna Polaris Sportsman 850 1000 XP 7061174 41-1061,NADWOZIE,76.00
166062175,"Końcówka drążka kierowniczego wewnętrzna Polaris Sportsman XP 550 850 1000 09-18  7061175, 41-1060 RH",NADWOZIE,76.00
166062184,Wał napędowy tylny Can-am Outlander renegade G2 1000 2012-2018 L375 18/20,NADWOZIE,626.00
166062189,Cewka zapłonowa z fajką Honda TRX 250 30510-HN6-000 QUAD UTV,NADWOZIE,57.00
166062195,Przekaźnik rozrusznika CF Moto,NADWOZIE,53.00
166062199,czujnik położenia przepustnicy TPS Suzuki Kingquad 700 750 13580-31G00  QUAD UTV,NADWOZIE,278.00
166062201,Zestaw przełączników na kierownicę kierunkowskazy klakson aluminiowy korpus HIT,NADWOZIE,39.00
166062208,Zestaw naprawczy wahaczy kompletny na cały przód Kawasaki Bruteforce KVF 750 50-1059,NADWOZIE,324.00
166062209,Filtr powietrza Arctic Cat 400 500 650 0470-494 0470-663,NADWOZIE,57.00
166062212,Osłony amortyzatorów skarpety Can-am Outlander Renegade QUAD ATV,NADWOZIE,145.00
166062214,Chłodnica Can-am Outlander G1 500 650 800 06-12 709200120 709200305 709200410 zwiększona pojemność,NADWOZIE,893.00
166062221,Wentylator chłodnicy Yamaha Grizzly 550 700 07-14 28P-12405-00-00 3B4-12405-00-00 1HP-E2405-00-00,NADWOZIE,371.00
166062224,Osłony amortyzatorów skarpety Kawasaki QUAD ATV,NADWOZIE,145.00
166062226,Zestaw naprawczy gaźnika Yamaha Warrior 350 YFM350X 1988-2004,NADWOZIE,76.00
166062229,Drążek kierowniczy wzmacniany 14mm Honda Rincon TRX 500 650 680 oem 53521-HN2-000,NADWOZIE,64.00
166062234,Zestaw naprawczy wahacza tylnego Suzuki Kingquad LTA 750 50-1075,NADWOZIE,347.00
166062240,Zestaw naprawczy wahacza tylnego Suzuki LTA 450 700 (05-07) 50-1041-K,NADWOZIE,157.00
166062245,"Końcówka wewnętrzna drążka kierowniczego Kawasaki Bruteforce KVF 750 39112-0010 Honda TRX 450R 53158-HP1-003, 51-1006 LH, 41-1008",NADWOZIE,76.00
166062247,"Nakrętka stożkowa chromowana do alufelg M10x1,25 na klucz 14mm L-28mm 13271",NADWOZIE,5.00
166062250,Tarcza hamulcowa Honda TRX 400 EX TRX 450 przód 45251-HN1-003,NADWOZIE,162.00
166062251,Tarcza hamulcowa Honda Rincon TRX 680 TRX 500 przód 45251-HP0-A01,NADWOZIE,139.00
166062255,Tarcza hamulcowa Suzuki Kingquad 450 700 750 przód bez wspomagania 59211-31G00 59211-31G10 ZC6261,NADWOZIE,162.00
166062265,Tarcza hamulcowa Polaris Sportsman 550 850 1000 XP Scrambler 850 1000 XP przód tył 5250205,NADWOZIE,127.00
166062270,Tarcza hamulcowa Arctic cat 400 500 650 700 prowler 700 1000 wildcat 1000 1402-874,NADWOZIE,127.00
166062274,Chłodnica Suzuki Kingquad 450 500 700 750 05-2015 17710-31G10 17710-31G11 17710-31G20 17710-31G40,NADWOZIE,707.00
166062275,Uszczelka pod głowice Suzuki Kingquad 700 11141-31G00 zamiennik,NADWOZIE,74.00
166062288,Komplet uszczelek silnika Suzuki Kingquad LTA 700 05-07 808100F,NADWOZIE,371.00
166062292,Uszczelki na górę silnika TOP-END Suzuki Kingquad 700 05-07 810200T,NADWOZIE,273.00
166062296,Kanister do quada 5L z mocowaniem,NADWOZIE,180.00
166062298,Rozrusznik Can-am bombardier DS 650 420294351 711294351  18820,NADWOZIE,347.00
166062303,Rozrusznik Yamaha Briun Big Bear 250 5XG-H1800-00-00 18753,NADWOZIE,243.00
166062306,"Rozrusznik Yamaha 250 timberwolf , beartracker 250 18754 QUAD ATV",NADWOZIE,227.00
166062307,Osłony amortyzatorów skarpety Yamaha Raptor Niebieskie,NADWOZIE,145.00
166062314,Łożysko piasty koła tylnego Kawasaki bruteforce KVF 650 750 92045-0094 25-1536-XATV,NADWOZIE,69.00
166062316,Klocki hamulcowe Honda Foreman Rubicon TRX 500 Rincon TRX 680 TRX700 przód FA410RX DB2015,NADWOZIE,64.00
166062319,Klocki hamulcowe Suzuki Kingquad 700 750 05-14 przód lewa strona FA413RX DB2163,NADWOZIE,64.00
166062322,Osłony dłoni firmy X-ATV kolor żółty z zestawem montażowym,NADWOZIE,162.00
166062324,Osłony dłoni  firmy X-ATV kolor czerwony z zestawem montażowym,NADWOZIE,162.00
166062326,Osłony dłoni  firmy X-ATV kolor niebieski z zestawem montażowym,NADWOZIE,162.00
166062328,Osłony dłoni  firmy X-ATV kolor zielony z zestawem montażowym,NADWOZIE,162.00
166062331,"Kula haka holowniczego do quada mała średnica mocowania 19mm Quady, ATV, UTV",NADWOZIE,45.00
166062333,Rozrusznik Honda TRX 400 FourTrax Rancher 31200-HN7-003 18683N,NADWOZIE,429.00
166062340,Rękawice skórzano tekstylne letnie model Spectrum rozm M niebieskie,NADWOZIE,92.00
166062346,Rękawice skórzano tekstylne długie ocieplane MADBIKE rozm L czarne,NADWOZIE,104.00
166062350,Chłodnica Honda TRX 420 TRX 500 Foreman Rancher 2007-2014 19010-HP5-601 zwiększona pojemność,NADWOZIE,521.00
167445277,Chłodnica Kawasaki KVF 650 bruteforce Praire 700 2004-2010 39060-0011 zwiększona pojemność,NADWOZIE,661.00
167446686,Drążek kierowniczy Polaris RZR 1000 2014 1823984 51-1055-R 51-1055-L 41-6519,NADWOZIE,150.00
167446687,Drążek kierowniczy wzmacniany 16mm Suzuki Kingquad 450 700 750 Can-am Outlander G2 Renegade 800 1000,NADWOZIE,76.00
167446689,Drążek kierowniczy Can-am Maverick 1000 2013-2016 709401427 41-6018 QUAD UTV,NADWOZIE,92.00
167446690,Końcówka drążka kierowniczego zewnętrzna Can-am Maverick 1000 2013-2016 709401125 41-1065,NADWOZIE,139.00
167446692,Końcówka drążka kierowniczego wewnętrzna Can-am Maverick 1000 2013-2016  41-6518,NADWOZIE,127.00
167446693,Filtr oleju HF113 Honda TRX 350 400 420 450,NADWOZIE,12.00
167446696,Filt oleju HF138 Suzuki kingquad arctic cat,NADWOZIE,23.00
167446698,Osłony amortyzatorów skarpety Kymco QUAD ATV,NADWOZIE,145.00
167446700,Osłony amortyzatorów skarpety Yamaha QUAD ATV,NADWOZIE,145.00
167446702,Tarcza hamulcowa X-ATV Honda TRX 420 przednia ZC6302 45251-HP5-601,NADWOZIE,139.00
167446703,Osłony amortyzatorów skarpety Arctic Cat QUAD ATV,NADWOZIE,145.00
167446706,Rękawice skórzano tekstylne letnie model Spectrum rozm L czarne,NADWOZIE,92.00
167446709,Rękawice skórzano tekstylne letnie model Spectrum rozm XL czarne,NADWOZIE,92.00
167446712,Rękawice skórzano tekstylne letnie model Spectrum rozm XL niebieskie,NADWOZIE,92.00
167446721,Gogle z miękką ramką i szybą tęczową,NADWOZIE,87.00
167446724,Osłony amortyzatorów skarpety CF Moto QUAD ATV,NADWOZIE,145.00
167446725,Prowadnica aluminiowa łańcucha Suzuki LTR 450 2006-2009 złota QUAD ATV,NADWOZIE,76.00
167446727,czujnik temperatury cieczy Honda TRX 500 2012-2013 37870-RZA-007,NADWOZIE,46.00
167446728,czujnik temperatury cieczy Kawasaki KFV 750 KFX 450 21176-0009,NADWOZIE,61.00
167446730,czujnik temperatury cieczy Can-am Outlander Renegade Commander 800 1000 278001016 QUAD UTV,NADWOZIE,61.00
167446731,Klocki hamulcowe sintermetalowe CF Moto Linhai  FA453RX 9010-0808A0,NADWOZIE,64.00
167446734,Klocki hamulcowe Kawasaki KFX 450 700 KVF 650 przód prawe FA349RX DB2260,NADWOZIE,64.00
167446736,"Klocki hamulcowe Kawasaki KFV 650 KFX 700 przód lewa strona 43082-0077, DB2490, FA342R",NADWOZIE,64.00
167446740,Pompa paliwa Honda TRX 420 500 Rincon 680  16700-HP5-602 16700-HN8-601 Suzuki LTR 450 15100-45G01 15100-45G02,NADWOZIE,208.00
167446742,Manszeta guma przegubu 19-5012 19-5029 Kawasaki Yamaha Przód Wewnętrzny Zewnętrzny,NADWOZIE,46.00
167446744,Tarcza hamulcowa Honda TRX 400 EX tylna 43251-HN1-003 ZC6164,NADWOZIE,162.00
167446746,Łozyska kół Polaris Sportsman 850/550 XP X2 Touring 25-1628 3514627 3514699,NADWOZIE,99.00
167446747,Rozrusznik Suzuki Kingquad 700 750 31100-31G00 Arctic cat 700 3545-020 18810,NADWOZIE,324.00
167446750,Manszeta guma przegubu 19-5016 Kawasaki Suzuki Przód Tył Wewnętrzny,NADWOZIE,46.00
167446751,Manszeta guma przegubu 19-5011 Honda TRX Suzuki KingQuad,NADWOZIE,46.00
167446758,Manszeta guma przegubu 19-5009 Honda TRX Kawasaki BruteForce Yamaha Rhino Polaris,NADWOZIE,46.00
167446760,Manszeta guma przegubu Polaris Can-Am Tył wew zew 19-5005 19-5022,NADWOZIE,46.00
167446761,Uszczelniacz pokrywy alternatora CF Moto cforce 500 X5 28X52X7 0180-014008 CF188-014008,NADWOZIE,29.00
167446773,Tylna oś napędowa Honda TRX350 TRX 400 42311-HN5-670 42311-HN5-671 42311-HN5-672,NADWOZIE,626.00
167446774,Tylna oś Honda TRX420 42310-HP5-600,NADWOZIE,579.00
167446776,Tylna oś Honda TRX500 42311-HN2-010 42311-HN2-020,NADWOZIE,626.00
167446777,Tylna oś Honda TRX400FW TRX450ES/S/FM/FE 42311-HM7-000 42311-HM7-A00 42311-HM7-A01 42311-HM7-A02,NADWOZIE,626.00
167446779,Półoś can-am outlander renegade G1 przód lewa bez przegubów,NADWOZIE,162.00
167446780,Półoś can-am outlander renegade G1 przód prawa bez przegubów,NADWOZIE,162.00
167446788,Zacisk hamulcowy przedni lewy HONDA TRX420 500 45150-HP5-601​ QUAD ATV,NADWOZIE,243.00
167446789,Zacisk hamulcowy przedni prawy HONDA TRX420 500 45250-HP5-601,NADWOZIE,243.00
167446790,Zacisk hamulcowy tylny prawy Can-am outlander renegade 800 1000 G2 705600859,NADWOZIE,289.00
167446793,Pokrowiec na quada XXXL czarno srebrny,NADWOZIE,157.00
167446798,"Końcówka drążka kierowniczego Yamaha Grizzly 660 700 SUZKI LTZ LTA 400 1UY-23845-01-00 51270-21G00 51-1016 LH , 41-1021",NADWOZIE,72.00
167631656,"Krzyżak wału napędowego can-am commander 2015-2017, 19-1017-XATV 19-1006 715900270 703500846",NADWOZIE,69.00
167631661,Drążek kierowniczy wzmacniany 14mm Suzuki Kingquad 450 700 750 CAN-AM OUTLANDER G2 RENEGADE 800 1000,NADWOZIE,69.00
167631668,Licznik motogodzin z funkcja obrotomierza,NADWOZIE,69.00
167631694,Tylna oś napędowa Honda TRX300FW 1987-2009 42310-HC5-970,NADWOZIE,626.00
167631699,Wtryskiwacz wtrysk paliwa Kawasaki Bruteforce KVF 750i Teryx 750  49033-1060,NADWOZIE,336.00
167631703,Wtryskiwacz wtrysk paliwa Honda TRX 680 Rincon 16450-HN8-A61,NADWOZIE,336.00
167631713,Cewka zaplonowa Suzuki LTF 250 33410-05G00,NADWOZIE,69.00
167631716,Rozrusznik Honda TRX 300 18337,NADWOZIE,266.00
167631721,Czujnik połozenia wału kawasaki KVF 360 650 750 Praire 360 700 Teryx 750 Mule 21176-1104,NADWOZIE,143.00
167631729,Wentylator chłodnicy Kawasaki Praire 700 KVF 650 59502-0012,NADWOZIE,371.00
167631734,Osłony amortyzatorów skarpety Honda Rincon Rubicon Fourtrax Rancher QUAD,NADWOZIE,145.00
167631737,Osłony amortyzatorów skarpety Suzuki LTZ 400 LTR 450 QUAD ATV,NADWOZIE,145.00
167631741,Osłony amortyzatorów skarpety Can-am Outlander Renegade QUAD ATV,NADWOZIE,145.00
167631745,Rozrusznik Yamaha Grizzly Wolverine Bruin 350 3HE-81890-00-00 18757N,NADWOZIE,227.00
167631805,Krzyzak wału napędowego Kawasaki KVF 750 19-1004,NADWOZIE,81.00
167631817,Dystanse X-ATV rozstaw otworów 4/110 30mm nie zrywające szpilek WS11030 QUAD ATV,NADWOZIE,243.00
169113458,Dystanse X-ATV rozstaw otworów 4/110 45mm nie zrywające szpilek WS11045,NADWOZIE,289.00
169113459,Uszczelki na cały silnik X-ATV Can-am Commander Maverick Renegade Outlander 800 06-15 808956,NADWOZIE,429.00
169113460,Uszczelki na cały silnik X-ATV Can-am Commander Maverick Renegade Outlander 1000 06-15 808957,NADWOZIE,429.00
169113462,Dystanse X-ATV rozstaw otworów 4/136 Can-am 30mm  WS13630 QUAD UTV,NADWOZIE,273.00
169113463,Dystanse X-ATV rozstaw otworów 4/136 Can-am 45mm WS13645,NADWOZIE,331.00
169113465,Osłony amortyzatorów skarpety Kawasaki KFX QUAD ATV,NADWOZIE,145.00
169113467,"Szpilka dystansów piasty M10x1,25 QUAD ATV",NADWOZIE,11.00
169113474,Prowadnica aluminiowa łańcucha Suzuki LTZ 400 2003-2014 złota,NADWOZIE,76.00
169113476,Prowadnica aluminiowa łańcucha Yamaha YFZ 450 R 2009-2015 niebieska,NADWOZIE,76.00
169113481,włącznik wyciagarki Can-am maverick commander 800 1000 SW012TCL QUAD UTV,NADWOZIE,46.00
169113483,Pokrowiec na quada XXXL srebrny,NADWOZIE,139.00
169113491,Uszczelka pod głowice Suzuki Kingquad 750 11141-31G50 zamiennik,NADWOZIE,74.00
169113495,"Płyta montażowa wyciągarki na tył do quadów Polaris 1-1/4""x1-1/4""",NADWOZIE,157.00
169113499,Piasta osi tylna prawa Honda TRX 350 400 450 42610-HM7-610 42610-HM7-000 42610-HN0-670,NADWOZIE,319.00
169113500,Rozrusznik Kawasaki Bruteforce Praire KVF 360 21163-1328 18717,NADWOZIE,347.00
169113502,Rozrusznik Kawasaki Bruteforce Praire KVF 400 KLF 400 21163-1208 18702,NADWOZIE,266.00
169113504,Regulator napięcia kawasaki KVF 650 750 2005-2011 21066-0030,NADWOZIE,273.00
169113506,Regulator napięcia Kawasaki KVF 650 750 2012-2014 21066-0022 21066-0758,NADWOZIE,289.00
169113508,Regulator napięcia suzuki LTR 450 LTZ 400 32800-05G10 32800-05G11,NADWOZIE,278.00
169113510,Regulator napięcia polaris Sportsman 500 800 EFI 4011569 4012384 4011925,NADWOZIE,319.00
169113512,Osłony amortyzatorów skarpety Polaris QUAD ATV,NADWOZIE,145.00
169113522,Uszczelka wydechu can-am outlander renegade commander 400 500 570 650 800 850 1000 G1 G2 707600195 707600242 707600317,NADWOZIE,29.00
169113524,Uszczelniacze zaworowe oraz oringi can-am outlander renegade commander 400 500 570 650 800 850 1000 G1 G2 420230515,NADWOZIE,57.00
169113529,Sworzeń kulisty górny Can-am maverick X3 Defender 706202801,NADWOZIE,87.00
169113531,Dystanse X-ATV rozstaw otworów 4/110 30mm M12 Odes Yamaha YXZ1000R WS11030M12,NADWOZIE,255.00
169113533,Dystanse X-ATV rozstaw otworów 4/136 M12 30mm can-am maverick X3 WS13630M12,NADWOZIE,301.00
169113535,czujnik temperatury wody Suzuki Kingquad 700 750 13650-10G00,NADWOZIE,53.00
169113540,Uszczelniacz tylnego mostu wyjście półosi Suzuki Kingquad 500 700 750 09283-59001,NADWOZIE,39.00
169113542,Uszczelniacz dyferencjału Suzuki Kingquad 700 750 oem 27406-38FD0,NADWOZIE,31.00
169201173,Uszczelniacze dyferencjału tylnego Kawasaki KVF 360 650 750 Praire wszystkie ze sztywna osią 25-2062-5,NADWOZIE,57.00
169201176,Uszczelniacze dyferencjału przedniego Kawasaki KVF 360 650 750 25-2066-5,NADWOZIE,46.00
169201179,Uszczelniacze dyferencjału przedniego Can-am outlander renegade commander Maverick 800 1000 G1 G2 25-2069-5,NADWOZIE,57.00
169201180,Uszczelniacze dyferencjału tylnego Kawasaki KVF 650 750 25-2091-5 QUAD UTV,NADWOZIE,46.00
169201182,Zestaw naprawczy wahacza przedniego górnego Yamaha Raptor 660 50-1004,NADWOZIE,104.00
169201186,"Nakrętka stożkowa chromowana do kół M10x1,25 na klucz 14mm do felg L-32 mm",NADWOZIE,5.00
169201188,Piankowy breloczek niezatapialny Suzuki QUAD ATV UTV,NADWOZIE,6.00
169201190,Piankowy breloczek niezatapialny Honda QUAD ATV UTV,NADWOZIE,17.00
169201198,Pokrowiec na quada XXXL camouflage wzór lasu,NADWOZIE,173.00
169201200,"Kosz przedniego dyferencjału Polaris Sportsman Ranger RZR Scrambler 500 800 850 900 1000 3235263, 3234466, 3234907, 3235262",NADWOZIE,603.00
169201209,Chłodnica Polaris sportsman XP 550 850 Scrambler 850 1240404,NADWOZIE,719.00
169201211,Stacyjka Honda TRX420 TRX500 35100-HP5-600 QUAD ATV,NADWOZIE,69.00
169201214,Filtr paliwa Suzuki Kingquad LTA 450 500 700 750 15100-31G30 QUAD UTV,NADWOZIE,31.00
169201216,Filtr paliwa Honda TRX 420 TRX 500 TRX 680 16706-HN8-A62,NADWOZIE,34.00
169201218,Filtr paliwa Honda TRX 420 TRX 500 TRX 680  2012-2018 16706-HR0-F01,NADWOZIE,28.00
169201219,Filtr paliwa Kawasaki KVF brute force 750 49019-0013,NADWOZIE,28.00
169201221,Filtr paliwa Honda TRX 420 TRX 500 2014-2018 16700-HR3-A21,NADWOZIE,28.00
169201225,Łożysko piasty koła Honda TRX 300 350 420 07-14 przód 91051-HC5-003 25-1003-H QUAD UTV,NADWOZIE,92.00
169201228,Zacisk hamulcowy przedni lewy Kawasaki Suzuki LTR 43080-0019 43080-0089,NADWOZIE,231.00
169201230,Zacisk hamulcowy przedni prawy Kawasaki Suzuki LTR 650 750 43080-0020,NADWOZIE,231.00
169201232,Zacisk hamulcowy tylny Suzuki LTZ 400 69100-07G10 kawasaki KFX 400 QUAD ATV,NADWOZIE,250.00
169201234,Dystanse X-ATV rozstaw otworów 4/136 M12 45mm can-am maverick X3 WS13645M12,NADWOZIE,389.00
169201235,Dystanse X-ATV rozstaw otworów 4/136 Can-am 50mm WS13650 QUAD ATV,NADWOZIE,389.00
169201237,Dystanse X-ATV  4/110 50mm nie zrywające szpilek WA11050 QUAD ATV,NADWOZIE,331.00
169201239,Dystanse X-ATV  4/136 Can-am 30mm nie zrywające szpilek WA13630 QUAD ATV,NADWOZIE,296.00
169201242,Dystanse X-ATV 4/136 Can-am 50mm nie zrywające szpilek WA13650 QUAD ATV,NADWOZIE,347.00
169201243,Zacisk hamulcowy przedni lewy Yamaha Rhino 450 660 700 5B4-2580T-01-00 ​ QUAD ATV,NADWOZIE,231.00
169201245,Zacisk hamulcowy przedni prawy Yamaha Rhino 450 660 700 5B4-2580U-01-00,NADWOZIE,231.00
169342609,Wentylator chłodnicy CF Moto 500 X5 9010-180200-A000 QUAD UTV,NADWOZIE,324.00
169342610,Nakrętka stożkowa chromowana do kół M12 na klucz 17mm Polaris RZR 13274,NADWOZIE,5.00
170701208,Końcówka wewnętrzna drążka kierowniczego Arctic Cat 41-1017 51-1027-LH,NADWOZIE,72.00
170701211,Końcówka drążka kierowniczego wewnętrzna Polaris Sportsman 41-1022 51-1051,NADWOZIE,76.00
170701216,Końcówka drążka kierowniczego wewnętrzna Polaris 41-1053 51-1051-RH 7061171,NADWOZIE,76.00
170701219,Końcówka wewnętrzna drążka kierowniczego Arctic Cat Wildcat 41-1069 51-1056,NADWOZIE,74.00
170701222,Końcówka zewnętrzna drążka kierowniczego Arctic Cat Wildcat 41-1070 51-1056,NADWOZIE,74.00
170701226,Guma mocowania silnika poduszka Yamaha Grizzly 550 700 3B4-21485-00-00 QUAD UTV,NADWOZIE,115.00
170701234,Felga stalowa 12x7 4/110 ET 4+3 (+10) Yamaha Honda Kawasaki Suzuki czarny,NADWOZIE,308.00
170701252,Tarcza hamulcowa przód Yamaha Big bear Kodiak 350 400 4KB-2582T-00-00,NADWOZIE,139.00
170701276,Stacyjka Arctic Cat 400 500 700 1000 0430-090,NADWOZIE,69.00
170701281,Stacyjka Suzuki LTZ 400 LTR 450 37110-45G00 37110-07G30,NADWOZIE,76.00
170701285,Manetki gumowe ATV czarno szare soft,NADWOZIE,34.00
170701287,Manetki gumowe ATV czarno czerwone,NADWOZIE,38.00
170701307,Przekaźnik rozrusznika Suzuki Kingquad 450 700 750 Suzuki GSX-R 600 1000 SV650 31800-41G00,NADWOZIE,64.00
170701310,Przekaźnik rozrusznika Suzuki LTZ 400 31800-07G00,NADWOZIE,69.00
170701313,Przekaźnik rozrusznika Suzuki Eiger Vinson LTA LTF 400 500 31800-03G00,NADWOZIE,69.00
170701319,Licznik motogodzin uniwersalny,NADWOZIE,50.00
170753369,Drążek kierowniczy wzmacniany Honda Rincon TRX 500 650 680 53521-HN2-000,NADWOZIE,57.00
170753375,Łożysko piasty koła Honda TRX 400 450 500 650 680 przód 25-1005 91051-HA7-651,NADWOZIE,87.00
170753377,Łożyska koła przedniego Kawasaki Bruteforce KVF 750 25-1497 92045-0095,NADWOZIE,81.00
170753378,Osłony dłoni  firmy X-ATV kolor zielony z zestawem montażowym aluminiowym,NADWOZIE,197.00
170753380,Osłony dłoni  firmy X-ATV kolor niebieski z zestawem montażowym aluminiowym,NADWOZIE,197.00
170753381,Osłony dłoni  firmy X-ATV kolor czerwony z zestawem montażowym aluminiowym,NADWOZIE,197.00
170753383,Osłony dłoni firmy X-ATV kolor żółty z zestawem montażowym aluminiowym,NADWOZIE,197.00
170753386,Dystanse X-ATV 4/136 Can-am 40mm nie zrywające szpilek WA13640 QUAD ATV,NADWOZIE,324.00
170753389,Dystanse X-ATV rozstaw otworów 4/144 40mm nie zrywające szpilek WA14440,NADWOZIE,347.00
170753390,Końcówka drążka kierowniczego zewnętrzna Yamaha 1D9-F3845-00-00 41-1049,NADWOZIE,76.00
170753392,Rozrusznik CF Moto 800 X8 0800-091000 19495N,NADWOZIE,366.00
170753394,szczeki hamulcowe Honda H307,NADWOZIE,57.00
170753396,Filtr powietrza Honda TRX 420 HFF1027,NADWOZIE,76.00
170753397,Filtr powietrza Honda TRX 500 680 HFF1029,NADWOZIE,81.00
170753402,Filtr powietrza Yamaha Raptor 700 HFF4025 1S3-14451-00-00,NADWOZIE,54.00
170753408,Tarcza hamulcowa Yamaha Raptor 700 YFZ 450 tył 1S3-2582W-10-00,NADWOZIE,157.00
170753409,Zestaw naprawczy wahacza tylnego Can-am outlander renegade 500 650 800 1000 G2 50-1080,NADWOZIE,115.00
170753413,Osłony amortyzatorów skarpety Polaris Scrambler 1000 QUAD ATV,NADWOZIE,169.00
170753414,Osłony amortyzatorów skarpetyczarno żółte Polaris Scrambler 1000,NADWOZIE,169.00
170753415,Osłony amortyzatorów skarpety Suzuki Kingquad 750 Power Stering QUAD ATV,NADWOZIE,169.00
170753416,Osłony amortyzatorów skarpety Suzuki Kingquad 450 700 750 QUAD ATV,NADWOZIE,169.00
170753417,Osłony amortyzatorów skarpety Kawasaki KFX 700 QUAD ATV,NADWOZIE,169.00
170753418,Piankowy breloczek niezatapialny Arctic Cat QUAD ATV UTV,NADWOZIE,11.00
170753419,Piankowy breloczek niezatapialny Kymco QUAD ATV UTV,NADWOZIE,17.00
170753420,Piankowy breloczek niezatapialny Kawasaki QUAD ATV UTV,NADWOZIE,17.00
170753422,Osłony amortyzatorów skarpety Polaris Sportsman 570 QUAD ATV,NADWOZIE,169.00
170753424,Osłony amortyzatorów skarpety Can-Am Outlander 800 1000 QUAD ATV,NADWOZIE,169.00
170753425,Osłony amortyzatorów skarpety Can-am Outlander 800 1000 QUAD ATV,NADWOZIE,169.00
170753426,Chłodnica Suzuki LTZ400 o zwiększonej pojemności 2009-2013 17710-33H00,NADWOZIE,656.00
170753427,"Trzpień z zabezpieczeniem do mocowania kuli haka 2""x2"" can-am 84161-1",NADWOZIE,32.00
170753428,Osłony amortyzatorów skarpety Polaris Sportsman 1000 XP QUAD ATV,NADWOZIE,169.00
170887007,Osłony amortyzatorów skarpety KTM 505 525 QUAD ATV,NADWOZIE,169.00
170887011,Rozrusznik Honda TRX700XX 19650,NADWOZIE,417.00
170887014,Filtr powietrza Can-am Commander Maverick 800 1000 707800327,NADWOZIE,85.00
170887019,Piankowy breloczek niezatapialny Can-am QUAD ATV UTV,NADWOZIE,17.00
170887022,Piankowy breloczek niezatapialny CF Moto QUAD ATV UTV,NADWOZIE,17.00
170887026,Piankowy breloczek niezatapialny Polaris QUAD ATV UTV,NADWOZIE,17.00
170887051,przekaźnik rozrusznika Kawasaki KVF 360 400 650 750 27010-1098 27010-0766,NADWOZIE,53.00
170887057,Stacyjka Kawasaki KVF 650 750 27005-0019,NADWOZIE,57.00
170887062,Stacyjka Suzuki LTA LTF 400 500 37110-38F00 37110-38F01,NADWOZIE,69.00
170887065,Rolki wariatora kpl 8szt Suzuki Kingquad 450 700 750 21650-31G00 QUAD ATV,NADWOZIE,115.00
170887069,"Kapsel do felg X-ATV  modele AR102, AR103, AR104",NADWOZIE,45.00
170887074,Wycieraczka manualna do pojazdów UTV model 03,NADWOZIE,150.00
170887078,Wycieraczka manualna do pojazdów UTV model 04,NADWOZIE,150.00
170887082,Poszerzenia błotników Overfenders Can-am Maverick X3  QUAD UTV,NADWOZIE,846.00
170887086,Filtr powietrza Kawasaki KVF Praire 650 700 KFX 700 11013-0001,NADWOZIE,77.00
170887093,Regulator napięcia Can-am Outlander Renegade Commander Maverick 710001191,NADWOZIE,417.00
170887101,Końcówka drążka kierowniczego zewnętrzna Can-am Commander 709401134 51-1049,NADWOZIE,115.00
170887106,Dystanse X-ATV rozstaw otworów 4/144 40mm WS14440,NADWOZIE,273.00
170887118,Nakrętka stożkowa chromowana do kół gwint 3/8-24 klucz 14mm Polaris 13272,NADWOZIE,5.00
170887122,"Lusterka wsteczne UTV komplet lewe i prawe z mocowaniem 1,75"" i 2""",NADWOZIE,157.00
170887126,Lusterka wsteczne Can-am Maverick X3 komplet lewe i prawe,NADWOZIE,301.00
170887133,Zestaw naprawczy wariatora Can-am outlander Renegade Can-am outlander Renegade 500 650 800 G1 G2,NADWOZIE,556.00
170887151,Dystanse X-ATV rozstaw otworów 4/110 40mm nie zrywające szpilek WA11040 QUAD ATV,NADWOZIE,301.00
170887158,Termometr elektroniczny Koso slim czerwony z czujnikiem,NADWOZIE,87.00
170887162,Gogle czarne nieparujące soft,NADWOZIE,115.00
170887178,Drążek kierowniczy wzmacniany Can-am Outlander Renegade 703501025 703501039,NADWOZIE,68.00
171331788,Maglownica Polaris Ranger 500 700 800 EFI 1823338 1823795,NADWOZIE,707.00
171331793,Kompletna maglownica Yamaha 5UG-F3400-00-00,NADWOZIE,719.00
171331799,Zestaw naprawczy wahacza góra dół Polaris Sportsman Scrambler RZR 50-1094,NADWOZIE,86.00
171331803,Termometr elektroniczny czerwony wyświetlacz z czujnikiem  QUAD ATV,NADWOZIE,87.00
171331806,Włącznik świateł Can-am maverick commander 800 1000,NADWOZIE,45.00
171331809,Włącznik świateł Can-am Maverick commander 800 1000  QUAD UTV,NADWOZIE,45.00
171331813,Włącznik świateł awaryjnych Can-am maverick commander 800 1000,NADWOZIE,45.00
171331817,Włącznik wentylatora Can-am maverick commander 800 1000,NADWOZIE,45.00
171331826,Filtr oleju HF111,NADWOZIE,13.00
171331828,Filtr oleju HF139,NADWOZIE,13.00
171331831,Filtr oleju HF556,NADWOZIE,23.00
171331833,Filtr oleju HF621,NADWOZIE,28.00
171331837,Lusterko wsteczne wypukłe do pojazdów UTV Polaris pojedyncze mocowanie,NADWOZIE,139.00
171331841,"Lusterka boczne UTV Polaris mocowanie 1,75""",NADWOZIE,313.00
171331843,Lusterka kpl czarne z uchwytami na kierownice LU8148,NADWOZIE,64.00
171331850,Gaźnik Yamaha YFM 250 Bear Tracker 4XE-14140-00-00,NADWOZIE,324.00
171331854,Obudowa maskownica przełączników do UTV zewnetrzna na lewa lub prawą stronę,NADWOZIE,11.00
171331859,Obudowa maskownica przełączników do UTV wewnętrzna,NADWOZIE,11.00
171331873,Końcówka drążka kierowniczego zewnętrzna Polaris 41-1063 51-1051-LH,NADWOZIE,76.00
171331887,Klocki hamulcowe przód Honda Foreman Rubicon TRX Rincon FA410R DB2015,NADWOZIE,57.00
171331903,Króciec ssący Yamaha Grizzly 125 3FA-13584-01,NADWOZIE,72.00
171331907,Króciec ssący Yamaha Grizzly 660 5KM-13586-00-00 5KM-13586-01-00,NADWOZIE,64.00
171331910,Króciec ssący Yamaha YFM 350 Big Bear Kodiak 3HN-13586-00 3HN-13586-02-00,NADWOZIE,64.00
171331915,Króciec ssący Polaris  250 300 400 3085013,NADWOZIE,72.00
171331917,Króciec ssący Polaris 325 330 5411588,NADWOZIE,81.00
171331921,Króciec ssący Polaris 325 330 3087050,NADWOZIE,67.00
171331923,Króciec ssący Arctic Cat 250 300 0470-347,NADWOZIE,81.00
171331928,Króciec ssący Kawasaki KVF Praire 400 16065-1337,NADWOZIE,64.00
171331932,Króciec ssący Honda TRX400EX 16211-HN1-010,NADWOZIE,81.00
171331934,Króciec ssący Yamaha Wolverine 350 4KB-13586-01-00,NADWOZIE,81.00
171331939,Króciec ssący Yamaha Bear Tracker 250 4XE-13586-00 QUAD ATV,NADWOZIE,67.00
171331942,Króciec ssący Yamaha Warrior 350 1UY-13586-02-00,NADWOZIE,63.00
171331945,Króciec ssący Yamaha Banshee 350 31K-13565-01 2 szt,NADWOZIE,92.00
171331950,Króciec ssący Can-am DS650  711267240 420267240 QUAD UTV,NADWOZIE,81.00
171331966,Drążek kierowniczy wzmacniany Can-am Outlander Renegade 703501025 703501039,NADWOZIE,76.00
171331970,Końcówka drążka kierowniczego wewnętrzna Polaris Sportsman 41-1171 7061171,NADWOZIE,127.00
171331973,Końcówka drążka kierowniczego zewnętrzna Polaris Sportsman 41-1170 7061170,NADWOZIE,127.00
171331979,Kierunkowskazy led dynamiczne pływające 100% wodoszczelne 2 szt,NADWOZIE,50.00
171331981,Mocowanie kierownicy uniwersalne czarne z 22mm na 22/28mm wysokość 35mm,NADWOZIE,76.00
171495217,Osłona kierownicy Suzuki,NADWOZIE,28.00
171495222,Stacyjka Kawasaki KFX700 Praire 650 700 KVF 650 27005-1267 27005-1230,NADWOZIE,57.00
171495230,"Trzpień z zabezpieczeniem do mocowania kuli haka 1-1/4""x1-1/4"" polaris",NADWOZIE,32.00
171495235,Chłodnica Suzuki LTR450 06-09 17710-45G00,NADWOZIE,487.00
171495245,Chłodnica Yamaha Raptor 700 2013-2018 1PE-E2460-00-00 1PE-E2460-01-00,NADWOZIE,510.00
171495247,Chłodnica Yamaha Raptor 700 06-12 1PE-WE246-00-00 1S3-1240A-00-00,NADWOZIE,521.00
171495251,Maglownica Can-am commander 800 1000 709401185,NADWOZIE,927.00
176126452,Lampa tylna uniwersalna do quadów sportowych przydymiane szkło,NADWOZIE,84.00
176126456,Amortyzator przedni yamaha grizzly 660 5KM-23350-00-00,NADWOZIE,487.00
176126459,Amortyzator tylny yamaha grizzly 660 5KM-22210-00-00,NADWOZIE,487.00
176126474,Końcówka wewnętrzna drążka kierowniczego Can-am Outlander 709400490 51-1034,NADWOZIE,69.00
176126476,Końcówka drążka kierowniczego Can-am 709400486 51-1009LH 51-1034 LH 41-1011,NADWOZIE,69.00
176126481,Końcówka drążka kierowniczego Polaris 7061053 7061138 7061054 41-1032LH,NADWOZIE,69.00
176126484,Sworzeń kulisty zwrotnicy Can-Am Honda Yamaha 51375-HP5-601 706200653,NADWOZIE,69.00
176126488,Sworzeń kulisty kolumny MacPHERSONA Polaris Sportsman 7061158 42-1030,NADWOZIE,69.00
176126491,Sworzeń kulisty zwrotnicy  Kawasaki Bruteforce Teryx WE351033 42-1033,NADWOZIE,69.00
176126493,Sworzeń kulisty zwrotnicy Honda TRX WE351015 42-1015,NADWOZIE,69.00
176126497,Sworzeń kulisty zwrotnicy Polaris Sportsman Scrambler Ranger RZR 7061220,NADWOZIE,69.00
176126499,Sworzeń kulisty zwrotnicy dolny Can-Am Outlander 706200444 42-1040 41-3048,NADWOZIE,69.00
176126501,Sworzeń kulisty dolny Can-Am Outlander Renegade 706201393 706202045 42-1042,NADWOZIE,69.00
176126504,Sworzeń kulisty górny Can-am Outlander Renegade 2012-2017 706202044 42-1043,NADWOZIE,69.00
176126508,Łapki sprzęgła wtórnego CF Moto 800 X8 0800-054200 5szt,NADWOZIE,274.00
176126509,Wał Korbowy can-am Outlander Renegade 570 600 650 800 420219746,NADWOZIE,1739.00
176126512,Zestaw naprawczy głowicy can-am outlander renegade commander maverick 1000,NADWOZIE,753.00
176126515,Zestaw naprawczy głowicy can-am outlander renegade commander maverick 800,NADWOZIE,841.00
176126516,Cylinder tylny can-am outlander renegade commander 1000 420623567 420623568,NADWOZIE,846.00
176126519,Sprzęgło mokre Yamaha Grizzly 660 5KM-16620-00-00 QUAD UTV,NADWOZIE,382.00
176126522,Przełącznik zespolony lewy Polaris Sportsman 4010422 4010591 4010560,NADWOZIE,289.00
176126525,Przełącznik zespolony lewy uniwersalny,NADWOZIE,104.00
176126532,Przełącznik zespolony lewy uniwersalny,NADWOZIE,76.00
176126534,Przełącznik zespolony prawy uniwersalny,NADWOZIE,76.00
176126540,"Wentylator chłodnicy 9""",NADWOZIE,231.00
176126542,Poprzeczka kierownicy ATV aluminiowa regulowana czarno pomarańczowa,NADWOZIE,92.00
176126555,Zacisk hamulcowy przód prawy Suzuki Kingquad 400 450 500 750 59100-31G00,NADWOZIE,243.00
176126559,Zacisk hamulcowy przód lewy Suzuki Kingquad 400 450 59300-31G00 59300-31G01,NADWOZIE,243.00
176126561,"Wentylator chłodnicy IP68 9""",NADWOZIE,314.00
176126571,Manszeta guma przegubu neoprenowa 19-5003,NADWOZIE,50.00
176126578,Manszeta guma przegubu neoprenowa 19-5030 Yamaha Grizzly Suzuki Honda TRX,NADWOZIE,50.00
177651207,Przewody elektryczne do 2 lamp led,NADWOZIE,87.00
177651213,Wahacz przedni górny prawy Yamaha Raptor 700 YFZ 450 5TG-23550-00-00,NADWOZIE,394.00
177651224,Sprzęgło mokre Yamaha Rhino Grizzly 660 5KM-16620-00-00,NADWOZIE,377.00
177651227,Szczęki sprzęgła mokrego Suzuki Kingquad 700 750 21500-31G00,NADWOZIE,424.00
177651229,Wtryskiwacz wtrysk paliwa Polaris Sportsman 700 800 1202863,NADWOZIE,231.00
177651230,Wtryskiwacz wtrysk paliwa Polaris Sportsman 500 3089893,NADWOZIE,238.00
177651236,Wariator Yamaha Grizzly 660 5KM-17620-00-00,NADWOZIE,551.00
177651241,Osadzenie łożysk mimośród Honda TRX400EX 42500-HN1-A40 QUAD ATV,NADWOZIE,459.00
177651243,Osadzenie łożysk mimośród Honda TRX450R 42500-HP1-000,NADWOZIE,485.00
177651244,Oś tylna Suzuki LTR 450 64711-45G00,NADWOZIE,626.00
177651245,Oś tylna Yamaha Raptor 700 1S3-25381-10-00  BFK-F5381-01-00,NADWOZIE,695.00
177651252,Łożysko jednokierunkowe rozrusznika Suzuki LTZ 400 12600-29810 QUAD UTV,NADWOZIE,296.00
177651260,Łożysko jednokierunkowe rozrusznika Yamaha Raptor 700 5VK-15590-00-00,NADWOZIE,296.00
177651263,Łożysko jednokierunkowe Yamaha Kodiak Grizzly 350 400 450 5GH-16664-00-00 QUAD UTV,NADWOZIE,180.00
177651265,Uzwojenie alternatora stator Suzuki Kingquad 700 750  32101-31G00 32101-31G01,NADWOZIE,517.00
177651270,Uzwojenie alternatora stator Kawasaki KVF 750 21003-0071 21003-0099,NADWOZIE,510.00
177651272,Uzwojenie alternatora stator Suzuki LTR 450 32101-45G10 32101-45G11,NADWOZIE,470.00
177651275,Wahacz przedni górny lewy Yamaha Raptor 700 YFZ 450 5TG-23540-00-00,NADWOZIE,394.00
177651277,Osadzenie łożysk mimośród Suzuki LTR450 64715-45G10 QUAD ATV,NADWOZIE,555.00
177651279,Osadzenie łożysk mimośród Suzuki LTZ400 03-08 64715-07G20,NADWOZIE,625.00
177651286,Drążki kierownicze Polaris Sportsman 500 570 700 800 5134242 QUAD ATV,NADWOZIE,319.00
177651287,Kierunkowskazy led wodoszczelne 2 szt dwustronny klosz,NADWOZIE,46.00
177651305,Sworzeń kulisty wahacza Can-Am spyder commander 706201371 706202507,NADWOZIE,115.00
177651310,Lusterka kpl czarne z uchwytami na kierownice do quadów Polaris,NADWOZIE,64.00
177651316,Filtr powietrza Polaris Sportsman ACE Ranger 570 7082037 2521372,NADWOZIE,78.00
177651320,Włącznik sygnału dźwiękowego klaksonu UTV Polaris,NADWOZIE,45.00
177651322,Włącznik kierunkowskazów UTV,NADWOZIE,45.00
177651325,Włącznik wyciagarki UTV,NADWOZIE,45.00
177651329,Włącznik świateł led work lights pojazdy UTV niebieskie podświetlenie,NADWOZIE,45.00
177651332,Włącznik wyciagarki UTV QUAD,NADWOZIE,45.00
177651336,Uszczelniacz pompy wody Honda TRX 420 19226-HP5-600,NADWOZIE,92.00
177651344,Uszczelniacz pompy wody Suzuki LTZ 400 LTA 500 700 750 17470-02F11 503002,NADWOZIE,92.00
177651347,Łożyska tylnej osi  Honda TRX 350 400 450  25-1037-H,NADWOZIE,139.00
177651351,Felga aluminiowa 10x5 4/156 3+2 przednia 4mm kolor czarny,NADWOZIE,347.00
177651353,Felga aluminiowa 10x5 4/144 3+2 przednia 4mm kolor czarny,NADWOZIE,347.00
177651357,Felga aluminiowa XATV 10x5 4/144 3+2 przednia 4mm,NADWOZIE,389.00
177651360,Felga aluminiowa XATV 9x8 4/110 3+5 tylna 4mm kolor czarny,NADWOZIE,389.00
177651366,Filtr powietrza Polaris Ranger 400 500 700 800 7081308,NADWOZIE,111.00
177651368,Felga aluminiowa XATV 9x8 4/110 3+5 tylna 4mm,NADWOZIE,405.00
177651372,Osłony amortyzatorów skarpety FOX Can-Am Outlander 800 1000 QUAD ATV,NADWOZIE,169.00
177651375,Osłony amortyzatorów skarpety FOX Can-Am Outlander 800 1000 QUAD ATV,NADWOZIE,169.00
177651379,Osłony amortyzatorów skarpety FOX Can-Am Outlander 800 1000 QUAD ATV,NADWOZIE,169.00
177651382,Osłony amortyzatorów skarpety FOX Can-Am Renegade 800 1000 QUAD ATV,NADWOZIE,169.00
177651385,Osłony amortyzatorów skarpety FOX Can-Am Renegade 800 1000 QUAD ATV,NADWOZIE,169.00
177651388,Gaźnik Honda TRX 450 S ES FE FM 16100-HN0-A00 QUAD UTV,NADWOZIE,382.00
177651391,Gaźnik Honda TRX 500 FE FM 16100-HP0-A02,NADWOZIE,382.00
177651397,Zestaw naprawczy gaźnika Suzuki LTZ 400 03-08 CF Moto 500 X5,NADWOZIE,76.00
177651400,Zestaw naprawczy gaźnika Kawasaki KVF 360 03-09,NADWOZIE,76.00
177651403,Zestaw naprawczy gaźnika Yamaha Raptor 660 01-05,NADWOZIE,111.00
177651407,Zestaw naprawczy gaźnika Yamaha Kodiak 400 93-97,NADWOZIE,76.00
177651409,Zestaw naprawczy gaźnika Yamaha Banshee YFZ 350 1988-2006,NADWOZIE,76.00
177651413,Zestaw naprawczy gaźnika Suzuki LTF 400 2003-2007,NADWOZIE,76.00
177651416,Zestaw naprawczy gaźnika Yamaha YFM 400 Big Bear 400 2000-2012,NADWOZIE,81.00
177651419,Zestaw naprawczy gaźnika Yamaha YFZ 450 04-09,NADWOZIE,76.00
177651423,Zestaw naprawczy gaźnika Kawasaki KVF 650 700,NADWOZIE,115.00
177651424,Tłumik Kawasaki KVF 650 750 06-13 18087-0167 18087-0098,NADWOZIE,1334.00
177651428,Zacisk hamulcowy tył Yamaha Kodiak Grizzly YFM 400 450 5GH-2580V-10-00,NADWOZIE,266.00
177651430,Tłoczek uszczelniacze zacisku przedniego Polaris wiele modeli 1930665,NADWOZIE,76.00
177651434,Wahacz przedni dolny lewy Yamaha Raptor 700 YFZ 450 1PE-F3570-60-00 5TG-23507-00-00,NADWOZIE,394.00
177651437,Wahacz przedni dolny prawy Yamaha Raptor 700 YFZ 450 1PE-F3580-60-00 5TG-23508-00-00,NADWOZIE,394.00
177651440,Szczęki sprzęgła mokrego Suzuki LTA LTF 400 21500-38F10,NADWOZIE,470.00
177651449,Przeciwtalerz wariatora Yamaha Rhino Grizzly 660 5KM-17611-00-00,NADWOZIE,371.00
177651453,Wariator Yamaha Kodiak Grizzly 350 400 450 5Gh-17606-01-00 5Gh-17606-00-00,NADWOZIE,551.00
178074241,Uzwojenie alternatora stator Suzuki LTZ400 32101-07G00,NADWOZIE,394.00
178074257,Szczęki sprzęgła mokrego Yamaha Big bear 400 5EH-16620-00-00,NADWOZIE,394.00
178074264,Oś tylna Suzuki LTZ 400 64710-07G30,NADWOZIE,695.00
178074267,Łożysko jednokierunkowe rozrusznika Can-Am Outlander Renegade 420659112 QUAD UTV,NADWOZIE,285.00
178074274,czujnik ciśnienia powietrza ASM Polaris 3089953,NADWOZIE,261.00
178074280,Gumki zacisku hamulcowego Yamaha Grizzly i inne QUAD UTV,NADWOZIE,11.00
178074285,Drążek kierowniczy Polaris Sportsman XP 550 850 5136903,NADWOZIE,79.00
178074305,Wtryskiwacz wtrysk paliwa Polaris Sportsman Ranger RZR 570 2521068 QUAD UTV,NADWOZIE,289.00
178074319,Wtryskiwacz wtrysk paliwa Polaris Sportsman 500 3089893 QUAD UTV,NADWOZIE,289.00
178074323,Łożysko jednokierunkowe rozrusznika Can-Am Traxter spyder 420659129,NADWOZIE,296.00
178074329,Łożysko jednokierunkowe rozrusznika Suzuki Eiger Kingquad 12600-38851,NADWOZIE,266.00
178074334,Woltomierz elektroniczny Koso slim niebieski,NADWOZIE,62.00
178074339,Woltomierz elektroniczny Koso slim czerwony,NADWOZIE,62.00
178074345,Cyfrowy licznik obrotów obrotomierz Koso slim niebieski,NADWOZIE,139.00
178074351,Cyfrowy licznik obrotów obrotomierz Koso slim czerwony,NADWOZIE,139.00
178074370,Włącznik świateł spot lights pojazdy UTV niebieskie podświetlenie,NADWOZIE,46.00
178074392,Tłoczek uszczelniacze zacisku przedniego Kawasaki KVF 750 43020-1101,NADWOZIE,104.00
178074395,Dystanse X-ATV 4/156 30mm 3/8 Polaris nie zrywające szpilek WA15630-3/8,NADWOZIE,301.00
178074401,Dystanse X-ATV 4/156 40mm 3/8 Polaris nie zrywające szpilek WA15640-3/8,NADWOZIE,347.00
184736862,Głowica tylna kompletna Can-Am Outlander Renegade 650 800 420613532 QUAD UTV,NADWOZIE,1809.00
184736864,Głowica przednia tylna kompletna Can-Am Outlander Renegade 1000 420623064,NADWOZIE,1739.00
184736868,Gaźnik Yamaha Warrior 350 1987-2004 3GD-14101-00-00,NADWOZIE,324.00
184736869,Cewka zapłonowa Polaris Sportsman Ranger 400 425 450 500 3089252 3089239,NADWOZIE,203.00
184736881,Inteligentana ładowarka do akumulatorów 4 AH-20 AH z wyświetlaczem,NADWOZIE,76.00
184736884,Inteligentana ładowarka do akumulatorów 2 AH-90 AH z wyświetlaczem QUAD ATV,NADWOZIE,122.00
184736885,Lusterka kpl carbon,NADWOZIE,50.00
184736891,Zestaw naprawczy do opon blister,NADWOZIE,18.00
184736895,Zestaw naprawczy tylnej piasty Suzuki kingquad  750 50-1075-K,NADWOZIE,169.00
184736896,Zestaw naprawczy wahacza górnego Suzuki LTA450X Kingquad LTA700X 50-1037,NADWOZIE,87.00
184736899,Zestaw naprawczy wahacza przedniego górnego Suzuki Kingquad 500 750 50-1078,NADWOZIE,111.00
184736900,Kierunkowskaz led dynamiczny pływający niełamiący 2 szt,NADWOZIE,43.00
184736915,Sonda lambda Polaris Sportsman Ranger RZR 4013979 4016021 QUAD UTV,NADWOZIE,313.00
184736916,Sonda lambda Honda TRX 420 520 36531-HR3-A22,NADWOZIE,313.00
184736924,Rozrusznik Honda TRX 250 18336 31200-HM8-003 31200-HM8-A41,NADWOZIE,231.00
184736925,Rozrusznik Polaris Predator outlaw 500 18647N 3088069 QUAD,NADWOZIE,331.00
184736927,Rozrusznik Honda TRX 450 ER 18922N 31200-HP1-601,NADWOZIE,394.00
184736928,Przekaźnik rozrusznika Yamaha Big Bear Kodiak Breze Warrior 4KD-81940-00-00,NADWOZIE,53.00
184736930,Przekaźnik rozrusznika Polaris Predator 500 3087198 4011087,NADWOZIE,64.00
184736932,Gaźnik Suzuki Quadrunner LT-F500F 13200-09F01,NADWOZIE,377.00
184736933,Gaźnik Suzuki LTZ Kawasaki KFX Yamaha Raptor 350 CF Moto 500 0180-100000,NADWOZIE,324.00
184736935,Regulator napięcia Polaris RZR 570 900 XP 4013904 QUAD ATV,NADWOZIE,347.00
184736939,Mocowanie zębatki zabierak do osi Yamaha Raptor 700 YFZ 450 5TG-25386-00-00 1S3-25386-00-00,NADWOZIE,487.00
184736941,Filtr powietrza Arctic cat Thundercat TRV Alterra 1000 0470-828,NADWOZIE,77.00
184736942,Filtr powietrza Arctic Cat 550 650 700 0470-558,NADWOZIE,57.00
184736944,Filtr powietrza Polaris Ranger 400 500 700 800 5812253,NADWOZIE,62.00
184736950,Gaźnik Honda TRX 350 400 450 16100-HN0-672,NADWOZIE,382.00
184736951,Szpilka piasty quady Yamaha 90114-10010-00 90114-10014-00,NADWOZIE,16.00
184736953,"Uszczelniacz CF Moto 500 X5  0180-013105, CF188-013105",NADWOZIE,35.00
184736954,Klocki hamulcowe CF Moto Z-force Z5 Z6 Z8 tylne 9060-081010,NADWOZIE,69.00
184736959,"Lusterko wsteczne UTV podwójne mocowanie 2"" do UTV Can-Am",NADWOZIE,139.00
184736962,"Lusterko wsteczne UTV podwójne mocowanie 1,75"" do UTV Polaris",NADWOZIE,139.00
184736963,"Lusterka wsteczne UTV komplet lewe i prawe z mocowaniem 1,75"" i 2""",NADWOZIE,127.00
184736965,"Lusterka wsteczne UTV komplet lewe i prawe z mocowaniem 1,75"" i 2"" QUAD",NADWOZIE,127.00
184736968,Włącznik uniwersalny UTV Backup lights QUAD UTV,NADWOZIE,46.00
184736970,Włącznik uniwersalny UTV Reverse lights QUAD UTV,NADWOZIE,46.00
184736972,Włącznik uniwersalny UTV music,NADWOZIE,46.00
184736974,Włącznik uniwersalny UTV Interior light,NADWOZIE,46.00
184736977,Lampy obrysowe z kierunkowskazami Can-Am maverick X3,NADWOZIE,707.00
184736981,Lampa tylna led Can-Am Outlander 400 500 570 650 800 710001203,NADWOZIE,447.00
184736983,Pokrowiec Can-Am maverick X3,NADWOZIE,377.00
184736985,Zderzak skręcany na linę wyciągarki,NADWOZIE,32.00
184736987,Wycieraczka automatyczna do pojazdów UTV,NADWOZIE,192.00
184736990,Poszerzenia błotników Overfenders Can-Am Maverick X3 715002973 QUAD UTV,NADWOZIE,957.00
184736991,Torba między siedzenia Polaris RZR PRO XP 2020,NADWOZIE,238.00
184736999,Torby na drzwi Can-Am maverick X3,NADWOZIE,296.00
184737000,Torba między siedzenia Polaris RZR 800 900 1000 14-19,NADWOZIE,185.00
184737003,Torba między siedzenia Can-Am maverick X3,NADWOZIE,266.00
184737009,Mocowanie nawigacji ze schowkiem Can-Am maverick X3 715002874,NADWOZIE,313.00
184737015,Dolny panel drzwi Can-Am maverick X3 tworzywo sztuczne QUAD UTV,NADWOZIE,783.00
184737016,Dolny panel drzwi Polaris RZR PRO 2020 QUAD UTV,NADWOZIE,846.00
184737018,Nakrętki stożkowe czarne do Polaris RZR1000  gwint M12,NADWOZIE,104.00
184737020,Nakrętki stożkowe chromowane do Polaris RZR1000  gwint M12,NADWOZIE,104.00
184737023,Cewka zaplonowa Arctic cat Yamaha dużo modeli,NADWOZIE,58.00
184737025,Wał napędowy tylny Can-Am Outlander Renegade G2 2012-2018 703500986 L380 18/18,NADWOZIE,730.00
184737030,Czujnik połozenia wału Can-Am G1 G2 420966570,NADWOZIE,273.00
184737032,Czujnik położenia przepustnicy TPS Polaris Sportsman 2410342 1204715,NADWOZIE,192.00
184737035,Jarzmo wału napędowego Yamaha 350 400 450 4GB-46108-10-00,NADWOZIE,331.00
184737036,Jarzmo wału napędowego Yamaha 450 5KM-46146-11-00,NADWOZIE,220.00
184737038,Gaźnik Can-Am Outlander 400 XT MAX 707200190 707000402 QUAD UTV,NADWOZIE,331.00
184737040,Kranik paliwa Polaris Arctic cat Yamaha Suzuki Kawasaki  QUAD UTV,NADWOZIE,69.00
184737041,Zestaw sprzęgłowy tarcze sprzęgłowe przekładki sprężyny Yamaha Raptor 660,NADWOZIE,192.00
184921529,Półoś Yamaha Grizzly Kodiak przód wzmacniana bez przegubów 28P-2518E-00-00,NADWOZIE,157.00
184921533,Uszczelniacz silnika Can-Am Outlander Renegade 420850055 wyjście tył 10 szt,NADWOZIE,134.00
184921538,Uszczelniacz dyferencjału tylnego na półosie Can-Am 705501996 30-4709,NADWOZIE,134.00
184921541,Uszczelniacz dyferencjału przedniego na półosie Yamaha 93102-48012-00,NADWOZIE,127.00
184921545,Komplet Uszczelek kolektora wydechowego Polaris RZR Ranger 800 3610181,NADWOZIE,92.00
185017671,Zestaw naprawczy gaźnika Polaris Sportsman 500 HO,NADWOZIE,76.00
185017677,"Lusterka wsteczne UTV komplet lewe i prawe z mocowaniem 1,75""",NADWOZIE,347.00
185017679,"Lusterka wsteczne UTV komplet lewe i prawe z mocowaniem 2"" QUAD",NADWOZIE,289.00
185017681,Spinki kołki do plastikow M8 C569 Can-Am Yamaha Suzuki 100 pcs,NADWOZIE,103.00
185017685,Oś tylna Honda TRX400EX 42310-HN1-A40,NADWOZIE,691.00
185017688,Wał napędowy tylny Polaris Sportsman 600 700 800 1380208 1332622,NADWOZIE,551.00
185017690,Wał napędowy tylny Can-Am Outlander 400 703500825 L400 18/18,NADWOZIE,626.00
185017694,Pompa paliwa kompletna Kawasaki KVF 750 2008-2020 49040-0033 49040-0717,NADWOZIE,405.00
185017696,Stacyjka Yamaha Grizzly 600 Warrior kodiak 4GB-82510-12-00,NADWOZIE,57.00
185017698,Stacyjka Honda TRX 250 400 EX 250 TM TE 35100-HN1-000,NADWOZIE,57.00
185017700,Stacyjka Yamaha Wolverine Banshee 350 2FJ-82510-02-00 2FJ-82510-09-00,NADWOZIE,57.00
185017702,Stacyjka Honda TRX300EX 35010-HM3-000,NADWOZIE,69.00
185017703,Stacyjka Kawasaki Bayou KLF 300 400 27005-1201 UAD ATV,NADWOZIE,55.00
185017707,Zestaw naprawczy gaźnika Honda TRX400EX 1999-2004,NADWOZIE,76.00
185017709,Zestaw naprawczy gaźnika Kawasaki KVF 400 1999-2002,NADWOZIE,76.00
185017711,Zestaw naprawczy gaźnika Polaris predator 500 2003-2007,NADWOZIE,76.00
185017713,Zestaw naprawczy gaźnika Arctic cat 500 2005-2007,NADWOZIE,76.00
185017715,"Kranik paliwa Polaris Sportsman Scrambler 400 425 500 7051006, 7051014",NADWOZIE,65.00
185017719,Stacyjka Yamaha Rhino 450 660 700 YXZ 1000 Viking 5UG-H2510-00-00,NADWOZIE,76.00
185017720,Inteligentana ładowarka do akumulatorów 6 AH-150 AH z wyświetlaczem,NADWOZIE,162.00
185492757,Wał korbowy Can-Am defender maverick 1000 420219865,NADWOZIE,2784.00
185492759,Gaźnik Polaris Magnum Sportsman Worker do roku 2000,NADWOZIE,331.00
185492764,Krzyżak wału napędowego Can-Am przód tył,NADWOZIE,63.00
185492765,Tuleje wahacza Polaris Sportsman 300 400 5020677,NADWOZIE,19.00
185492767,Tuleje wahacza Polaris Ranger 5132532,NADWOZIE,19.00
185492773,"Tuleja wału napędowego Can-Am Outlander Renegade 500 650 800 G1 705400036, 705401648",NADWOZIE,76.00
185492777,Zestaw przełączników na kierownice,NADWOZIE,62.00
185492779,Lampa tylna multifunkcyjna pozycja stop kierunkowskazy,NADWOZIE,115.00
185492781,Lampa tylna multifunkcyjna pozycja stop kierunkowskazy homologacja E11,NADWOZIE,115.00
185492784,Kierunkowskazy led ze światłem stop tylne 2 szt,NADWOZIE,62.00
185492787,Kierunkowskazy led ze światłem stop 2 szt,NADWOZIE,49.00
185492789,Kierunkowskazy led ze światłem białym przednie 2 szt,NADWOZIE,62.00
185492791,Kierunkowskazy led wodoszczelne 2 szt jednostronne,NADWOZIE,39.00
185492800,Filtr powietrza Can-Am Commander Maverick 800 1000 707800327,NADWOZIE,96.00
185492802,Filtr powietrza Suzuki Kingquad 450 500 700 750 13780-31G00 13780-31G10 13780-31G20 13780-31G30,NADWOZIE,115.00
185492804,Filtr powietrza Polaris RZR 1000 XP TURBO 2879520 2882234 1241084,NADWOZIE,115.00
185492806,Filtr powietrza Can-Am Maverick X3 707800855 715900422 QUAD ATV,NADWOZIE,99.00
185492808,Filtr powietrza CF Moto 500 X5 0180-112001,NADWOZIE,53.00
185492810,Filtr powietrza Suzuki LTZ 400 LTA LTF 400 500 Eiger Vinson HFF3022 13780-07G00,NADWOZIE,46.00
185492819,Stacyjka Arctic Cat wildcat 0609-936,NADWOZIE,69.00
185492822,Stacyjka Can-Am traxter 710000042,NADWOZIE,69.00
185492824,Stacyjka Suzuki LTZ 400 37110-07G00 37110-07G01,NADWOZIE,69.00
185492826,Stacyjka Arctic Cat 400 500 3430-028,NADWOZIE,69.00
185492828,Stacyjka Can-Am traxter 710000582 710000192,NADWOZIE,69.00
185492832,Gaźnik Kawasaki KVF 360 15003-1686 QUAD UTV,NADWOZIE,347.00
185492834,Gaźnik Arctic cat 350 366 400 0470-737,NADWOZIE,377.00
185492836,Zacisk hamulcowy tylny Yamaha Banshee Warrior Wolverine 350 1UY-2580W-01-00,NADWOZIE,231.00
185492838,Zacisk hamulcowy Honda TRX400EX tylny 43250-HN1-A41​,NADWOZIE,231.00
185492841,Zacisk hamulcowy tylny lewy Yamaha Rhino 700 5B4-2580V-00-00,NADWOZIE,231.00
185492844,Zacisk hamulcowy tylny prawy Yamaha Rhino 700 5B4-2580W-00-00,NADWOZIE,231.00
185492845,Zacisk hamulcowy przedni lewy Polaris Scrambler 500 1910868,NADWOZIE,243.00
185492847,Zacisk hamulcowy przedni prawy Polaris Scrambler 500 1910869 QUAD ATV,NADWOZIE,243.00
185492850,Zacisk hamulcowy tylny lewy Polaris Sportsman X2 700 800 RZR 800 1911544,NADWOZIE,243.00
185492852,Sprzęgło mokre Yamaha Rhino Grizzly 700 3B4-16620-00-00 QUAD UTV,NADWOZIE,637.00
185492854,Napinacz łańcuszka rozrządu Can-Am Outlander Renegade 330 400 800 1000,NADWOZIE,101.00
185492858,Ślizg łańcucha rozrządu Can-Am Outlander Renegade 800 420436015,NADWOZIE,127.00
185492860,Uszczelniacz mechaniczny pompy wody Can-Am Outlander Renagade 420650370,NADWOZIE,69.00
185492867,Maglownica Yamaha Rhino 450 660 700 5UG-F3400-00-00,NADWOZIE,579.00
185492869,Guma wahacza przedniego tylnego Yamaha grizzly 550 660 700 5KM-23526-10-00 1HP-F3526-00-00,NADWOZIE,31.00
185492871,Czujnik połozenia wału Polaris Sportsman Ranger RZR 800 2410720,NADWOZIE,197.00
185492872,Czujnik połozenia wału Can-Am G1 G2 420966570,NADWOZIE,157.00
185492876,Zacisk hamulcowy tylny prawy Can-Am Outlander Renegade 800 1000 705600859 QUAD ATV,NADWOZIE,266.00
185492878,Tłoczek zacisku hamulcowego z uszczelniaczami przód Can-Am Outlander,NADWOZIE,57.00
185492880,Tłoczek zacisku hamulcowego z uszczelniaczami tył Can-Am Outlander Renegade,NADWOZIE,57.00
185492882,Uzwojenie alternatora stator Yamaha Bear tracker YFM 250 4XE-81410-00-00,NADWOZIE,289.00
185492887,"Stator CF Moto 500 X5, 0180-032000, CF188-032000",NADWOZIE,336.00
185492890,Gaźnik Arctic cat 500 0470-533,NADWOZIE,382.00
185492893,Gaźnik Kawasaki KVF 400 15003-1446,NADWOZIE,343.00
185492896,Gaźnik Honda TRX 650 Rincon 16100-HN8-013,NADWOZIE,435.00
185492898,Zestaw sprzęgłowy tarcze sprzęgłowe przekładki sprężyny Yamaha Banshee 350,NADWOZIE,192.00
185492907,Łożyska koła przedniego Suzuki Kingquad 700 750 51259-31G00 51259-31G10,NADWOZIE,145.00
185492909,"Łożyska koła przedniego Suzuki Kingquad 450 700 750 51259-31G00, 51259-31G10 25-1538-H",NADWOZIE,122.00
185492912,Łożysko koła Honda TRX 400 450 500 Rincon 650 680 przód 91051-HA7-651,NADWOZIE,104.00
185492914,Łożyska piasty tylnej Honda TRX 420 500 700 91051-HP6-A01 25-1624-H,NADWOZIE,91.00
185492917,Łożysko piasty koła przedniego tylnego Polaris Sportsman 3514699 25-1628-H QUAD UTV,NADWOZIE,85.00
185492919,Wentylator chłodnicy Kawasaki KVF 750 59502-0011 QUAD UTV,NADWOZIE,371.00
185492921,Tłoczek uszczelniacze zacisku przedniego Polaris Sportsman XP przód,NADWOZIE,57.00
185492929,Gniazdo USB ATV model z 2 mocowaniami,NADWOZIE,25.00
185492934,Gniazdo USB UTV wyświetlacz w kolorze białym,NADWOZIE,54.00
185492935,Włącznik przełącznik uniwersalny wodoszczelny ze światłem led aluminiowy,NADWOZIE,57.00
185492939,Włącznik przełącznik uniwersalny 100% wodoszczelny ON-OFF-ON aluminiowy,NADWOZIE,49.00
185492953,Inteligentana ładowarka do akumulatorów 12 AH-100 AH z wyświetlaczem,NADWOZIE,139.00
185492959,Gniazdo USB UTV wyświetlacz w kolorze zielonym,NADWOZIE,54.00
185492961,Gniazdo USB UTV wyświetlacz w kolorze czerwonym,NADWOZIE,54.00
185492964,Gniazdo USB UTV wyświetlacz w kolorze niebieskim,NADWOZIE,54.00
185492970,Guma stabilizatora Polaris Ranger 900 5432785,NADWOZIE,49.00
185492972,Szczęki hamulcowe Suzuki S606 S630,NADWOZIE,53.00
185492979,Jarzmo wału napędowego tylnego Kawasaki KVF 650 750 13310-0566 13310-0013,NADWOZIE,266.00
187796539,Jarzmo wału napędowego przedniego Can-Am Commander 800 1000 715900116,NADWOZIE,215.00
187796540,łożyska wariatora Can-Am Outlander 420632377,NADWOZIE,76.00
187796542,Guma stabilizatora Polaris RZR 5450606,NADWOZIE,46.00
187796543,Końcówka drążka kierowniczego zewnętrzna Polaris RZR XP 1000 TURBO 7061203,NADWOZIE,105.00
187796546,Kierunkowskazy led ze światłem białym przednie 2 szt,NADWOZIE,49.00
187796549,Kierunkowskazy led ze światłem stop tylne 2 szt,NADWOZIE,49.00
187796552,Kierunkowskazy led ze światłem stop tylne 2 szt,NADWOZIE,49.00
187796554,Kierunkowskazy led ze światłem stop tylne 2 szt homologacja E11,NADWOZIE,62.00
187796568,"Rozrusznik Yamaha Breeze, Grizzly 125 18755N 3FA-81890-00-00",NADWOZIE,273.00
187796569,Guma mocowania silnika poduszka Polaris Sportsman 400 500 570 600 700 800 3022076,NADWOZIE,84.00
187796581,Kierownica Can-Am Outlander Renegade 500 650 800 1000 709401240,NADWOZIE,250.00
187796585,Uszczelka łacznika wydechu Can-Am Outlander Renegade 707600430,NADWOZIE,75.00
187796587,Bendix rozrusznika Can-Am Outlander 330 400 420684050 420684051 420684052 QUAD UTV,NADWOZIE,220.00
187796604,Pokrowiec siedzenia Can-Am Outlander G2 708000724,NADWOZIE,185.00
187796606,Pokrowiec siedzenia Can-Am Outlander G1 708000405 708000538 QUAD ATV,NADWOZIE,185.00
187796609,Przełącznik zespolony lewy Yamaha Blaster YFS 200 2XJ-83975-09-00,NADWOZIE,313.00
187796611,Przełącznik zespolony lewy Yamaha Kodiak Warrior Grizzly 4GB-83973-09-00,NADWOZIE,313.00
187796612,Przełącznik zespolony lewy Yamaha Big Bear Warrior 59V-83973-09-00,NADWOZIE,185.00
187796614,Przełącznik zespolony lewy na kierownicę Honda TRX 300 – 35020-HM5-A10,NADWOZIE,313.00
187796616,Przełącznik zespolony lewy Honda TRX 450 S FM FW 35020-HM7-A00,NADWOZIE,313.00
187796619,Lampa led sygnalizacyjna teleskopowa szkło pomarańczowe + niebieskie,NADWOZIE,366.00
187796620,Pokrowiec siedzenia Kawasaki KVF 650 750 53066-0273-MA,NADWOZIE,185.00
187796623,Pokrowiec siedzenia Suzuki LTA 500 750 Kingquad 45100-31G21-P21 QUAD ATV,NADWOZIE,185.00
187796625,Pokrowiec siedzenia Yamaha Grizzly Kodiak 660 700 3B4-24710-01-00,NADWOZIE,185.00
187796628,Pokrowiec siedzenia Honda TRX 350 400 420 450 77100-HP5-E30ZA QUAD ATV,NADWOZIE,185.00
187796634,Wtryskiwacz wtrysk paliwa Arctic Cat: 0470-762,NADWOZIE,250.00
187796637,Filtr powietrza Can-Am Outlander 330 400 707800120,NADWOZIE,78.00
187796640,Filtr powietrza Polaris Ranger RZR 570 900 1000 7081706 7082241,NADWOZIE,76.00
187796651,Czujnik zmiany biegów Honda TRX 350 420 500 FA FE FM TM FGA 38800-HR3-A21,NADWOZIE,145.00
187796653,Pokrowiec UTV czarno srebrny duży rozmiar,NADWOZIE,231.00
187796657,Przełącznik zespolony lewy Yamaha YFZ450 Raptor Grizzly 125 4KB-83973-21-00,NADWOZIE,313.00
187796659,Czujnik hamulca stopu lewy i prawy QUAD UTV,NADWOZIE,20.00
187796661,Mocowanie kierownicy uniwersalne czarne z 22mm na 22mm skośne,NADWOZIE,69.00
187796668,Zestaw naklejek Yamaha Grizzly 350 kolor srebrny QUAD UTV,NADWOZIE,69.00
187796670,Zestaw naklejek Yamaha Grizzly 400 kolor srebrny,NADWOZIE,69.00
187796671,Zestaw naklejek Yamaha Grizzly 660 kolor srebrny,NADWOZIE,69.00
187796674,Zestaw naklejek Yamaha Wolverine 450 kolor srebrny,NADWOZIE,69.00
187796676,Zestaw naklejek Yamaha Kodiak 400 QUAD UTV,NADWOZIE,69.00
187796679,Zestaw naklejek Yamaha Kodiak 450 QUAD UTV,NADWOZIE,69.00
187796680,Zestaw naklejek Yamaha Kodiak 700,NADWOZIE,69.00
187796682,Zestaw naklejek Suzuki Kingquad 700,NADWOZIE,69.00
187796684,Zestaw naklejek Suzuki Kingquad 750 QUAD UTV,NADWOZIE,69.00
187796687,Zestaw naklejek Yamaha Bruin 350 QUAD UTV,NADWOZIE,69.00
187796691,Zestaw naklejek Yamaha Big bear 350,NADWOZIE,69.00
187796696,Osłona kierownicy czarna,NADWOZIE,57.00
187796697,Szczotka do czyszczenia łańcucha i zębatek,NADWOZIE,18.00
187796699,Szczęki sprzęgła mokrego Arctic cat 550 650 700 1000 0823-484,NADWOZIE,510.00
187796701,Szczęki sprzęgła mokrego Arctic cat 400 500 Suzuki LTA500F 3446-354 21500-03G00,NADWOZIE,424.00
187796705,Sztyca kierownicy Yamaha Raptor 660 5LP-23813-10-00 standard,NADWOZIE,510.00
187796708,Łożysko jednokierunkowe rozrusznika Honda TRX450R 28125-MEY-671,NADWOZIE,347.00
187796711,Łożysko jednokierunkowe rozrusznika Honda TRX400EX 28125-HN1-003 28125-HN1-A71,NADWOZIE,250.00
187796712,Łożysko jednokierunkowe rozrusznika Honda TRX400EX 28126-HA7-673 QUAD UTV,NADWOZIE,137.00
187796716,Pokrowiec siedzenia Yamaha Wolverine 350 450 3C2-F4731-00-00 QUAD,NADWOZIE,185.00
187796729,Wał napędowy przedni Yamaha Grizzly 660 5KM-46173-10-00,NADWOZIE,435.00
187796732,Wtyczka do przełączników UTV,NADWOZIE,11.00
187796738,Zestaw naklejek Can-Am Outlander kolor żółty QUAD UTV,NADWOZIE,81.00
187796740,Zestaw naklejek Can-Am Outlander kolor czerwony,NADWOZIE,81.00
187796742,Zestaw naklejek Can-Am Outlander kolor niebieski QUAD UTV,NADWOZIE,81.00
187796744,Zestaw naklejek Can-Am Renegade kolor żółty QUAD UTV,NADWOZIE,81.00
187796747,Zestaw naklejek Can-Am Renegade kolor niebieski,NADWOZIE,81.00
187796749,Zestaw naklejek Can-Am Renegade kolor czerwony QUAD UTV,NADWOZIE,81.00
187796752,Zestaw naklejek Can-Am pojemność 570,NADWOZIE,10.00
187796753,Zestaw naklejek Can-Am pojemność 670,NADWOZIE,10.00
187796755,Zestaw naklejek Can-Am pojemność 650,NADWOZIE,10.00
187796757,Zestaw naklejek Can-Am pojemność 800 QUAD UTV,NADWOZIE,10.00
187796759,Zestaw naklejek Can-Am pojemność 850,NADWOZIE,10.00
187796761,Zestaw naklejek Can-Am pojemność 1000 QUAD UTV,NADWOZIE,10.00
187796764,Podgrzewane manetki,NADWOZIE,115.00
187796767,Uszczelki na górę silnika TOP-END Polaris Ranger RZR 1000 13-17 810969,NADWOZIE,273.00
187796769,Komplet uszczelek silnika Honda TRX 400EX 808829,NADWOZIE,185.00
187796776,Komplet uszczelek silnika Yamaha YFM 450 808869,NADWOZIE,208.00
187796778,Końcówka drążka kierowniczego Yamaha Suzuki,NADWOZIE,69.00
187796779,Końcówka drążka kierowniczego Yamaha Grizzly SUZKI LTZ LTA 1UY-23841-01-00,NADWOZIE,69.00
187796782,Mocowanie kierownicy uniwersalne czarne z 22mm na 22/28mm wysokość 60 mm QUAD,NADWOZIE,111.00
187796784,Mocowanie kierownicy uniwersalne z 22 mm na 22/28 mm wysokość 60 mm srebrne QUAD,NADWOZIE,111.00
187796786,Mocowanie kierownicy uniwersalne srebrne z 22mm na 22mm skośne,NADWOZIE,69.00
187796789,Kominiarka standard kolor brazowy,NADWOZIE,23.00
187796791,Kominiarka standard kolor czerwony,NADWOZIE,23.00
187796793,Kominiarka standard kolor biały,NADWOZIE,23.00
187796795,Kominiarka standard kolor turkusowy,NADWOZIE,23.00
187796799,Kominiarka standard kolor niebieski,NADWOZIE,23.00
187796803,Osłona kierownicy czerwona,NADWOZIE,57.00
187796804,Osłona kierownicy niebieski,NADWOZIE,57.00
187796806,Osłona kierownicy zielony,NADWOZIE,57.00
187796808,Osłona kierownicy żółty,NADWOZIE,57.00
187796812,Poprzeczka kierownicy ATV aluminiowa regulowana czarno czarna,NADWOZIE,92.00
187796817,Poprzeczka kierownicy ATV aluminiowa regulowana czarno złota,NADWOZIE,92.00
187796819,Poprzeczka kierownicy ATV aluminiowa regulowana czarno niebieska,NADWOZIE,92.00
187796820,Mocowanie termometrów voltomierzy Koso,NADWOZIE,23.00
187796821,Zacisk hamulcowy tylny Yamaha Kodiak Grizzly YFM 400 450 03-04 5GH-2580V-10-00,NADWOZIE,250.00
187796823,Lusterko wsteczne UTV Polaris RZR PRO 2020,NADWOZIE,157.00
187796827,Mocowanie szyby uniwersalne 1 szt,NADWOZIE,39.00
187796828,Przyrząd do wymiany paska napędowego Can-Am maverick X3,NADWOZIE,243.00
187796829,Wtyczka pasów bezpieczeństwa UTV can-am Polaris,NADWOZIE,29.00
187796831,Ściągacz M27x1.0 LH,NADWOZIE,99.00
188298564,Lampy tylne Can-Am Maverick X3,NADWOZIE,556.00
188298567,Włącznik uniwersalny UTV lighted whip,NADWOZIE,46.00
188298573,Mocowanie nawigacji ze schowkiem Can-Am Maverick sport max trail 715005212,NADWOZIE,522.00
188298578,Klamka drzwi Can-Am Maverick X3,NADWOZIE,180.00
188298580,Pokrywa paska napędowego Can-Am Maverick X3 420212508 QUAD ATV,NADWOZIE,533.00
188298583,Obudowa paska napędowego Can-Am Maverick X3 420212605,NADWOZIE,626.00
188298585,Mocowanie nawigacji Can-Am Outlander 800 1000 G2 715004919,NADWOZIE,533.00
188298589,Zestaw szybkiego otwierania pokrywy paska napedowego Can-Am Maverick X3,NADWOZIE,185.00
188298601,Cewka zapłonowa Yamaha YFZ350 Banshee 3LC-82310-01-00 QUAD UTV,NADWOZIE,113.00
188298604,Cewka zapłonowa Arctic Cat 375 400 3430-055,NADWOZIE,76.00
188298608,"Cewka zapłonowa Kawasaki: 21121-1160, 21121-1198",NADWOZIE,76.00
188298610,Cewka ssania Arctic Cat 366 400 5507-180,NADWOZIE,115.00
188298616,Gaźnik Honda TRX 500 FA 16100-HN2-305,NADWOZIE,382.00
188298618,Gaźnik Yamaha kodiak YFM 450 5ND-E4101-00-00 5ND-E4101-01-00 QUAD UTV,NADWOZIE,313.00
188298620,Gaźnik Honda TRX 350 16100-HN5-M41 QUAD UTV,NADWOZIE,377.00
188298626,Kranik paliwa Polaris Scrambler 500 7052190,NADWOZIE,69.00
188298629,Kranik paliwa Suzuki LTF500 44300-09F01,NADWOZIE,150.00
188298632,Kranik paliwa Suzuki LTA LTF 500 44300-03G03,NADWOZIE,125.00
188298633,Komplet uszczelek silnika Honda TRX 450R ER 808904,NADWOZIE,185.00
188298636,Komplet uszczelek silnika Suzuki LTR450R 808916,NADWOZIE,301.00
188298640,Komplet uszczelek silnika Honda TRX 450 S ES FE FM 808859,NADWOZIE,212.00
188298646,Gaźnik Kawasaki KLF 300 15003-1212 15003-1739 QUAD UTV,NADWOZIE,382.00
188298649,Zestaw montażowy do osłon dłoni X-ATV z tw.szt,NADWOZIE,41.00
188298652,Póloś Suzuki Kingquad 450 700 750 tylna 2006-2019 64901-31G20 ATV-SK-8-320,NADWOZIE,510.00
188298658,Uszczelka wydechu i sprężyny Polaris sportsman Ranger scrambler 3610047 7041789 QUAD UTV,NADWOZIE,46.00
188298662,Klocki hamulcowe Yamaha YFM Suzuki LTA LTF Kawasaki KVF FA54RX DB2020,NADWOZIE,65.00
188298664,Klocki hamulcowe Lucky star 250 300 TGB Blade FA67R DB2050,NADWOZIE,65.00
188298666,Klocki hamulcowe Can-Am Renegade Outlander 400 500 650 800 FA307R DB2400,NADWOZIE,65.00
188298669,Klocki hamulcowe Arctic Cat wszystkie modele FA395R DB2011 1436-420,NADWOZIE,64.00
188298672,Klocki hamulcowe przód Honda Foreman Rubicon TRX 500 Rincon FA410R DB2015,NADWOZIE,65.00
188298674,Klocki hamulcowe przód lewa str Suzuki Kingquad FA413R DB2163 59100-31860,NADWOZIE,65.00
188298676,Klocki hamulcowe przód prawa str Suzuki Kingquad FA414R DB2164 59100-31850,NADWOZIE,65.00
188298677,Klocki hamulcowe sintermetalowe CF Moto Linhai  FA453R 9010-0808A0,NADWOZIE,65.00
188298679,Klocki hamulcowe Can-Am Maverick traxter defender FA682R 715900386,NADWOZIE,91.00
188298681,Klocki hamulcowe Can-Am Maverick traxter defender FA683R 715900387,NADWOZIE,91.00
188298685,Piasta osi tył Yamaha Big Bear Wolverine 2HR-25383-00-00 2HR-25383-01-00,NADWOZIE,231.00
188298698,Klocki hamulcowe Can-Am Outlander Renegade 400 500 650 800 FA317R DB2380,NADWOZIE,65.00
188298702,Regulator napięcia Honda CBR900RR 31600-MCJ-641,NADWOZIE,231.00
188298708,Bendix rozrusznika jet ski Kawasaki 13101-3710,NADWOZIE,169.00
188298710,Bendix rozrusznika sea doo 420889872,NADWOZIE,169.00
188298715,Silnik krokowy Suzuki Kingquad 500 700 750 13520-31G00,NADWOZIE,231.00
188298717,Klocki hamulcowe przód lewy Can-Am Commander Maverick Yamaha FA642RX,NADWOZIE,69.00
188298719,Klocki hamulcowe przód prawy Can-Am Commander Maverick Yamaha FA645RX,NADWOZIE,69.00
188298721,"Klocki hamulcowe CF Moto FA726RX 7020-0810B0, 9AWA-0811A0",NADWOZIE,122.00
188298725,"Czujnik wentylatora chłodnicy Arctic Cat 500 3530-045, 3530-038",NADWOZIE,69.00
188298730,Czujnik temperatury chłodnicy Yamaha Raptor 660 YFZ 450 5LP-82560-00-00,NADWOZIE,84.00
188298736,Komplet uszczelek silnika Yamaha YFZ 350 Banshee 808812,NADWOZIE,150.00
188298738,Uszczelniacz dyferencjału tylnego na wałek atakujący Kawasaki KVF 650 750 92049-0028,NADWOZIE,18.00
188298739,Uszczelniacz dyferencjału tylnego Kawasaki praire 360 650 700 KFX 700 92049-1538,NADWOZIE,18.00
188298741,Uszczelniacz dyferencjału przedniego na półosie Kawasaki praire 360 650 700 KFX 700 92049-1534,NADWOZIE,18.00
188298744,"Rozrusznik Honda TRX 500 FOREMAN 01-14 31200-HN2-A01, 31200-HN2-003, 18666",NADWOZIE,324.00
188298745,Gaźnik Linhai 260 300 23301 QUAD UTV,NADWOZIE,343.00
188298747,Uszczelniacz dyferencjału tylnego Kawasaki KVF 650 750 92049-0029,NADWOZIE,18.00
188298749,Uszczelniacz dyferencjału tylnego Kawasaki praire 650 700 92049-0012,NADWOZIE,18.00
188298751,Piankowy breloczek niezatapialny Can-Am Maverick QUAD UTV,NADWOZIE,17.00
188298753,Piankowy breloczek niezatapialny Polaris Scrambler QUAD ATV,NADWOZIE,17.00
188298755,Szczęki sprzęgła mokrego Arctic Cat  400 Suzuki LTF 400 3446-227 21500-38F60 21500-27H50,NADWOZIE,371.00
188298773,Sworzeń kulisty zwrotnicy Yamaha YXZ1000R 2HC-23579-00-00,NADWOZIE,77.00
188298776,Sworzeń kulisty zwrotnicy Yamaha Viking Wolverine 1XD-23579-00-00,NADWOZIE,77.00
188298777,Sworzeń kulisty zwrotnicy dolny Polaris Ranger 1000 sportsman 570 7061244 7082538,NADWOZIE,92.00
188298785,Manszeta guma przegubu Suzuki przednia zew 54930-31G14,NADWOZIE,46.00
188298788,Manszeta guma przegubu tylna zewnętrzna Polaris RZR Ranger 1000 2204102,NADWOZIE,46.00
188298792,"Manszeta guma przegubu Yamaha 4KB-2510H-00-00 , Kawasaki 49006-1322",NADWOZIE,46.00
188298794,"Manszeta guma przegubu Yamaha Rhino 5UG-F530X-01-00, 5UG-F530X-00-00 tylna zew",NADWOZIE,46.00
188298795,"Manszeta guma przegubu Yamaha Rhino 5UG-F530Y-01-00, 5UG-F530Y-00-00 tylna wew",NADWOZIE,46.00
188298801,Rozrusznik Can-Am Bombardier rally 175 18813 711296390 420296390,NADWOZIE,289.00
188298803,Rozrusznik Can-Am Bombardier traxter 500 18819 420296125 QUAD ATV,NADWOZIE,250.00
188298804,Gaźnik Linhai 260 300 23301a,NADWOZIE,343.00
188298806,"Nakrętka stożkowa chromowana do alufelg M10x1,25 na klucz 17mm 13204",NADWOZIE,5.00
188298810,"Nakrętka stożkowa czarna do alufelg M10x1,25 na klucz 14mm L-28mm 13271-BK",NADWOZIE,6.00
188298812,Piankowy breloczek niezatapialny Suzuki QUAD ATV UTV,NADWOZIE,17.00
188298814,Wentylator chłodnicy Suzuki LTZ 400 03-08 17800-07G00 17800-07G11,NADWOZIE,301.00
188298815,Prowadnica ślizg do liny syntetycznej do wyciągarki 2500-3500LBS,NADWOZIE,65.00
188298818,Tłumik Kawasaki Praire KVF 650 700 18087-0077 18087-1148 18087-1178,NADWOZIE,1345.00
188298819,Oś tylna Yamaha Big bear 400 5FU-F5381-01-00,NADWOZIE,626.00
188298827,Regulator napięcia CF Moto 500 X5 01AA-177000 QUAD ATV,NADWOZIE,261.00
188298828,Rozrusznik CF Moto 600 0600-091100 QUAD ATV,NADWOZIE,301.00
188298839,Chłodnica oleju pojazdy Can-Am 420890180 420890181,NADWOZIE,424.00
188298841,Siłownik drzwi Can-Am Maverick X3 kolor czarny QUAD UTV,NADWOZIE,382.00
188298843,Pompa wody Yamaha Grizzly Rhino 660 5KM-12420-00,NADWOZIE,243.00
188298848,Maska kominiarka model 04,NADWOZIE,27.00
188298850,Termometr elektroniczny Koso Mini 3 z czujnikami  QUAD ATV,NADWOZIE,185.00
188298857,Dźwignia manetka prawa na kierownicę,NADWOZIE,139.00
188298860,Dźwignia manetka lewa na kierownicę,NADWOZIE,57.00
188298864,Łącznik mocowania nawigacji telefonu krótki,NADWOZIE,28.00
188298868,Uszczelki na cały silnik Polaris RZR Sportsman 1000 808969,NADWOZIE,394.00
188298871,Gogle z miękką ramką i szybą tęczową,NADWOZIE,87.00
188298872,Gogle z miękką ramką i szybą tęczową,NADWOZIE,87.00
188298878,Zestaw naklejek Polaris Sportsman 850 EFI QUAD UTV,NADWOZIE,69.00
188298885,Przyrząd do wymiany paska napędowego Polaris RZR XP kolor srebrny QUAD UTV,NADWOZIE,92.00
188298888,Filtr powietrza Yamaha Big bear 350 kodiak 400 1YW-14451-01-00 QUAD ATV,NADWOZIE,54.00
188298892,Filtr powietrza Suzuki LTF250 LTF300 LT-4WD 13781-19B00,NADWOZIE,62.00
188298896,Filtr powietrza Yamaha Rhino 450 660 5UG-E4451-00-00  QUAD ATV,NADWOZIE,54.00
188298901,Pompa paliwa kompletna Polaris Ranger 500 570 800 2204945 2208613,NADWOZIE,517.00
189673985,Pompa paliwa kompletna Suzuki Kingquad 450 500 750 15100-31G00,NADWOZIE,517.00
189673990,Pokrowiec siedzenia CF Moto 500 520 L S 901A-130100 QUAD ATV,NADWOZIE,185.00
189673995,Pokrowiec siedzenia Suzuki LTZ 400 LTR 450,NADWOZIE,185.00
189674000,Uszczelniacz Polaris Kawasaki 40x52x6  30-5213,NADWOZIE,18.00
189674004,Uszczelniacz dyferencjału przedniego Kawasaki KVF 650 750 92049-1536,NADWOZIE,18.00
189674022,Gaźnik Honda TRX 400 FA FGA 04-06 16100-HN7-013,NADWOZIE,435.00
189674029,Gaźnik Yamaha Blaster YFS 200 5VM-14101-00-00 2XJ-14101-01-00,NADWOZIE,324.00
189674035,Rozrusznik Arctic Cat  550 700 1000 dużo modeli 18882N 0825-024,NADWOZIE,313.00
189674038,Wtryskiwacz wtrysk paliwa Yamaha Rhino 700 5B4-13761-00 QUAD UTV,NADWOZIE,289.00
189674043,Wtryskiwacz wtrysk paliwa Suzuki LTA 450 500 15710-11H00,NADWOZIE,289.00
189674048,Manetki podgrzewane X-ATV + kciuk podgrzewany AT-08318-X,NADWOZIE,203.00
189674055,Chłodnica CF Moto 450 500 520 550 600 9010-180100-1000,NADWOZIE,783.00
189674060,Chłodnica CF Moto UTV SSV 500 625 800 1000 9060-180100-1000,NADWOZIE,783.00
189674063,Chłodnica CF Moto 800 1000 7020-180110-00001 9AY0-181100 9AWA-181100,NADWOZIE,783.00
189674068,Bendix rozrusznika Yamaha Grizzly 600 4WV-15650-02,NADWOZIE,127.00
189674076,"Końcówka zewnętrzna drążka kierowniczego Kawasaki Brute Force KVF 750 05-13 39112-0009 Honda TRX 450R 53157-HP1-003, 51-1006 RH, 41-1013 RH",NADWOZIE,69.00
189674081,"Końcówka wewnętrzna drążka kierowniczego Kawasaki Bruteforce KVF 750 39112-0010 Honda TRX 450R 53158-HP1-003, 51-1006 LH, 41-1008",NADWOZIE,69.00
189674084,"Końcówka wewnętrzna drążka kierowniczego Honda TRX300 400 450 500 Rincon 650 680 53158-HP0-A01 53158-HP5-003, 51-1053 LH, 41-1010",NADWOZIE,69.00
189674088,Końcówka zewnętrzna drążka kierowniczego Can-Am Outlander Renegade G1 709400487,NADWOZIE,69.00
189674099,Sworzeń wahacza górnego CF Moto 500 600 800 9010-050700,NADWOZIE,81.00
189674103,Sworzeń kulisty zwrotnicy wahacza dolnego CF Moto CForce 500 600 800 9010-050800 42-1061,NADWOZIE,81.00
189674104,Końcówki drążków kierowniczych Polaris 51-1021-XATV,NADWOZIE,134.00
189674108,Końcówki drążków kierowniczych Yamaha Grizzly Kodiak 400 450 51-1031-XATV QUAD ATV,NADWOZIE,122.00
189674112,Końcówki drążka kierowniczego Polaris Sportsman XP 550 850 51-1050-XATV,NADWOZIE,127.00
189674117,Czujnik luzu oraz biegu wstecznego Yamaha Rhino Grizzly 660 5KM-82540-00-00 5KM-82540-01-00,NADWOZIE,86.00
189674120,Pompa paliwa Yamaha Rhino 450 660 5UG-13910-00-00 5UG-13910-01-00,NADWOZIE,231.00
189674122,"Rozrusznik Arctic Cat 375 400 , Suzuki LTF 400 Kymco MXU 375 18809N  QUAD ATV",NADWOZIE,296.00
189674127,Osadzenie łożysk mimośród Honda TRX250EX TRX300EX 52200-HM3-000,NADWOZIE,551.00
189674136,"Uchwyt montażowy mocowanie kuli haka kwadrat 32x32mm 1-1/4"" 84153",NADWOZIE,99.00
189674141,Sworzeń kulisty zwrotnicy Arctic Cat wszystkie modele 0405-483 42-1032-BJ,NADWOZIE,69.00
189674144,Termometr koso z czujnikiem niebieskie znaki BA024B11,NADWOZIE,87.00
189674150,"Maglownica Polaris RZR 900 1000 1823994, 1824349, 1824770",NADWOZIE,1275.00
189674159,Zacisk hamulcowy tylny lewy Polaris RZR 900 1000 1912274,NADWOZIE,285.00
189674164,Wtyczka gniazdo andersona do wyciągarki 50A kolor szary + zatyczka,NADWOZIE,34.00
189674165,Przerywacz kierunkowskazów LED,NADWOZIE,32.00
189674171,Sterownik do podgrzewanych manetek X-ATV,NADWOZIE,87.00
189674174,Filtr powietrza Can-Am Outlander 330 400 707800120,NADWOZIE,81.00
189674182,Łozyska kół Polaris RZR 800 25-1615 40x72x33.1,NADWOZIE,104.00
189674184,Manetki ATV GH003 zielone,NADWOZIE,46.00
189674188,Manetki ATV GH003 żółte,NADWOZIE,46.00
189674192,Manetki ATV GH004 czarne,NADWOZIE,38.00
189674195,Osadzenie łożysk mimośród Yamaha Banshee 350 3GG-25311-01-P1,NADWOZIE,579.00
189674199,Rozrusznik Kawasaki KFX450R 19032N 21163-0033,NADWOZIE,401.00
189785050,Szpilka piasty Kawasaki Teryx mule 92153-1915,NADWOZIE,28.00
189785053,Osłony amortyzatorów skarpety CF Moto CForce czerwone QUAD ATV,NADWOZIE,169.00
189785056,Osłony amortyzatorów skarpety Polaris Scrambler S 1000 QUAD ATV,NADWOZIE,220.00
189785057,Osłony amortyzatorów skarpety Polaris Scrambler S 1000 czarno zielone,NADWOZIE,220.00
189785058,Osłony amortyzatorów skarpety TGB Blade QUAD ATV,NADWOZIE,169.00
189785059,uszczelka pokrywy sprzęgła Kawasaki ZX12R 11060-1910,NADWOZIE,76.00
189785060,Stacyjka Suzuki Kingquad 700 750 new model 37110-31G00 37110-31G01,NADWOZIE,104.00
189785061,Manetki ATV GH003 niebieskie,NADWOZIE,46.00
189785064,Manetki kierownicy ATV GH005 szare,NADWOZIE,38.00
189785067,Przełącznik zespolony lewy uniwersalny,NADWOZIE,169.00
189785069,Lusterka kpl czarne z uchwytami  LU1796,NADWOZIE,81.00
189785071,Przednie lampy LED z ringiem 2szt Can-Am Outlander G2,NADWOZIE,927.00
191169749,Przerywacz kierunkowskazów LED z regulacją,NADWOZIE,40.00
191169751,Lampa tylna multifunkcyjna pozycja stop kierunkowskazy,NADWOZIE,150.00
191169755,Mocowanie lampy LED 2 szt,NADWOZIE,54.00
191169757,Przełącznik zespolony lewy i prawy,NADWOZIE,76.00
191169759,Zestaw naprawczy do opon rozmiar S,NADWOZIE,29.00
191169761,Zestaw naprawczy do opon rozmiar L,NADWOZIE,29.00
191169764,Termometr elektroniczny Mini 3 niebieski QUAD ATV,NADWOZIE,62.00
191169765,Termometr elektroniczny Mini 3 czerwony QUAD ATV,NADWOZIE,62.00
191169772,Wtryskiwacz wtrysk paliwa Suzuki Kingquad 700 750 15710-31G00 15710-31G01 15710-31G10,NADWOZIE,382.00
191169774,Uszczelniacz pompy wody Kawasaki dużo modeli,NADWOZIE,92.00
191169782,Adapter czujnika temperatury na wąż 22mm czerwony,NADWOZIE,46.00
191169785,Adapter czujnika temperatury na wąż 22mm niebieski,NADWOZIE,46.00
191169786,Kierownica antywibracyjna z elastomerem czarna 22mm,NADWOZIE,753.00
191169789,Kierownica antywibracyjna z elastomerem czarna 28mm,NADWOZIE,753.00
191169791,Kierownica z amortyzatorem flexx system czarna 22mm,NADWOZIE,904.00
191169796,Rozrusznik Bombardier Quest Traxter 500 650 John deere 18817N,NADWOZIE,336.00
191169798,Szczęki sprzęgła mokrego Arctic Cat  400 500 0823-328 0823-197,NADWOZIE,377.00
191169800,Zacisk hamulcowy tylny lewy Polaris Sportsman 550 850 1000 XP Scrambler 850 1000 1911458,NADWOZIE,336.00
191169803,Zacisk hamulcowy tylny prawy Polaris Sportsman 550 850 1000 XP Scrambler 850 1000 1911459,NADWOZIE,336.00
191169808,Cylinderek hamulcowy przedni Kawasaki mule 43092-1054,NADWOZIE,162.00
191169809,Cylinderek hamulcowy tylny Kawasaki mule 43092-1053,NADWOZIE,162.00
191169813,Przełącznik zespolony lewy Kawasaki KLF300 400 Bayou Lakota 46091-1462,NADWOZIE,289.00
191169818,Oś tylna Suzuki LTZ 400 64710-07G30,NADWOZIE,730.00
191169820,Oś tylna Suzuki LTR 450 64711-45G00,NADWOZIE,637.00
191169824,Oś tylna Honda TRX400EX 42310-HN1-A40,NADWOZIE,777.00
191169827,Oś tylna Honda TRX 450 R ER 42310-HP1-000,NADWOZIE,777.00
191169829,Maglownica Polaris RZR 800 EFI 2008-2014 1823497,NADWOZIE,603.00
191169832,Maglownica Polaris RZR 900 1823706,NADWOZIE,603.00
191169835,Maglownica Yamaha Rhino 450 660 700 5UG-F3400-00-00,NADWOZIE,505.00
191169840,"Maglownica Polaris RZR 1000 XP 1824205, 1824469",NADWOZIE,753.00
191169843,Maglownica Can-Am maverick 1000 709401325,NADWOZIE,753.00
191169846,Maglownica Can-Am commander 800 1000 709401500 709402387,NADWOZIE,753.00
191169850,Aktuator przedniego dyferencjału Honda TRX 500 31300-Hp0-A11,NADWOZIE,521.00
191169852,Poprzeczka kierownicy regulowana czarna,NADWOZIE,76.00
191169857,"Włącznik przełącznik 100% wodoszczelny,   podświetlenie niebieskie",NADWOZIE,34.00
191169861,Oś tylna Yamaha Raptor 700 1S3-25381-00-00 1S3-25381-10-00 kolor czarny,NADWOZIE,637.00
191169864,Lusterko wsteczne UTV Polaris RZR PRO 2020 premium QUAD UTV,NADWOZIE,174.00
191169867,Lusterko wsteczne Can-Am maverick X3 715004924,NADWOZIE,145.00
191169871,"Lusterka boczne UTV Polaris Can-Am mocowanie 1,75"" 2""",NADWOZIE,296.00
191169881,Pompa oleju Yamaha Rhino grizzly 660 5KM-13300-00-00,NADWOZIE,209.00
191169884,Pilot bezprzewodowy wyciągarki Warn 74520,NADWOZIE,603.00
191169892,Kierownica z amortyzatorem flexx system czarna 28mm,NADWOZIE,927.00
191169896,Zestaw elastomerów do kierownicy flexx system 4 szt kolor czerwony,NADWOZIE,57.00
191169901,Kanister do quada 5L z mocowaniem i zamkiem,NADWOZIE,243.00
191169903,"Przednie lampy LED z ringiem 2 szt 4"" uniwersalne",NADWOZIE,313.00
191169907,"Lusterka wsteczne UTV komplet lewe i prawe z mocowaniem 1,75""",NADWOZIE,150.00
191169911,"Lusterka wsteczne UTV komplet lewe i prawe z mocowaniem 2""",NADWOZIE,150.00
191169918,Lusterka wsteczne Can-Am Maverick X3 składane,NADWOZIE,331.00
191169921,"Lusterka wsteczne UTV komplet lewe i prawe z mocowaniem 1,75"" i 2""",NADWOZIE,134.00
191169924,Czujnik ciśnienia układu hamulcowego Polaris Sportsman Ranger RZR 570 900  4012981 4012399,NADWOZIE,203.00
191169929,Filtr paliwa uniwersalny,NADWOZIE,20.00
191169933,Zacisk hamulcowy przedni lewy tylny Arctic Cat 250 300 400 500 0402-011 QUAD ATV,NADWOZIE,243.00
191169936,Zacisk hamulcowy przedni prawy Arctic Cat 250 300 400 500 0402-010 QUAD ATV,NADWOZIE,243.00
191169940,Poprzeczka kierownicy z otworami M6 M8 czarna,NADWOZIE,76.00
191169991,Zestaw elastomerów do kierownicy antywibracyjnej 2 szt kolor czarny,NADWOZIE,41.00
191170005,Zacisk hamulcowy tylny Polaris Sportsman 400 500 800 570 1911415,NADWOZIE,289.00
191170018,Potencjometr aktuatora Kawasaki KVF 360 650 700 750 16172-0039,NADWOZIE,208.00
191170022,Wentylator chłodnicy CF Moto cforce 500 520 9010-180200-A000 QUAD UTV,NADWOZIE,301.00
191170025,Wentylator chłodnicy CF Moto cforce 850 1000 9AWA-181200 QUAD UTV,NADWOZIE,371.00
191170029,Wentylator chłodnicy Suzuki LTZ 400 09-13 17800-33H00 17800-33H01,NADWOZIE,371.00
191170035,Wentylator chłodnicy Yamaha Raptor 700 2013-2022 1PE-E2405-00-00,NADWOZIE,371.00
191170037,Amortyzator przedni Suzuki Kingquad 700 750 05-17 52100-31G20-019,NADWOZIE,510.00
191170047,Rozrusznik Suzuki LTA 400 450 19631N 31100-11H00,NADWOZIE,336.00
191170057,Dystanse X-ATV rozstaw otworów 4/110 45mm M12 nie zrywające szpilek Yamaha YXZ1000R WS11045M12,NADWOZIE,308.00
191170061,Osłony amortyzatorów skarpety Yamaha Raptor 700 niebieskie,NADWOZIE,169.00
191170064,Osłony amortyzatorów skarpety Yamaha Raptor 700 limonka QUAD ATV,NADWOZIE,169.00
191170070,Osłony amortyzatorów skarpety Yamaha YFZ 450 limonka QUAD ATV,NADWOZIE,169.00
191170075,Wentylator chłodnicy Suzuki LTR 450 06-09 17800-45G10,NADWOZIE,301.00
191170077,Klocki hamulcowe sintermetalowe CF Moto Linhai  FA747R 7020-0810A0,NADWOZIE,140.00
191459513,Zderzak gumowy na linę wyciągarki model L-06,NADWOZIE,33.00
191459520,Osłona miękka do kierownic flexx system kolor czarny,NADWOZIE,69.00
191459529,Mocowanie nawigacji telefonu do lusterka,NADWOZIE,57.00
191459534,Mocowanie pod lusterka na akcesoria dodatkowe,NADWOZIE,23.00
191459539,Pompa paliwa kompletna Honda Rincon TRX 680 16700-HN8-601,NADWOZIE,510.00
191459543,Przełącznik zespolony lewy Yamaha YFZ350 Banshee 5FK-83975-11-00,NADWOZIE,255.00
191459548,Przełącznik zespolony lewy Can-Am G2 Outlander 450 570 710004618,NADWOZIE,273.00
191459555,Przekaźnik rozrusznika Arctic Cat 400 500 700 0445-058 0445-036,NADWOZIE,69.00
191459566,Pompa paliwa Kawasaki KVF 650 750 49040-0005,NADWOZIE,99.00
191459571,"Cewka zapłonowa Polaris Sportsman Hawkeye 300 3089910, 3089860",NADWOZIE,209.00
191459587,Kapturek silikonowy do przełączników,NADWOZIE,16.00
191459592,Stacyjka Yamaha Blaster YFS200 2XJ-82510-02-00,NADWOZIE,69.00
191459597,Podgrzewany kciuk X-ATV z wtyczką,NADWOZIE,111.00
191459605,Poduszka guma mocowania tłumika Polaris 5411790,NADWOZIE,41.00
191459609,Chłodnica Polaris RZR XP Turbo 1241117 QUAD UTV,NADWOZIE,939.00
191459614,Chłodnica Polaris RZR XP 4 Turbo 1241115 1241387 QUAD UTV,NADWOZIE,811.00
191459618,Filtr paliwa do skutera śnieznego BRP Ski doo 415129510,NADWOZIE,76.00
191459624,Pompa paliwa Can-Am maverick commander 709000759,NADWOZIE,637.00
191459632,Pasek napędowy CF Moto 520 0180-055000-0001,NADWOZIE,440.00
191459635,Uzwojenie alternatora stator CF Moto 800 X8 0800-032000-2000,NADWOZIE,440.00
191459640,Chłodnica Kawasaki KVF 650 750 2016-22 39061-0589 zwiększona pojemność,NADWOZIE,626.00
191459658,Komin snorkel  Can-Am Renegade 570 1000 705009685,NADWOZIE,429.00
191459664,Poszerzenia błotników Overfenders Polaris RZR 1000 XP PRO  QUAD UTV,NADWOZIE,1043.00
191459675,Przedni zderzak czarny Yamaha Raptor 700 2006-2022,NADWOZIE,452.00
191459681,Manetki kierownicy ATV GH005 żółte,NADWOZIE,38.00
191459687,Manetki kierownicy ATV GH005 niebieskie,NADWOZIE,38.00
191459691,Uzwojenie alternatora stator CF Moto cforce 400 450 0GRB-032000-10000,NADWOZIE,475.00
191459707,"Szczęki sprzęgła mokrego Yamaha Rhino Grizzly 700 2016-22 2PG-16620-00-00, 2MB-E6620-00-00",NADWOZIE,470.00
191459732,Guma mocowania silnika poduszka Yamaha Grizzly 660 5KM-21485-00-00 5KM-21485-10-00,NADWOZIE,110.00
191459742,Wahacz przedni dolny lewy Suzuki LTZ 400 KFX 400 52420-07G10-YD8,NADWOZIE,545.00
191459747,Uszczelka pokrywy Paska napedowego Polaris RZR Ranger 1000 5416207,NADWOZIE,104.00
191459754,Uszczelka pokrywy paska napedowego Can-Am maverick X3 420450405,NADWOZIE,92.00
191459761,Uszczelka pokrywy paska napędowego Yamaha Grizzly 550 700 3B4-15379-00-00,NADWOZIE,139.00
192162581,Łożysko wariatora Polaris RZR 700 800 1521185,NADWOZIE,313.00
192162583,Łożysko wariatora Polaris Sportsman 550 850 09-10 1322809,NADWOZIE,313.00
192162589,Łożysko wariatora Polaris Sportsman 500 700 800 1520836,NADWOZIE,313.00
192162595,Łożysko wariatora Polaris Sportsman 325 500 600 700 11520231,NADWOZIE,313.00
192162598,Łożysko wariatora Polaris Ranger RZR Sportsman 3514609,NADWOZIE,180.00
192162619,"Wariator Yamaha Kodiak Grizzly 550 700 3B4-17606-00-00, 5B4-17606-00-00",NADWOZIE,475.00
192162628,Gwiazda wariator Can-Am Outlander Renegade 800 1000 420280522,NADWOZIE,563.00
192162635,Osadzenie łożysk mimośród Kawasaki KFX 450R 41046-0015 QUAD ATV,NADWOZIE,485.00
192162645,"Oś tylna Yamaha Wolverine 450 5ND-F5381-01-00, 5ND-F5381-00-00",NADWOZIE,626.00
192162661,"Wał napędowy tylny Can-Am Outlander Renegade G2 703500988, 703500858, 703500931 18/20 L337",NADWOZIE,557.00
192162681,Pokrowiec Polaris RZR CF Moto Zforce Can-Am maverick QUAD,NADWOZIE,203.00
192162687,"Tulejki wariator Can-Am Outlander Renegade 800 1000 420229577, 420229576, 711229576",NADWOZIE,49.00
192162706,Złącze kostka do przewodów lamp elektrycznych 10 szt,NADWOZIE,76.00
192162742,Napinacz łańcuszka rozrządu Polaris Sportsman RZR 570 3022152,NADWOZIE,139.00
192162750,Piasta osi tylna Yamaha Raptor 350 660 700  dużo modeli 1PE-F53K0-00-00,NADWOZIE,313.00
192162760,Ślizgi wariatora odważniki CF Moto cforce 450 520 550 850 0GR0-051005 0JYA-051001,NADWOZIE,285.00
192162767,Pompa paliwa kompletna Polaris Ranger 500 700 800 2520864,NADWOZIE,517.00
192162778,"Klocki hamulcowe Polaris tylne Ranger RZR  500 700 800 1000, 2202413, FA354R",NADWOZIE,64.00
192162784,Włącznik GPS podświetlany do pojazdów UTV,NADWOZIE,45.00
192162790,Włącznik świateł uprzywilejowanych podświetlany do pojazdów UTV,NADWOZIE,45.00
192162797,Włącznik klaksonu do pojazdów UTV,NADWOZIE,45.00
192162803,Włącznik wycieraczek do pojazdów UTV QUAD,NADWOZIE,45.00
192162819,Wahacz przedni górny lewy Yamaha Grizzly 660 5KM-23540-10-00,NADWOZIE,579.00
192162825,Adaptery montażowe 4 szt Can-Am Outlander 715002350 CF Moto,NADWOZIE,94.00
192162845,Przekaźnik z podstawką wodoszczelną 12V,NADWOZIE,32.00
192162849,Wyłącznik zasilania hebel 300A 12V,NADWOZIE,32.00
192162854,Wyłącznik zasilania hebel 500A 12V,NADWOZIE,32.00
192162860,Amortyzator przedni Yamaha grizzly 450 1CT-F3350-00-00,NADWOZIE,463.00
192162869,Pilot bezprzewodowy radiowy do wyciągarki atv model 76080X,NADWOZIE,382.00
192162874,Klamka drzwi Can-Am maverick X3,NADWOZIE,195.00
192162879,Ślizg wariatora korektora siły 3szt,NADWOZIE,81.00
192162884,filtr paliwa Suzuki LTR 450 44331-45G00,NADWOZIE,34.00
192162908,Breloczek piankowy replika Seadoo niezatapialny JETSKI,NADWOZIE,17.00
192162919,Wariator Polaris sportsman 500 1321976,NADWOZIE,1131.00
192162922,Wariator Polaris sportsman 850 1322814,NADWOZIE,1449.00
192162929,Wariator Polaris RZR 1000 Turbo 1323761 QUAD UTV,NADWOZIE,2425.00
192162934,"Wariator Polaris RZR 1000 1323769, 1327322, 1323581 QUAD UTV",NADWOZIE,2425.00
192162943,Poprzeczka kierownicy regulowana czarna,NADWOZIE,76.00
192162949,Włącznik przełącznik na kierownice podwójny,NADWOZIE,61.00
192162952,Filtr powietrza Polaris Trail boss magnum 325 330 1253372,NADWOZIE,78.00
192162958,Sonda lambda Polaris RZR PRO 2413317,NADWOZIE,324.00
192162964,Wał napędowy przedni Can-Am Outlander Renegade 500 800 G1 705400914,NADWOZIE,429.00
192162967,"Klocki hamulcowe CF Moto FA726RX 7020-0810B0, 9AWA-0811A0",NADWOZIE,140.00
192162977,Klocki hamulcowe Can-Am Commander Maverick Yamaha wiking wolverine FA642RX przód lewy 705601149,NADWOZIE,64.00
192162982,Klocki hamulcowe CF Moto Z-force Z5 Z6 Z8 tylne 9060-081010,NADWOZIE,64.00
192162988,Amortyzator przedni Suzuki LTA LTF 400 52100-27H10-019,NADWOZIE,463.00
192162993,Zatyczka korek wtyczki andersona 50A,NADWOZIE,12.00
192163004,Gaźnik Bombardier Can-Am DS650 707200142 QUAD UTV,NADWOZIE,331.00
192163008,Gaźnik Polaris Sportsman Scrambler 50 90 elektryczne ssanie 0450081 0450924,NADWOZIE,185.00
192163014,Gaźnik Suzuki LT 80 13200-40B10,NADWOZIE,197.00
192163023,Uszczelniacz dyferencjału tylnego na półosie Can-Am Outlander Renegade G2 od 2015 705501556 30-5204 10 szt,NADWOZIE,134.00
192163027,"Uszczelniacz silnika CF Moto 500 X5 22x38x7, 0180-012004, CF188-012004 10 szt",NADWOZIE,134.00
192163044,Uszczelniacz pokrywy alternatora CF Moto cforce 500 X5 28X52X7 0180-014008 CF188-014008 10 szt,NADWOZIE,134.00
192163048,Uszczelniacz silnika CVT CF Moto cforce 800 X8 0800-013104,NADWOZIE,16.00
192163053,Uszczelniacz silnika CVT CF Moto cforce 800 X8 0800-013104 10 szt,NADWOZIE,134.00
192163059,Uszczelniacz CF Moto 500 0180-065002 QUAD UTV,NADWOZIE,12.00
192163063,Uszczelniacz CF Moto 500 0180-065002 10 szt,NADWOZIE,134.00
192163071,Tarcza hamulcowa Kawasaki Bruteforce 650 750 2005-2016 przód 41080-1513 41080-0585 ZC6188,NADWOZIE,157.00
192163083,Tarcza hamulcowa Arctic Cat Wildcat TRV przód tył 2402-002 1436-808 ZC6375,NADWOZIE,127.00
192163086,Tarcza hamulcowa Polaris RZR Turbo 5262840 ZC6397,NADWOZIE,162.00
192163110,Rozrusznik CFMoto 500 X5 0180-091100-0010 CF188-091100-0010 19584N-X,NADWOZIE,296.00
192163119,Rozrusznik KTM 250 300 XC 55140001100 19091N,NADWOZIE,301.00
192163123,Rozrusznik KTM 250 300 EXC XC 55440001000,NADWOZIE,289.00
192163129,Rozrusznik KTM 690 Duke Enduro SMC Supermoto 75040001000,NADWOZIE,533.00
192163133,"Rozrusznik KTM 450, 500, 78140001000",NADWOZIE,405.00
192163136,Rozrusznik KTM 250 350 78140001000 Husqvarna,NADWOZIE,424.00
192163141,Rozrusznik KTM 400 450 525 59040001000,NADWOZIE,289.00
192163146,Rozrusznik KTM 125 200 Duke 90140001000,NADWOZIE,215.00
192163151,Rozrusznik KTM 450 500 79440001000,NADWOZIE,440.00
192163156,Rozrusznik KTM 250 350 79240001000,NADWOZIE,405.00
192163158,Manetka gazu Polaris Magnum Predator Outlaw 325 500 2010204 2010335,NADWOZIE,266.00
192163165,Bendix rozrusznika Can-Am Outlander 330 400 420684050 420684051 420684052,NADWOZIE,220.00
192163169,Bendix rozrusznika KTM 250 300 55140026000,NADWOZIE,220.00
192163173,Bendix rozrusznika KTM 250 300 55140026400,NADWOZIE,220.00
192163177,Panewki 2 szt Korbowodu Can-Am Outlander Renegade commander maverick 420233726,NADWOZIE,108.00
192163187,Piankowy breloczek niezatapialny CF Moto CForce QUAD ATV,NADWOZIE,17.00
192163192,Pilot bezprzewodowy radiowy X-ATV bez sterownika,NADWOZIE,203.00
192163195,Prowadnica ślizg do liny syntetycznej do wyciągarki 2500-3500LBS X-ATV QUAD ATV,NADWOZIE,69.00
192163202,Prowadnica ślizg do liny syntetycznej do wyciągarki 2500-3500LBS X-ATV czerwona,NADWOZIE,69.00
192163207,Rozrusznik Polaris sportsman 570 19494 19486 4014909,NADWOZIE,417.00
192163212,Manszeta guma przegubu 19-5007-2 Honda TRX Kawasaki Kvf Yamaha Grizzly przód wewnętrzny zewnętrzny,NADWOZIE,46.00
192163217,Manszeta guma przegubu 19-5011-2 Honda TRX Suzuki KingQuad,NADWOZIE,46.00
192163224,Manszeta guma przegubu 19-5029 Kawasaki Yamaha,NADWOZIE,35.00
192163230,Manszeta guma przegubu 19-5034,NADWOZIE,50.00
192163233,Pompa paliwa kompletna Yamaha Kodiak 450 BB5-13907-03-00,NADWOZIE,517.00
192163239,Uzwojenie alternatora stator Polaris Sportsman Scrambler 850 1000 4011427 4014006,NADWOZIE,463.00
192163256,Drążek kierowniczy CF Moto cforce 850 1000 9AWA-104100 QUAD ATV,NADWOZIE,171.00
192163261,Drążek kierowniczy CF Moto CForce 450 520 9GQ0-100530,NADWOZIE,150.00
192163270,Przedni wał napędowy CF Moto cforce 450 520 9GQ0-290200-00001,NADWOZIE,609.00
192163275,"Szpilka dystansów piasty M12x1,25",NADWOZIE,10.00
192163280,"Szpilka dystansów piasty M12x1,5",NADWOZIE,10.00
192163286,"Nakrętka stożkowa przelotowa do dystansów oraz felg aluminiowych M12x1,25",NADWOZIE,7.00
192163292,"Nakrętka stożkowa przelotowa do dystansów oraz felg aluminiowych M12x1,5",NADWOZIE,7.00
192163298,Kosz wariatora CF Moto cforce 520 0GR0-051002 QUAD ATV,NADWOZIE,285.00
192163308,Przełącznik zespolony CF Moto CForce 850 1000 9AWA-160700-00001,NADWOZIE,231.00
192163317,Pompa paliwa Can-Am maverick commander 709000759,NADWOZIE,591.00
192163326,Pokrowiec Polaris Sportsman Can-am outlander Yamaha Grizzly Kawasaki KVF Cfmoto cforce,NADWOZIE,250.00
192163333,Mocowane Polaris Lock & ride 2876420,NADWOZIE,93.00
192163340,Podstawa mocowane kufra Can-Am 860201806,NADWOZIE,81.00
192163344,Mocowane kufra Can-Am 715001707,NADWOZIE,145.00
192163352,Mocowanie nawigacji ze schowkiem CF Moto Zforce 950 1000 QUAD,NADWOZIE,498.00
192163358,Podstawa mocowania kufra Can-Am maverick X3 715002881  QUAD ATV,NADWOZIE,672.00
192163363,Osłony dłoni Can-Am Outlander G2 703100251 703100352 QUAD ATV,NADWOZIE,285.00
192163370,Podstawa mocowania kufra Polaris Sportsman 450 570 2015-2020 2635719-070 QUAD ATV,NADWOZIE,661.00
192163380,Osłony dłoni Polaris Sportsman Scrambler 570 850 1000 QUAD ATV,NADWOZIE,452.00
192163385,Pokrywa paska napędowego Polaris RZR 900 1000 5451767 2635611 QUAD,NADWOZIE,753.00
192163407,Pokrowiec Polaris RZR PRO XP 2020-2023,NADWOZIE,359.00
192163410,Rozrusznik Yamaha YFZ 450R 19200 18P-81890-00-00,NADWOZIE,405.00
192163416,Rozrusznik Suzuki Kingquad 750 19488 31100-31G10 31100-31G11,NADWOZIE,417.00
192163422,Rozrusznik Arctic Cat 250 300 3304-274 Kymco Mxu 250 300 Can-Am DS250 19599,NADWOZIE,250.00
192163426,Trójząb helix Can-Am Outlander Renegade commander 800 1000 G1 G2 420280472,NADWOZIE,359.00
192163432,Łożysko jednokierunkowe rozrusznika Honda TRX450ER 91012-PN6-701 QUAD UTV,NADWOZIE,157.00
193107689,Łożyska kół przednich Honda TRX 250 350 25-1510-H,NADWOZIE,57.00
193107788,Zestaw naprawczy tylnej osi Yamaha Raptor 700 YFZ 450tył 25-1526,NADWOZIE,140.00
193107811,Silnik krokowy Polaris RZR Sportsman 500 550 800 3131629 suzuki kingquad 13520-31G00,NADWOZIE,231.00
193107812,Wał Korbowy Yamaha Grizzly 660 02-08 5KM-11400-00-00,NADWOZIE,1043.00
193107818,Przekaźnik rozrusznika Yamaha Grizzly 700 3B4-81940-00-00 Suzuki Kingquad 700 750 38750-31G00 GSX-R 1000,NADWOZIE,53.00
193154797,Wał korbowy CF Moto 500 X5 0180-041000  CF188-041000,NADWOZIE,1299.00
193154800,"Szczęki sprzęgła CF Moto 500 X5, 0180-054200-0003 5 szt QUAD ATV",NADWOZIE,301.00
193154803,Dzwon sprzęgła CF Moto 500 X5 0180-053100-0003 CF188-053100-0003 QUAD ATV,NADWOZIE,749.00
193154836,Dyferencjał tylny CF Moto 520 Q520-330000 QUAD ATV,NADWOZIE,1809.00
193154841,Guma stabilizatora CF Moto CForce 400 500 600 9GQ0-060003,NADWOZIE,24.00
193154845,"Uszczelniacze zaworowe CF Moto 500 X5, 0010-022500 4 szt QUAD ATV",NADWOZIE,26.00
193154848,"Rolki wariatora CF Moto 500 X5, 0180-051100, CF188-051100 8 szt  QUAD ATV",NADWOZIE,85.00
193154854,Przekaźnik rozrusznika CF Moto 9010-150310-1000 QUAD ATV,NADWOZIE,71.00
193154857,Ślizgi wariatora CF Moto cforce 450 520 550 850 0GR0-051005 0JYA-051001,NADWOZIE,215.00
193170846,Kufer GKA tesseract tylny Can-am outlander G2 650 1000 XT XTP XMR,NADWOZIE,1728.00
193170908,Szybko złącze do kufrów uniwersalnych kpl 4 szt średnica 24mm cfmoto X5 Polaris nowy model,NADWOZIE,192.00
193170911,Kanister kufra GKA 15L czerwony do Polaris Sportsman XP 1000 nowe mocowanie,NADWOZIE,463.00
193170918,Kufer GKA Tesseract tylny Can-am Outlander G2 450 570 L 010_083 QUAD ATV,NADWOZIE,1728.00
193170932,Zamek do kufrów GKA z kluczami,NADWOZIE,76.00
193170943,Kufer tylny ATV GKA R303 8030 Nowy model 2021 !!!,NADWOZIE,1334.00
193170960,Kufer GKA tesseract tylny Can-am maverick X3 zamykany na gumy,NADWOZIE,2378.00
193170971,Kanister GKA do kufra RZR PRO 2020 czarny,NADWOZIE,502.00
193170983,Zamek gumowy smartlock do kufrów GKA,NADWOZIE,69.00
193205506,Pasek napędowy mitsuboshi Sym Quad lander 250 300,NADWOZIE,296.00
193205511,Pasek napędowy mitsuboshi Linhai 520 550,NADWOZIE,394.00
193205516,Pasek napędowy mitsuboshi Kymco maxxer MXU 400 450,NADWOZIE,336.00
193205525,Pasek napędowy mitsuboshi Kymco MXU 700 2019-2023,NADWOZIE,498.00
195874726,Zestaw serwisowy olej Motul + filtr oleju do quada CF MOTO 450 C-FORCE,Oleje do quadów,220.00
195874732,Zestaw serwisowy olej Motul + filtr oleju do quada CF MOTO 520 C-FORCE,Oleje do quadów,220.00
195874737,Zestaw serwisowy olej Motul + filtr oleju do quada CF MOTO 1000 C-FORCE,Oleje do quadów,329.00
195874745,Zestaw serwisowy olej Motul + filtry do quada CF MOTO 850 C-FORCE,Oleje do quadów,465.00
195874754,"Zestaw serwisowy olej Motul, filtr do quada CF MOTO 520 C-FORCE",Oleje do skuterów,265.00
195874761,"Zestaw serwisowy olej Motul, filtry, podkładka do quada CF MOTO 520 C-FORCE",Oleje do quadów,399.00
195874784,Zestaw serwisowy olej Motul + filtry do quada CF MOTO 450 C-FORCE,Oleje do quadów,360.00
195874789,Zestaw serwisowy olej Motul + filtry do quada CF MOTO 520 C-FORCE,Oleje do quadów,360.00
195874793,"Zestaw serwisowy olej Motul, filtry oleju do quada CF MOTO 450 C-FORCE",Oleje do quadów,499.00
195874832,"Zestaw serwisowy olej Motul, filtr do quada YAMAHA YFM 250 RAPTOR",Oleje do quadów,130.00
195874837,"Zestaw serwisowy olej Motul, filtr, świeca do quada YAMAHA YFM 250 R RAPTOR",Oleje do quadów,130.00
195874858,"Zestaw serwisowy olej Motul, filtry do quada SUZUKI LT-Z 400 K QUAD-SPORT",Oleje do quadów,230.00
195874868,Zestaw serwisowy olej Motul filtr do quada SUZUKI LT-A 750 X / XP KING-QUAD,Oleje do quadów,180.00
195874873,"Zestaw serwisowy olej Motul, filtr, świeca do quada SUZUKI LT-A 750 X / XP KING-QUAD",Oleje do quadów,199.00
195874880,"Zestaw serwisowy olej Motul, filtr do quada SUZUKI LT-A 700 X KINGQUAD",Oleje do quadów,179.00
195874885,"Zestaw serwisowy olej Motul, filtr, świeca do quada SUZUKI LT-A 700 X KINGQUAD",Oleje do quadów,199.00
195874891,"Zestaw serwisowy olej Motul, filtr do quada YAMAHA YFZ 450",Oleje do quadów,117.00
195874918,"Zestaw serwisowy olej Motul, filtry do quada YAMAHA YFM 700 F GRIZZLY",Oleje do quadów,218.00
198417751,Opona MITAS 4.00-18 H-06 64S TT F/R  (DOT22),Opony,415.00
198417760,Opona MITAS 150/70B17 E-07 PLUS ENDURO  69T TL M+S ( (DOT23),Opony,664.00
198527481,Opona CST 28X9-14 WILD THANG CU05 6PR 69J TL#E4,Opony,968.00
198527483,Opona CST 28X11-14 WILD THANG CU06 6PR 75J TL#E4,Opony,989.00
198527486,Opona CST 30X10R14 DINGO CU47 8PR 63M TL #E4,Opony,1034.00
198527518,Opona CST 25X10-12 WILD THANG CU06 6PR 67J TL #E4,Opony,540.00
198527525,Opona CST 20X11-9 AMBUSH C9309 4PR 38J TL #E4 (DOT22),Opony,408.00
198527550,Opona CST 22X10-10 AMBUSH C9309 4PR 39J TL #E4 (DOT21),Opony,390.00
198527554,CST 22x7-10 CS03 PULSE FRONT 6PR TL M+S (DOT21) WYPRZEDAŻ,Opony,322.00
198527564,Opona CST 26X9-12 WILD THANG CU05 6PR 66J TL #E4,Opony,570.00
198527565,Opona CST 26X11-12 WILD THANG CU06 6PR 72J TL #E4,Opony,633.00
198527580,Opona CST 26X9-12 ANCLA C9311 6PR TL #E4,Opony,617.00
198527585,Opona CST 27X11-12 ANCLA C9312 6PR TL #E4,Opony,804.00
198527618,Opona CST 27x10-14 WILD THANG FRONT CU05 6PR 70J TL #E4 (DOT21),Opony,788.00
198527621,Opona CST 27X12-14 WILD THANG REAR CU06 6PR 76J TL #E4 (DOT21),Opony,945.00
200104761,Opona CST 30X10R14 APACHE CU-AT 8PR 63M TL,Opony,1094.00
200104769,Opona CST 27x11R12 DINGO CU47 8PR 61M TL (DOT21),Opony,807.00
200104774,Opona CST 18X10-8 PULSE MXR CS14 6PR TL 34M Twarda mieszanka,Opony,444.00
200104786,Opona HAKUBA 18X9.50-8 P311 4PR 33J TL #E4  do usunięcia,Opony,196.00
200104791,Opona HAKUBA 19x9.50-8 P316 4PR 36J TL #E4   do usunięcia,Opony,216.00
200209159,Opona HAKUBA 26x11-12 P390 6PR 55J TL #E4,Opony,480.00
200209180,Opona MAXXIS 27X9R12 BIGHORN 2.0 MU09 4PR 55K TL #E4,Opony,830.00
200209190,Opona MAXXIS 27X11R12 BIGHORN 2.0 MU10 6PR 70L TL BRP #E4,Opony,1092.00
200209206,Opona MAXXIS 26X11R14 BIGHORN 3.0 M302 6PR 54M #E4,Opony,1150.00
200209213,Opona MAXXIS 25x8-12 BIGHORN M917 6PR 43N TL #E4,Opony,633.00
200209216,Opona MAXXIS 26x8R12 BIGHORN M917 6PR 44N TL #E4,Opony,841.00
200209218,Opona MAXXIS 26x9R12 BIGHORN M917 6PR 49N TL #E4,Opony,784.00
200209221,Opona MAXXIS 25x10-12 BIGHORN M918 6PR 50N TL #E4,Opony,784.00
200209225,Opona MAXXIS 26x10R12 BIGHORN M918 6PR 67N TL #E4,Opony,991.00
200209227,Opona MAXXIS 26x12R12 BIGHORN M918 6PR 58N TL #E4,Opony,857.00
200209248,Opona MAXXIS 28X10R14 LIBERTY ML3 TL 8PR NHS (DOT21),Opony,1179.00
200209252,Opona MAXXIS 27x11-12 MAXXZILLA M60 6PR NHS (DOT21),Opony,919.00
200659480,Opona MAXXIS 32x10R15 RAMPAGE ML5 HP 8PR TL NHS (DOT22),Opony,1839.00
200659498,Opona MAXXIS 18X10-8 RAZR PLUS MX MS-CR2 4PR TL NHS,Opony,594.00
200659501,Opona MAXXIS 21x7-10 M933 RAZR2 6PR 30J TL #E4,Opony,456.00
200659515,Opona MAXXIS 20X10-9 SPEARZ M992 50N (DOT21),Opony,512.00
200659532,Opona MAXXIS 26x11-14 ZILLA MU02 6PR 52J TL NHS,Opony,910.00
200659534,Opona MAXXIS 27x11-12 ZILLA MU02 6PR 56J TL #E4,Opony,765.00
201803126,Opona OBOR 26x9R12 CORNELIUS WU11 6PR 66J TL #E4 (DOT21),Opony,456.00
201803129,Opona OBOR 26x11R14 CORNELIUS WU12 6PR 52M TL#E4 (DOT21),Opony,674.00
201803132,Opona OBOR 26x12R12 CORNELIUS WU12 6PR 75J TL #E4 (DOT21),Opony,572.00
201803153,Opona OBOR 26X9R12 RIPLE WU13 6PR 48M TL #E4,Opony,599.00
201803167,Opona OBOR 26X9-12 SCOPRIO WU03 6PR 58J TL #E4,Opony,483.00
201803177,Opona OBOR 26X11-12 SCOPRIO WU04 6PR 64J TL #E4,Opony,599.00
202939752,Pług do Quada ATV do odśnieżania śniegu uniwersalny HLP mocny,PŁUGI,1850.00
202949108,Opona MAXXIS 140/80-18 MAXXENDURO M7324 70R TT RE #E4 (DOT22),Opony,455.00
202949111,Opona MAXXIS 120/90-18 MAXXENDURO M7324 65R TT #E4 (DOT22),Opony,420.00
202949113,Opona MAXXIS 110/90-19 MAXXCROSS MX-MH M7326 62M NHS (DOT23),Opony,420.00
203385849,Opona MAXXIS 140/80-18 MAXXENDURO SOFT M7324 70R TT RE #E4,Opony,504.00
203385885,Opona MAXXIS 140/90-15 PROMAXX M6103 REAR 70H TL #E4 (DOT25),Opony,467.00
203385888,Opona MAXXIS 150/80-15 CLASSIC M6011 70H TL REAR #E4 (DOT22),Opony,598.00
203385891,Opona MAXXIS 150/90-15 CLASSIC M6011 74H TL REAR TL #E4 (DOT23),Opony,633.00
203385893,Opona MAXXIS 170/80-15 CLASSIC M6011R 77H REAR TL #E4 (DOT23),Opony,761.00
203385900,Opona MAXXIS MT 90-16 (130/90-16) Classic M6011R 74H REAR TL E4 (DOT23),Opony,505.00
203385912,Opona MAXXIS 110/70-17 PROMAXX M6102 FRONT 54H TL #E4 (DOT23),Opony,365.00
203385928,Opona MAXXIS 90/90-18 PROMAXX M6102 FRONT 51H TL #E4 (DOT23),Opony,338.00
203385937,Opona MAXXIS 120/90-18 CLASSIC M6011 65H TL FRONT #E4 (DOT23),Opony,610.00
203385967,Opona MAXXIS 110/90-19 CLASSIC M6011 62H TL FRONT #E4 (DOT23),Opony,467.00
203498556,Dekompresor CF Moto cforce 520 0GR0-024200-10000,NADWOZIE,69.00
203498558,Filtr powietrza CF Moto Zforce 1000 0JYA-112000-00001 QUAD ATV,NADWOZIE,104.00
203498561,Filtr powietrza CF Moto Zforce 950 0JYA-112000-30000 QUAD ATV,NADWOZIE,76.00
203498565,Tarcza hamulcowa przednia CF Moto 7020-080003-00001,NADWOZIE,139.00
203498569,Półoś kompletna przednia prawa CF Moto  cforce 800 1000 19-2023 9AY0-270200 QUAD ATV,NADWOZIE,691.00
203498570,Przełącznik zespolony CF Moto cforce 450 520 9GQS-160700,NADWOZIE,243.00
203498573,Lusterko lewe CF Moto 5190-200200 QUAD ATV,NADWOZIE,46.00
203498575,Lusterko prawe CF Moto 5190-200300  QUAD ATV,NADWOZIE,46.00
203498578,Aktuator dyferencjału przedniego CF Moto 520 625 1000 Q830-314000-10000 QUAD ATV,NADWOZIE,417.00
203549143,Felga przednia Yamaha Raptor 700 YFM 660 5LP-F5180-29-00,Raptor 700,350.00
203549144,Felga przód Yamaha Raptor 660 YFM 700 5LP-F5180-29-00 NR2,Raptor 700,350.00
203549145,Dyfer przedni Can Am Renegade Outlander 800 G1 703500907,Renegade,1690.00
203549146,Wałek przedniego napędu Can Am Renegade 800 705400914,Renegade,599.00
203549147,"Bagażnik przód box Polaris Sportsman 500 HO 2633162 , 2633446",Polaris,2900.00
203549149,Gril atrapa zderzak przód Polaris Sportsman 500 HO 2633527-070,SPORTSMAN,899.00
203549150,Subframe zadupek Yamaha Raptor 700 1S3-21190-18-00,Raptor 700,1990.00
203549151,Sztyca kolumna kierownicza Yamaha Raptor YFM 660 5LP-23813-10-00,Raptor 660,499.00
203549153,Lampa tył tylna Suzuki LTR 450 35710-45G00,LTR 450,299.00
203549154,Felga tylna Yamaha Raptor 700 YFM 660 5LP-25390-11,Raptor 700,299.00
203549155,Felga przód Suzuki LTZ 400 LTR 450  55310-07G10,LTZ 400,349.00
204234414,Podniesienie chłodnicy relokator ze snorklami Yamaha Grizzly 700 od 2016,NADWOZIE,2184.00
204234422,Relokator chłodnicy CF Moto 500 A 2A HO 400 440 450 520 QUAD ATV,NADWOZIE,1507.00
205380463,Półoś Suzuki Kingquad 450 700 750 tył bez przegubów,NADWOZIE,197.00
205380618,Zrywki do gogli X-ATV 10szt,NADWOZIE,29.00
205380619,"Zestaw naprawczy wahacza dolnego i górnego, zestaw naprawczy stabilizatora tylnego Can-Am Outlander Renegade 800 1000 50-1153",NADWOZIE,173.00
205380649,Naklejka Suzuki Kingquad 500 AXI,NADWOZIE,41.00
205380668,Półoś Kawasaki Bruteforce KVF 650 750 2005-2020 tylna lewa prawa ATV-KW-8-312 wyprzedaż,NADWOZIE,231.00
205380697,Piankowy breloczek niezatapialny Can-Am Outlander QUAD ATV,NADWOZIE,17.00
205380698,Piankowy breloczek niezatapialny Can-Am Renegade QUAD ATV,NADWOZIE,17.00
205380701,Piankowy breloczek niezatapialny Yamaha QUAD ATV UTV,NADWOZIE,17.00
205380711,Mocowanie tylna do hak Can-Am Maverick X3 715004450,NADWOZIE,220.00
205380716,Stator CF Moto 800 X8 0800-032000,NADWOZIE,336.00
205380720,Maska kominiarka,NADWOZIE,46.00
205380735,Przyrząd do wyciągania kołków,NADWOZIE,16.00
205380738,Filtr oleju CF Moto 500 600 HF682X 0180-011300 QUAD UTV,NADWOZIE,27.00
205380739,Rozrusznik CF Moto 800 X8 0800-091000,NADWOZIE,313.00
205380741,Rozrusznik CF Moto 450 520 550 600 0GR0-091100,NADWOZIE,313.00
205380744,Rozrusznik CF Moto 500 X5 0180-091100-0010 CF188-091100-0010,NADWOZIE,319.00
205380750,Zestaw naprawczy wariatora Polaris QUAD ATV,NADWOZIE,510.00
205380760,Gaźnik Yamaha Grizzly YFM 600 660 linka ssanie QUAD UTV,NADWOZIE,331.00
205380763,Gaźnik Linhai 400,NADWOZIE,405.00
205380765,Dzwon sprzęgła CF Moto 800 X8 0800-053100-0001,NADWOZIE,536.00
205380767,"Okładziny sprzęgła CF Moto 800 X8, 0800-054000-0001 QUAD ATV",NADWOZIE,563.00
205380769,Filtr powietrza CF Moto 800 X8 0800-112000  QUAD ATV,NADWOZIE,69.00
205380772,Poduszka silnika CF Moto Cforce 850 1000 401B-000200-10000 QUAD ATV,NADWOZIE,64.00
205380773,Śruba szpilka przedniego wahacza CF Moto ZForce 4060-050101 QUAD UTV,NADWOZIE,36.00
205380775,Klocki hamulcowe hamulca parkigowego CF Moto ZForce 7000-0821A0,NADWOZIE,39.00
205380778,Przełącznik zespolony CF Moto cforce 850 1000 9AWA-160700,NADWOZIE,266.00
205380779,Wspomaganie kierownicy EPS CF Moto cforce 9CR6-103300-20000 QUAD ATV,NADWOZIE,2899.00
205380782,Kontroler EPS CF Moto cforce 9CR6-103400 QUAD ATV,NADWOZIE,1322.00
205380784,Guma przegubu zewnetrznego CF Moto cforce 9GQ0-280150 QUAD ATV,NADWOZIE,70.00
205380786,Filtr powietrza Polaris Ranger 1000 7082265,NADWOZIE,78.00
205380793,"Zawór ssący 36,5mm Can-Am Outlander Renegade 1000 420254358",NADWOZIE,62.00
205380794,Zawór wydechowy 27mm Can-Am Outlander Renegade 800 420254361,NADWOZIE,62.00
205380797,Głowica kompletna Can-Am Outlander Renegade 800 420623941,NADWOZIE,1739.00
205380799,Rolki wariatora Can-Am Maverick Defender 420629211 417127016,NADWOZIE,145.00
205380801,Poduszka silnika Can-Am Outlander Renegade 707000426 707001169 QUAD ATV,NADWOZIE,53.00
205380803,Czujnik MAP sensor Can-Am 420874650 707000995 QUAD UTV,NADWOZIE,157.00
205380807,Stacyjka Polaris Ranger RZR Sportsman 850 1000 4015033,NADWOZIE,69.00
205380810,Gaźnik Honda TRX 125 16100-HC3-034,NADWOZIE,243.00
205380812,Filtr paliwa Polaris Sportsman 400 500 2530009,NADWOZIE,23.00
205380815,Termostat Polaris Sportsman 400 500 3090049 3084940 QUAD UTV,NADWOZIE,157.00
205380818,Wał napędowy tylny Can-Am Outlander XMR 1000 705501720 20/20,NADWOZIE,707.00
205380824,Przegub wału napędowego tylnego Honda TRX 250 350 500 dużo modeli 40210-HN7-000,NADWOZIE,255.00
205380825,Gniazdo wału napędowego przedniego Can-Am Outlander Renegade G2 703500678,NADWOZIE,208.00
205380827,Jarzmo wału napędowego przedniego Polaris Sportsman 850 1000 3235182,NADWOZIE,313.00
205380828,Jarzmo wału napędowego przedniego Polaris Ranger RZR 570 900 1000 3235501,NADWOZIE,301.00
205380831,Rozrusznik Honda TRX 400 FourTrax Rancher 31200-HN7-003 18683N,NADWOZIE,278.00
205380832,Cewka zapłonowa Polaris Sportsman 600 700 4010898,NADWOZIE,203.00
205380834,Sonda lambda Can-Am Outlander Maverick 707600872,NADWOZIE,243.00
205380836,Końcówka wewnętrzna drążka kierowniczego Yamaha Raptor 700 YFZ450 SUZUKI LTR450 LTZ400 Kawasaki KFX450 CF Moto 500 41-1046-CM,NADWOZIE,69.00
205380837,Amortyzator przedni Honda TRX 650 680 51400-HN8-A61,NADWOZIE,463.00
205380839,Amortyzator przedni Kawasaki KVF 650 750 45014-0203,NADWOZIE,463.00
205380840,Amortyzator przedni Kawasaki Bayou KLF 220 250 45014-1375 45014-1455,NADWOZIE,394.00
205380842,Amortyzator przedni Polaris Sportsman 450 500 570 800 7041762 7043106,NADWOZIE,463.00
205380843,Amortyzator tylny Kawasaki KVF 650 750 45014-0204,NADWOZIE,394.00
205380845,Amortyzator tylny Can-Am Outlander 400 706000248 706000391,NADWOZIE,463.00
205380846,Amortyzator tylny Polaris Sportsman 450 500 570 800 7043100 QUAD UTV,NADWOZIE,463.00
205380848,Amortyzator tylny Yamaha Grizzly 350 5UH-F2210-00-00 5UH-F2210-01-00 QUAD UTV,NADWOZIE,463.00
205380849,Amortyzator przedni Can-Am Outlander 500 706200594 706200661,NADWOZIE,463.00
205380850,Amortyzator przedni Yamaha Banshee 350 YFZ350 3GG-23350-20-36,NADWOZIE,424.00
205380852,Gumki zacisku hamulcowego Yamaha Grizzly i inne 10 kpl,NADWOZIE,76.00
205380856,Wtyczka listwy zasilającej Polaris Ranger RZR 1000 2mm2 10 szt,NADWOZIE,261.00
205380858,"Wtyczka listwy zasilającej bus bar Polaris Ranger RZR 1000 1,3mm2  10 szt",NADWOZIE,227.00
205380859,Wariator CF Moto cforce 450 0GRB-051000-00030,NADWOZIE,1148.00
205380861,"Wtyczka listwy zasilającej bus bar Polaris Ranger RZR 1000 1,3mm2  10 szt",NADWOZIE,197.00
205380864,Filtr oleju KTM 250 350 450 HF652X,NADWOZIE,18.00
205380866,Wariator Polaris Ranger RZR 900 1323130 QUAD UTV,NADWOZIE,1241.00
205382630,Opona CST 80/100-21 MX-BITE CM733 51M NHS,Opony,286.00
205382649,Opona WANDA 110/100-18 P2002 4PR 70M TT NHS (DOT22)   do usunięcia,Opony,312.00
205425391,Opona MITAS 130/70-12 MC 20 MONSUM 62P TL M+S (DOT23),Opony,251.00
205425407,Opona MITAS 100/90-12 MC 20 MONSUM RACING RAIN 49P TL  blue (NHS),Opony,532.00
205425418,DĘTKA KINGS TIRE 4.00/4.50-10 TR4,Opony,25.00
205425423,DĘTKA NARUBB 120/70-12 JS87,Opony,32.00
205425426,DĘTKA NARUBB 130/70-12 JS87,Opony,28.00
205425430,DĘTKA NARUBB 2.75/3.00-19 TR4,Opony,27.00
205425433,DĘTKA NARUBB 3.00-16 TR4,Opony,22.00
205425437,DĘTKA NARUBB 3.00-4 JS87,Opony,20.00
205425440,DĘTKA NARUBB 3.50-10 JS87,Opony,25.00
205425465,Opona NARUBB 100/90-10 S1301 56J TL #E4,NADWOZIE,130.00
205425469,Opona NARUBB 100/90-10 S1310 56J TL #E4,NADWOZIE,130.00
205425472,Opona NARUBB 120/70-12 S1301 51L TL #E4,NADWOZIE,151.00
205425482,Opona NARUBB 130/70-12 S1311 56J TL #E4,NADWOZIE,216.00
208057805,KOREK WLEWU PALIWA CF MOTO CFORCE 1000 CZARNY RJWC POWERSPORTS,NADWOZIE,486.00
208057810,FILTR POWIETRZA CFMOTO 800 RJWC POWERSPORTS,NADWOZIE,405.00
208057812,FILTR POWIETRZA OUTLANDER / RENEGADE G2 RJWC POWERSPORTS,NADWOZIE,405.00
208057816,TUNER EFI CF MOTO CFORCE  UFORCE ZFORCE 1000 RJWC POWERSPORTS,NADWOZIE,1782.00
208057817,TUNER EFI SEGWAY VILLAIN 1000 RJWC POWERSPORTS,NADWOZIE,1782.00
208057818,TUNER EFI SEGWAY SNARLER 600 RJWC POWERSPORTS,NADWOZIE,1782.00
208057821,DŹWIGNIA ZMIANY BIEGÓW CAN AM OUTLANDER RJWC POWERSPORTS,NADWOZIE,302.00
208057822,DŹWIGNIA ZMIANY BIEGÓW CAN AM OUTLANDER RJWC POWERSPORTS,NADWOZIE,302.00
208057826,DŹWIGNIA ZMIANY BIEGÓW CAN AM OUTLANDER RENEGADE RJWC POWERSPORTS,NADWOZIE,341.00
208057832,SPRZĘGŁO KT CF MOTO UFORCE 1000 RJWC POWERSPORTS,NADWOZIE,2484.00
208057834,PŁYTY PODŁOGOWE Can-Am Outlander DŁUGIE RJWC POWERSPORTS,NADWOZIE,3057.00
208057835,PŁYTY PODŁOGOWE Can-Am OUTLNDER KRÓTKIE RJWC POWERSPORTS,NADWOZIE,2916.00
208057836,Tłumik wydech Segway Snarler 600 4x4 AT6 L APX RJWC PowerSports QUAD ATV,NADWOZIE,3510.00
208057838,Tłumik wydech CF Moto ZForce 950 HO EFI APX RJWC PowerSports QUAD ATV,NADWOZIE,6102.00
208057839,Tłumik wydech CF Moto ZForce 800 V2 EFI APX RJWC PowerSports QUAD ATV,NADWOZIE,3559.00
208057841,Tłumik wydech CF MOTO ZFORCE 1000 APX RJWC PowerSports QUAD ATV,NADWOZIE,5379.00
208057843,Tłumik wydech CF Moto CForce 800 850 1000 APX RJWC PowerSports QUAD,NADWOZIE,3240.00
208057844,Tłumik wydech podwójny Can Am Renegade 570 1000 R APX RJWC PowerSports ATV,NADWOZIE,5379.00
208057847,Tłumik wydech podwójny Can Am Renegade Outlander GEN2 RJWC APX PowerSports,NADWOZIE,5379.00
208057848,Tłumik wydech podwójny Polaris RZR PRO XP 1000 TURBO APX RJWC QUAD ATV,NADWOZIE,6102.00
208057849,Tłumik wydech podwójny Polaris RZR XP XP4 1000 TURBO APX RJWC PowerSports ATV,NADWOZIE,6102.00
208057850,Tłumik wydech Can Am Maverick Turbo 900 X3 APX RJWC PowerSports QUAD ATV,NADWOZIE,6102.00
208057852,Tłumik wydech Polaris RZR PRO XP 1000 TURBO APX RJWC PowerSports QUAD ATV,NADWOZIE,6102.00
208057854,Tłumik wydech CF Moto CForce 800 EFI 4X4 RJWC PowerSports QUAD ATV,NADWOZIE,1879.00
208057857,Tłumik wydech podwójny Segway Villain 1000 APX RJWC PowerSports QUAD ATV,NADWOZIE,5379.00
208057858,Tłumik wydech podwójny CF MOTO CFORCE 800 850 1000 APX RJWC PowerSport,NADWOZIE,5379.00
208057868,Adapter rury środkowej SEGWAY SNARLER 600 4x4 RJWC POWERSPORTS,NADWOZIE,189.00
208057870,Kolektor wydechowy CAN AM OUTLANDER RENEGADE 1000 G2 RJWC POWERSPORTS,NADWOZIE,1998.00
208057875,Sprężyna wydechowa RJWC POWERSPORTS,NADWOZIE,38.00
208057876,Tabliczka z logo CAN AM OUTLANDER RENEGADE  RJWC POWERSPORTS,NADWOZIE,49.00
208057879,Śruby głowicy S/S A4-80 10 szt RJWC POWERSPORTS,NADWOZIE,21.00
208057880,"ŚRUBY Z ŁBEM CYNKOWYM ŻÓŁTY, 10 SZT RJWC POWERSPORTS",NADWOZIE,21.00
208057882,Zestaw LED Halo ringi do lamp NIEBIESKI RJWC POWERSPORTS,NADWOZIE,486.00
208057883,Zestaw LED Halo ringi do lamp ZIELONY RJWC POWERSPORTS,NADWOZIE,486.00
208057886,Zestaw LED Halo ringi do lamp żółty RJWC POWERSPORTS,NADWOZIE,486.00
208057890,MOCOWANIE LAMP CAN AM OUTLANDER RJWC POWERSPORTS,NADWOZIE,201.00
208057891,MOCOWANIE LAMP CAN AM RENEGADE RJWC POWERSPORTS,NADWOZIE,201.00
208057892,Zapasowy kabel połączeniowy do tylnych świateł Neutrino RJWC POWERSPORTS,NADWOZIE,33.00
208057893,Uchwyt haka wyciągarki RJWC POWERSPORTS,NADWOZIE,297.00
208057895,Prowadnica liny wyciągarki NG1 zielony RJWC POWERSPORTS,NADWOZIE,284.00
208057897,Prowadnica liny wyciągarki NG1 żółty RJWC POWERSPORTS,NADWOZIE,284.00
208057899,Prowadnica liny wyciągarki NG2 żółty RJWC POWERSPORTS,NADWOZIE,284.00
208057901,Prowadnica liny wyciągarki NG2 czarny RJWC POWERSPORTS,NADWOZIE,405.00
208257741,TŁUMIK CF MOTO UFORCE 1000 RJWC POWERSPORTS,NADWOZIE,3219.00
208257747,TŁUMIK POLARIS RZR 1000 RJWC POWERSPORTS,NADWOZIE,6102.00
208257754,Tłumik wydech Polaris Sportsman 850 XP 1000 APX RJWC PowerSports QUAD ATV,NADWOZIE,3240.00
208866273,Tylna felga Suzuki LTZ 400 LTR 450,LTZ 400,350.00
208866274,Instalacja elektryczna Suzuki LTZ 400 36610-07G10,LTZ 400,650.00
208866275,Moduł zapłonowy ECU CDI Suzuki LTZ 400 32900-07G00,LTZ 400,590.00
208866277,Felga tył NR2 Suzuki LTZ 400 32900-07G00,LTZ 400,350.00
208866280,Tylni most dyfer Can Am Renegade Outlander G1 705501047,Outlander,2690.00
208866281,Most dyfer przód Outlander Can Am Renegade 800 G1 705400723,Outlander,1790.00
208866282,Kciuk gaz Kawasaki KFX 700 39074-0001,KFX 700,150.00
208866284,Tryb szarpaka Yamaha Big Bear Grizzly 1UY-15723-00,Grizzly 600,150.00
212492813,Mocowanie stelaża sakwy Blaze SW-Motech Yamaha MT-09,NAZDWOZIE,704.00
212492824,Mocowanie stelaża sakwy Blaze SW-Motech Ducati Hypermotard Hyperstrada 821,NAZDWOZIE,704.00
212492829,Mocowanie stelaża sakwy Blaze SW-Motech,NAZDWOZIE,137.00
212492831,Uniwersalne mocowania lamp SW-Motech czarne,NAZDWOZIE,159.00
212492835,Zaślepki ramy SW-MOTECH czarne BMW R 1200 1250,NAZDWOZIE,295.00
212492837,Gmol SW-Motech Honda XL 600 V Transalp,NAZDWOZIE,1022.00
212492841,Gmol SW-Motech Honda CB 1100,NAZDWOZIE,772.00
212492843,Gmol SW-Motech Honda CB 500 F,NAZDWOZIE,817.00
212492847,Gmol SW-Motech Honda CB 650,NAZDWOZIE,953.00
212492850,Gmol SW-Motech Honda VFR 1200 Crosstourer,NAZDWOZIE,1044.00
212492852,Gmol SW-Motech Honda CB 500 X,NAZDWOZIE,863.00
212492856,Gmol SW-Motech Honda X-ADV 750 D,NAZDWOZIE,840.00
212492859,Gmol SW-Motech KTM 1290 Super Duke ABS,NAZDWOZIE,1044.00
212492867,Gmol SW-Motech KTM Duke 790 890 ABS SBL.04.641.10000/B,NAZDWOZIE,953.00
212492869,Gmol SW-Motech KTM Super Adventure 1290 Adventure 1090 SBL.04.873.10000/B,NAZDWOZIE,1044.00
212492871,Gmol Crash Bar górny KTM Super Adventure 1290 Adventure 1090,NAZDWOZIE,1203.00
212492877,Gmol SW-Motech Suzuki DL 650 V-Strom,NAZDWOZIE,999.00
212492878,Gmol SW-Motech Suzuki DL 650 V-Strom,NAZDWOZIE,1022.00
212492880,Gmol SW-Motech Yamaha XT 1200 Z Super Tenere ABS,NAZDWOZIE,1135.00
212492883,Gmol Crash Bar SW-Motech Yamaha XSR 900 MT-09,NAZDWOZIE,953.00
212492884,Gmol SW-Motech Yamaha XT 660 Z Tenere,NAZDWOZIE,1022.00
212492886,Gmol SW-Motech BMW F 650,NAZDWOZIE,908.00
212492888,Gmol SW-Motech BMW R 1100 GS,NAZDWOZIE,1180.00
212492890,Gmol SW-Motech BMW R 1150 GS,NAZDWOZIE,1180.00
212492893,Gmol SW-Motech BMW R NINE T ABS,NAZDWOZIE,1203.00
212862814,Gmol SW-Motech BMW R 1200 GS SBL.07.562.10100/B,NADWOZIE,1135.00
212862815,Gmol górny SW-Motech BMW R 1200 GS SBL.07.565.10000/S,NADWOZIE,999.00
212862816,Gmol górny SW-Motech BMW R 1200 GS,NADWOZIE,999.00
212862818,Gmol SW-Motech BMW R 1200 R,NADWOZIE,1135.00
212862819,Gmol SW-Motech BMW G 650 GS,NADWOZIE,863.00
212862821,Gmol SW-Motech stalowy BMW R 1200 GS ABS,NADWOZIE,1543.00
212862825,Gmol górny SW-Motech BMW R 1200 ABS GS,NADWOZIE,1044.00
212862826,Gmol Crash Bar górny SW-Motech BMW R 1200 SBL.07.870.10100,NADWOZIE,1339.00
212862827,Gmol Crash Bar SW-Motech BMW F 750 850 SBL.07.897.10000/B,NADWOZIE,1135.00
212862832,Gmol SW-Motech Kawasaki Z 650 ABS SBL.08.866.10000/B,NADWOZIE,999.00
212862834,Gmol SW-Motech Kawasaki Z 900 RS ABS,NADWOZIE,953.00
212862835,Gmol SW-Motech Kawasaki KLZ 1000 Versys ABS SBL.08.922.10000/B,NADWOZIE,1067.00
212862836,Gmol SW-Motech Kawasaki Z 400 ABS,NADWOZIE,863.00
212862840,Gmol SW-Motech Triumph Tiger Explorer ABS SBL.11.485.10000/B,NADWOZIE,1022.00
212862841,Gmol SW-Motech Triumph Tiger 800,NADWOZIE,1067.00
212862842,Gmol SW-Motech Triumph Tiger 1050,NADWOZIE,976.00
212862843,Gmol SW-Motech Triumph Tiger Explorer ABS,NADWOZIE,1135.00
212862844,Gmol SW-Motech Triumph Tiger 800,NADWOZIE,999.00
212862846,Gmol Crash Bar SW-Motech Triumph Bonneville Bobber 1200 Scrambler 900,NADWOZIE,727.00
212862849,Gmol SW-Motech Ducati Multistrada 1200,NADWOZIE,1044.00
212862850,Gmol Crash Bar SW-Motech Ducati Scrambler 803 400 ABS SBL.22.577.10001/B,NADWOZIE,953.00
212862852,Gmol SW-Motech Royal Enfield Himalayan 400 ABS,NADWOZIE,817.00
213875964,Crash Pad ramy SW-Motech Honda CB 1000 R,NADWOZIE,522.00
213875965,Crash Pad Sliders ramy SW-Motech Honda CB CBF 600 STP.01.590.10400/B,NADWOZIE,522.00
213875969,Crash Pad Slider ramy SW-Motech Suzuki SFV SV 650 STP.05.590.10000/B,NADWOZIE,681.00
213875972,Crash Pad Slider tył SW-MOTECH Yamaha XSR 900 MT-09 STP.06.176.10200/B,NADWOZIE,251.00
213875975,Crash Pad ramy SW-Motech Yamaha FJR 1300 ABS,NADWOZIE,613.00
213875976,Crash Pad ramy SW-Motech Yamaha XSR 900 ABS,NADWOZIE,727.00
213875978,"Crash Pad Slider ramy SW-Motech Suzuki GSX-S 750, Yamaha MT-03",NADWOZIE,636.00
213875979,Crash Pad ramy SW-Motech Yamaha XSR 700 STP.06.642.10000/B,NADWOZIE,545.00
213875983,Crash Pad ramy SW-Motech BMW F 800 ST,NADWOZIE,749.00
213875988,Crash Pad ramy SW-Motech BMW S 1000 XR,NADWOZIE,658.00
213875989,Crash Pad ramy SW-Motech BMW S 1000 R ABS STP.07.865.10000/B,NADWOZIE,681.00
213875990,Crash Pad ramy SW-Motech Kawasaki Z 800 STP.08.286.10000/B,NADWOZIE,545.00
213875992,Crash Pad Slider ramy SW-Motech Kawasaki Z 750 STP.08.590.10400/B,NADWOZIE,613.00
213875994,Crash Pad ramy SW-Motech Kawasaki Z 1000 STP.08.590.10500/B,NADWOZIE,568.00
213875995,Crash Pad ramy SW-Motech Kawasaki ER-6N 650,NADWOZIE,636.00
213875998,Crash Pad ramy SW-Motech Kawasaki KLE 650 Versys,NADWOZIE,590.00
213876000,Crash Pad ramy SW-Motech Kawasaki Z 650 STP.08.590.11300/B,NADWOZIE,636.00
213876001,Crash Pad ramy SW-Motech Kawasaki Z 900,NADWOZIE,681.00
213876003,Crash Pad ramy SW-Motech Triumph Street Triple 675,NADWOZIE,590.00
213876005,Crash Pad ramy SW-Motech Triumph Speed Triple 1050 STP.11.590.10300/B,NADWOZIE,658.00
213876006,Crash Pad Slider ramy SW-Motech Triumph Street Triple 660 675 765,NADWOZIE,658.00
214294426,"Air Box obudowa filtra powietrza Polaris Trail Boss 330 5433919 , 5433769",Trail Boss,490.00
214294427,"Bagażnik przód kufer Polaris Trail Boss Magnum Sportsman 5434789, 5434790",Trail Boss,1900.00
214294431,"Bagażnik tylny Polaris Trail Boss Magnum Sportsman 2632996-070, 2632996",Trail Boss,690.00
214294433,Koło felga przód Polaris Trail Boss Magnum Sportsman 1520175-486,Trail Boss,390.00
214294434,Felga tylna koło tył Polaris Trail Boss 1520183-486,Trail Boss,350.00
214294438,Plastik nosek gril Polaris Trail Boss 330 5435110-070,Trail Boss,190.00
214294439,Schowek na klucze Polaris Trail Boss Sportsman Magnum 5434040,Trail Boss,90.00
214294442,Plastik boczny osłona silnika lewa Polaris Trail Boss 330 5812138,Trail Boss,299.00
214294444,Plastik prawy osłona silnika Polaris Trail Boss 330 Magnum 2000-2008 5812484,Trail Boss,299.00
214294446,"Stopień podnóżek lewy Polaris Trail Boss 330 Magnum 5432221-070, 5432221",Trail Boss,359.00
214294448,Prawy stopień podnóżek Polaris Trail Boss Magnum 5434417-070,Trail Boss,389.00
214294451,"Plastiki błotniki Polaris Trail Boss 2633161-070, 5432117-070",Trail Boss,1490.00
214294453,Silnik kompletny Yamaha Raptor 660,Raptor 660,6490.00
214294456,Rama off road Suzuki LTZ 400 KFX 400 41100-07GV0-YU8,LTZ 400,2490.00
214294458,Moduł zapłonowy CDI ECU Yamaha Raptor YFM 660 5LP-85540-30-00,Raptor 660,549.00
214294461,"Rama off road Yamaha Raptor YFM 660 5LP-21101-69-00 , 5LP-21190-69-00",Raptor 660,2590.00
214294463,Uchwyt lampy prawy Yamaha Raptor 660 2004-2005 5LP-21514-00-00,Raptor 660,149.00
214294465,Uchwyt błotnika lamp lampy Yamaha Raptor 660 5LP-21513-00-00,Raptor 660,149.00
214294468,Plastik tył Yamaha Raptor 660 5LP-W2161-00-00,Raptor 660,350.00
214294469,Zabierak krzyżak zębatki tył Yamaha Raptor 660 5LP-25386-00-00,Raptor 660,249.00
215059703,Stelaż boczny  lewy SW-Motech Royal Enfield Continental GT Interceptor 650,NADWOZIE,454.00
215059706,Stelaż boczny prawy SW-Motech Royal Enfield Interceptor Continental 650,NADWOZIE,454.00
215059711,Crash Pad przód SW-Motech KTM Adventure 790,NADWOZIE,290.00
215059717,Gmol górny SW-Motech Honda CRF 1000 Africa Twin,NADWOZIE,1044.00
215059719,Gmol SW-Motech BMW R 1250 ABS,NADWOZIE,1226.00
215059729,Gmol Crash Bar górny SW-Motech KTM Super Adventure 1290 Adventure 1050,NADWOZIE,1203.00
215059734,Gmol SW-Motech BMW R 1250 ABS,NADWOZIE,1589.00
215059745,Gmol SW-Motech Yamaha MXT 850 NIKEN,NADWOZIE,1044.00
215059752,Gmol SW-Motech KTM KTM Super Duke 1290,NADWOZIE,1044.00
215059757,Gmol SW-Motech NC 700,NADWOZIE,999.00
215059761,Gmol SW-Motech Kawasaki W 800 ABS,NADWOZIE,863.00
215059763,Gmol SW-Motech BMW F 900 R ABS,NADWOZIE,1067.00
215059776,Gmol górny SW-Motech Honda CRF 1100L Africa,NADWOZIE,1090.00
215059779,Gmol górny SW-Motech Honda CRF1100 Africa Twin Adventure Sports,NADWOZIE,1090.00
215059784,Gmol górny SW-Motech BMW R 1200 GS,NADWOZIE,999.00
215059789,Gmol Crash Bar górny SW-Motech KTM Adventure 1050 1190 SBL.04.338.10101/O,NADWOZIE,999.00
215059791,Gmol Crash Bar górny SW-Motech KTM Adventure 790 890 SBL.04.521.10100/EB,NADWOZIE,999.00
215059795,Crash Pad SW-Motech Honda CB 1000 R,NADWOZIE,568.00
215059807,Crash Pad SW-Motech Yamaha MT-10 ABS,NADWOZIE,590.00
215059812,Crash Pad SW-MOTECH Yamaha XJ6,NADWOZIE,568.00
215059822,Crash Pad SW-Motech Kawasaki Z 1000 SX,NADWOZIE,749.00
215059825,Crash Pad tył SW-Motech Triumph Tiger 800,NADWOZIE,295.00
216006149,Gmol SW-MOTECH BMW S 1000 XR,NADWOZIE,1022.00
216006152,Gmol SW-MOTECH Yamaha MT-03,NADWOZIE,908.00
216006154,Crash Pad przód SW-MOTECH BMW S 1000,NADWOZIE,295.00
216006156,Crash Pad tył SW-MOTECH BMW S 1000 XR,NADWOZIE,227.00
216006157,Crash Pad SW-MOTECH BMW S 1000 XR,NADWOZIE,727.00
216006159,Crash Pad Slider tył SW-MOTECH BMW F 750 850 900 S 1000 STP.07.176.10901/B,NADWOZIE,318.00
216006162,Crash Pad Slider przód SW-MOTECH Kawasaki Ninja 650 Z650 STP.08.176.10801/B,NADWOZIE,250.00
216006165,Crash Pad Slider tył SW-MOTECH KTM Adventure Duke 790 890,NADWOZIE,295.00
216006167,Crash Pad Slider przód SW-MOTECH KTM Adventure 790 890 Super Adventure 1290,NADWOZIE,364.00
216006169,Crash Pad przód SW-MOTECH Suzuki GSX-S1000,NADWOZIE,250.00
216006172,Crash Pad Slider przód SW-MOTECH Suzuki DL 1000 1050 Yamaha MT-10,NADWOZIE,273.00
216006173,Crash Pad tył SW-MOTECH Triumph Tiger 800,NADWOZIE,318.00
216006174,Crash Pad przód SW-MOTECH Triumph Tiger 1200,NADWOZIE,295.00
216006180,Crash Pad przód SW-MOTECH Ducati,NADWOZIE,318.00
216006181,Crash Pad SW-MOTECH Kawasaki Ninja 1000 SX,NADWOZIE,522.00
216006183,Crash Pad przód SW-MOTECH Kawasaki KLZ 1000,NADWOZIE,250.00
216006185,Crash Pad przód SW-MOTECH BMW R 1200 1250,NADWOZIE,386.00
216006188,Crash Pad przód SW-MOTECH Yamaha MT-07,NADWOZIE,318.00
216006194,Crash Pad przód SW-MOTECH Yamaha MT-09  XSR 900,NADWOZIE,295.00
216006196,Gmol SW-MOTECH Triumph Scrambler 1200,NADWOZIE,727.00
216006198,Gmol SW-MOTECH BMW F 650 GS,NADWOZIE,999.00
216006200,Crash Pad przód SW-MOTECH Suzuki GSX-S750,NADWOZIE,250.00
216006206,Crash Pad tył SW-MOTECH Yamaha MT-09,NADWOZIE,295.00
216006208,Crash Pad tył SW-MOTECH Yamaha Tracer 9,NADWOZIE,273.00
216006210,Crash Pad przód SW-MOTECH Yamaha Tracer 9,NADWOZIE,273.00
216006211,Crash Pad SW-MOTECH Yamaha Tracer 9,NADWOZIE,681.00
216006216,Crash Pad SW-MOTECH Kawasaki Ninja 650,NADWOZIE,613.00
216006218,Crash Pad przód SW-MOTECH Triumph Speed Triple 1050,NADWOZIE,318.00
216006219,Crash Pad tył SW-MOTECH Triumph Daytona 675 Scrambler 1200 Street Triple 765,NADWOZIE,273.00
216006220,Gmol SW-MOTECH Ducati Multistrada V4 1200,NADWOZIE,1453.00
216006222,Gmol SW-MOTECH BMW G 310,NADWOZIE,863.00
216006224,Crash Pad przód SW-MOTECH BMW G 310,NADWOZIE,250.00
216006227,Crash Pad przód SW-MOTECH Multistrada V4,NADWOZIE,295.00
216006232,Gmol SW-MOTECH Harley Davidson Pan America,NADWOZIE,749.00
216006236,Crash Pad tył SW-MOTECH Yamaha MT-09,NADWOZIE,318.00
216006237,Gmol SW-MOTECH Yamaha MT-07,NADWOZIE,999.00
216006240,Crash Pad przód SW-MOTECH Harley Davidson Pan America,NADWOZIE,364.00
216006241,Crash Pad tył SW-MOTECH Harley Davidson PAN AMERICA 1250,NADWOZIE,364.00
216006248,Crash Pad SW-MOTECH Triumph Speed Triple 1200 RS,NADWOZIE,590.00
216006250,Crash Pad SW-MOTECH Yamaha YZF-R7,NADWOZIE,613.00
216006255,Crash Pad przód SW-MOTECH Yamaha YZF-R1,NADWOZIE,205.00
216006256,Crash Pad tył SW-MOTECH Ducati Desert,NADWOZIE,295.00
216006257,Crash Pad przód SW-MOTECH Moto Morini X-CAPE 650,NADWOZIE,273.00
216026863,Crash Pad przód SW-MOTECH Triumph Daytona 675 Street Triple 765,NADWOZIE,273.00
216262366,Crash Pad tył SW-MOTECH KTM S Adventure 1050 1090 1190 1290,NADWOZIE,364.00
216364474,Crash Pad tył SW-MOTECH Moto Morini X-Cape Triumph Trident Tiger Sport,NADWOZIE,295.00
217320989,Gmol SW-Motech Triumph Tiger Sport 660 ABS,NADWOZIE,953.00
217320990,Gmol SW-Motech Triumph Tiger 1200,NADWOZIE,772.00
217320991,Gmol SW-Motech Yamaha MT-09,NADWOZIE,1090.00
217320999,Gmol SW-Motech Yamaha XSR 700 ABS,NADWOZIE,999.00
217321003,Gmol SW-Motech Suzuki DL 1050,NADWOZIE,1022.00
217321005,Gmol SW-Motech KTM ADVENTURE 390,NADWOZIE,795.00
217321009,Gmol SW-Motech Honda CB 300 R,NADWOZIE,931.00
217321013,Gmol SW-Motech KTM Duke 125,NADWOZIE,658.00
217321015,Gmol SW-Motech KTM Super Duke 1290 R,NADWOZIE,999.00
217321019,Gmol SW-Motech Yamaha XT 660,NADWOZIE,840.00
217321025,Gmol SW-Motech Kawasaki Z900,NADWOZIE,999.00
217321028,Gmol SW-Motech Triumph Tiger 900,NADWOZIE,1067.00
217321036,Gmol SW-Motech Triumph Bonneville 1200 Speed Twin 1200 Street Twin 900,NADWOZIE,840.00
217321038,Gmol SW-Motech Yamaha MT-09  XSR 900,NADWOZIE,999.00
217321045,Gmol SW-Motech Suzuki DL 1000,NADWOZIE,999.00
217321048,Gmol SW-Motech CF Moto CL-X 700 ABS,NADWOZIE,1044.00
217324152,Osłona aluminiowa spodu ramy Yamaha Raptor 660,Raptor 660,299.00
217324154,"Air Box obudowa filtra Yamaha Warrior 350 1UY-14411-02-00 , 1UY-14412-01-00",Warrior 350,399.00
217324157,Gaźnik Yamaha Warrior 350 3GD-14101-00-00,Warrior 350,590.00
217324159,Amortyzator przód Yamaha Warrior 350 3GD-23350-00-36,Warrior 350,290.00
217324162,Wahacz górny lewy Yamaha Warrior 350 3GD-23540-00-P0,Warrior 350,199.00
217324165,Wahacz górny prawy Yamaha Warrior 350 3GD-23550-00-P0,Warrior 350,199.00
217324167,Wahacz dolny prawy Yamaha Warrior 350 3GD-23580-00-P0,Warrior 350,199.00
217324169,Wahacz dolny lewy Yamaha Warrior 350 3GD-23570-00-P0,Warrior 350,199.00
217324171,Drążek kierowniczy Yamaha Warrior 350 3GD-23831-00-00,Warrior 350,89.00
217324173,Rama off road Yamaha Warrior 350 3GD-21110-23-P0,Warrior 350,1890.00
217324175,Amortyzator przód Yamaha Warrior 350 3GD-23350-00-36 nr2,Warrior 350,199.00
217324178,Amortyzator tylny Yamaha Warrior 350 2XK-22210-21-P2,Warrior 350,499.00
217324180,Dolot powietrza Yamaha Warrior 350 1UY-14453-00-00,Warrior 350,90.00
217324182,"Mocowanie górne sztycy Yamaha Warrior 350 1UY-23812-00-00 , 3GD-23868-01-00",Warrior 350,90.00
217324184,Nosek gril Yamaha Warrior 350 3GD-23391-90-00,Warrior 350,190.00
217324186,Króciec gaźnika Yamaha Warrior 350 3Y1-11186-10-00,Warrior 350,99.00
217324189,Nóżka biegów Yamaha Warrior 350 1UY-18110-00-00,Warrior 350,179.00
217324191,Ośka oś tylna Yamaha Warrior 350 3GD-25381-00-00,Warrior 350,699.00
217324193,Piasta przednia Yamaha Warrior 350 3GD-25111-01-00,Warrior 350,249.00
217324195,Plastki przód Yamaha Warrior 350 3GD-W2151-F2-00,Warrior 350,299.00
217324198,Plastik tylny Yamaha Warrior 350 3GD-W2161-F1-00,Warrior 350,299.00
217324201,Nakładka zbiornika plastik Yamaha Warrior 350  1UY-2171A-10-00,Warrior 350,149.00
217324203,Podnóżek lewy Yamaha Warrior 350 5NF-27411-00-00,Warrior 350,79.00
217324205,Podnóżek prawy Yamaha Warrior 350 5NF-27421-00-00,Warrior 350,79.00
217324207,Pompa hamulcowa przód Yamaha Warrior 350 5LP-2583T-03-00,Warrior 350,149.00
217324209,Pompa hamulcowa tylna Yamaha Warrior 350 3GD-2583V-10-00,Warrior 350,289.00
217324212,Stelaż błotnika przód Yamaha Warrior 350 1UY-21513-00-00,Warrior 350,149.00
217324214,Śruba przegubu wahacza Yamaha Warrior 350 1UY-22141-10-00,Warrior 350,150.00
217324216,Zbiornik paliwa Yamaha Warrior 350 1UY-24110-01-00,Warrior 350,399.00
217324219,Zderzak tylny Grab Bar Yamaha Warrior 350 3GD-2845R-00-00,Warrior 350,249.00
217605197,Gmol SW-Motech KTM SMT 890 ABS,NADWOZIE,999.00
217605202,Gmol SW-Motech Ducati Scrambler 803 ABS,NADWOZIE,999.00
217657197,Poszerzenie stopki bocznej SW-Motech KTM 1290 Super Duke,NADWOZIE,250.00
217657199,Poszerzenie stopki bocznej SW-Motech KTM 1290 Super Duke R,NADWOZIE,250.00
217657205,Poszerzenie stopki bocznej SW-Motech Yamaha XTZ 690,NADWOZIE,250.00
217657210,Poszerzenie stopki bocznej SW-Motech Triumph Scrambler 1200,NADWOZIE,250.00
217657228,Poszerzenie stopki bocznej SW-Motech Yamaha MT-09,NADWOZIE,182.00
217657231,Poszerzenie stopki bocznej SW-Motech Yamaha MT-07 XSR 700 YZF-R7,NADWOZIE,250.00
217657233,Poszerzenie stopki bocznej SW-Motech Yamaha MT-09 XSR 900,NADWOZIE,250.00
217657234,Poszerzenie stopki bocznej SW-Motech BMW R1200 GS,NADWOZIE,250.00
217657242,Poszerzenie stopki bocznej SW-Motech BMW S 1000 XR,NADWOZIE,250.00
217657244,Poszerzenie stopki bocznej SW-Motech BMW G 310 GS,NADWOZIE,250.00
217657247,Poszerzenie stopki bocznej SW-Motech BMW F 750 GS,NADWOZIE,250.00
217657248,Poszerzenie stopki bocznej SW-Motech Kawasaki ER-6N 650,NADWOZIE,250.00
217657250,Poszerzenie stopki bocznej SW-Motech Kawasaki EX 400 KLE 650 Z 400,NADWOZIE,250.00
217657258,Poszerzenie stopki bocznej SW-Motech Triumph Tiger 800,NADWOZIE,250.00
217657262,Poszerzenie stopki bocznej SW-Motech Triumph Tiger 1050,NADWOZIE,250.00
217657268,Poszerzenie stopki bocznej SW-Motech Kawasaki Z 900,NADWOZIE,250.00
217657277,Poszerzenie stopki bocznej SW-Motech KTM Duke 890 R,NADWOZIE,250.00
217657279,Poszerzenie stopki bocznej SW-Motech Yamaha XT 1200 Z,NADWOZIE,250.00
217685499,Poszerzenie stopki bocznej SW-Motech Honda CB CBF CBR VFR,NADWOZIE,250.00
217692562,Poszerzenie stopki bocznej SW-Motech Husqvarna KTM Adventure Duke,NADWOZIE,250.00
217696213,Poszerzenie stopki bocznej SW-Motech KTM Super Adventure 1050 1190 1290,NADWOZIE,250.00
217703942,Poszerzenie stopki bocznej SW-Motech KTM Adventure SMC Husqvarna701,NADWOZIE,250.00
217726379,Poszerzenie stopki bocznej SW-Motech BMW F650   F800 GS,NADWOZIE,250.00
217727585,Poszerzenie stopki bocznej SW-Motech BMW R 1200 1250 GS,NADWOZIE,250.00
217742409,Poszerzenie stopki bocznej SW-Motech Ducati Scrambler 400 803,NADWOZIE,250.00
217744786,Poszerzenie stopki bocznej SW-Motech Ducati,NADWOZIE,250.00
218245968,Poszerzenie stopki bocznej SW-Motech Honda CRF   10001100,NADWOZIE,250.00
218263153,Crash Pad tył SW-Motech BMW R 1200 1250 NINE T,NADWOZIE,250.00
218263158,Crash Pad tył SW-Motech Zero SR/F ZF14.4,NADWOZIE,295.00
218263163,Zaślepki ramy SW-MOTECH BMW S 1000 XR,NADWOZIE,273.00
218263166,Crash Pad SW-Motech Yamaha MT-10,NADWOZIE,613.00
218263173,Wymienne crash pady osi SW-MOTECH,NADWOZIE,182.00
218263180,Gmol górny SW-Motech Triumph Tiger 1200,NADWOZIE,1090.00
218263183,Gmol górny SW-Motech Suzuki DL 1050 V-Strom,NADWOZIE,953.00
218263184,Gmol górny SW-Motech KTM Adventure 390,NADWOZIE,840.00
218343127,Osłona silnika SW-Motech KTM SMC 690 R ABS,NADWOZIE,863.00
218343129,Osłona silnika SW-Motech Honda XL 600 V Transalp,NADWOZIE,1090.00
218343132,Osłona silnika SW-Motech Honda CB 500 X,NADWOZIE,999.00
218343134,Osłona silnika SW-Motech Honda XL 700 V Transalp,NADWOZIE,1044.00
218343136,Osłona silnika SW-Motech Honda CRF 1000 L Africa Twin,NADWOZIE,1362.00
218343138,Osłona silnika SW-Motech KTM Adventure 1050,NADWOZIE,1226.00
218343141,Osłona silnika SW-Motech Suzuki DL 650 V-Strom,NADWOZIE,1044.00
218343143,Osłona silnika SW-Motech Suzuki DL 1000 V-Strom,NADWOZIE,1248.00
218343144,Osłona silnika SW-Motech Suzuki DL 650 V-Strom,NADWOZIE,1180.00
218343146,Osłona silnika SW-Motech Yamaha XT 1200 Z Super Tenere,NADWOZIE,1135.00
218343148,Osłona silnika SW-Motech Yamaha MT-09,NADWOZIE,681.00
218343150,Osłona silnika SW-Motech BMW R nine T,NADWOZIE,953.00
218343153,Osłona silnika SW-Motech BMW F 650 GS,NADWOZIE,1044.00
218343157,Osłona silnika SW-Motech BMW R 1200 GS,NADWOZIE,1135.00
218343159,Osłona silnika SW-Motech BMW R 1200 GS,NADWOZIE,1135.00
218343162,Osłona silnika SW-Motech BMW G 310 GS,NADWOZIE,795.00
218343163,Osłona silnika SW-Motech BMW F 850 GS Adventure,NADWOZIE,1067.00
218343167,Osłona silnika SW-Motech  Kawasaki KLZ 1000 Versys,NADWOZIE,1112.00
218343176,Osłona silnika SW-Motech Kawasaki KLZ 1000 Versys,NADWOZIE,1226.00
218343179,Osłona silnika SW-Motech Triumph Tiger Explorer,NADWOZIE,1135.00
218343181,Osłona silnika SW-Motech Triumph Tiger 800,NADWOZIE,999.00
218343182,Osłona silnika SW-Motech Yamaha XTZ 690 Tenere 700,NADWOZIE,1090.00
218343184,Osłona silnika SW-Motech Honda CB 500 X,NADWOZIE,1180.00
218343187,Osłona silnika SW-Motech Honda VFR 1200 X Crosstourer,NADWOZIE,1135.00
218343191,Osłona silnika SW-Motech  Honda CRF 1100 L Africa Twin,NADWOZIE,1407.00
218343197,Osłona silnika SW-Motech Yamaha XT 660 R,NADWOZIE,953.00
218343199,Osłona silnika SW-Motech KTM Adventure 390,NADWOZIE,885.00
218343204,Osłona silnika SW-Motech KTM 950,NADWOZIE,863.00
218343214,Osłona silnika SW-Motech Suzuki DL 1000 V-Strom,NADWOZIE,953.00
218343218,Osłona silnika SW-Motech Yamaha XT 660 Z Tenere,NADWOZIE,727.00
218343221,Osłona silnika SW-Motech BMW F 650 GS,NADWOZIE,885.00
218343225,Osłona silnika SW-Motech Ducati Multistrada 1200,NADWOZIE,545.00
218343229,Osłona silnika SW-Motech BMW R nine T,NADWOZIE,953.00
218343233,Osłona silnika SW-Motech Ducati Multistrada V4 1200,NADWOZIE,1135.00
218343240,Osłona silnika SW-Motech Yamaha XTZ 690 Tenere 700,NADWOZIE,1453.00
218343243,Osłona silnika SW-Motech Harley-Davidson Pan America,NADWOZIE,1498.00
218343247,Osłona silnika SW-Motech Honda NC 700,NADWOZIE,1248.00
218343250,Przedłużenie osłony silnika na stopkę centralną SW-Motech Honda CRF 1000 L,NADWOZIE,273.00
218343255,Osłona silnika SW-Motech BMW F 850 GS Adventure,NADWOZIE,1180.00
218343257,Osłona silnika SW-Motech Ducati Multistrada V4 1200,NADWOZIE,1135.00
218343263,Osłona silnika SW-Motech Triumph Bonneville 1200,NADWOZIE,658.00
218343266,Osłona silnika SW-Motech Benelli TRK 502 X,NADWOZIE,1044.00
218343273,Osłona silnika SW-Motech Zero SR/F ZF14.4,NADWOZIE,1180.00
218343275,Osłona silnika SW-Motech KTM 1290 Super Adventure 1290,NADWOZIE,1498.00
218343277,Osłona silnika SW-Motech KTM 1290 Super Adventure 1290,NADWOZIE,1498.00
218343281,Osłona silnika SW-Motech KTM Adventure 390,NADWOZIE,885.00
218343284,Osłona silnika SW-Motech Ducati Desert X 950 ABS,NADWOZIE,1543.00
218343291,Osłona silnika SW-Motech Moto Guzzi V100 1050 Mandello,NADWOZIE,590.00
218343296,Osłona silnika SW-Motech Honda XL 750 ABS Transalp,NADWOZIE,1294.00
218343305,Osłona silnika SW-Motech Voge Adventure 650 DSX ABS,NADWOZIE,590.00
218343310,Osłona silnika SW-Motech Yamaha XTZ 700,NADWOZIE,1453.00
218837038,Osłona silnika SW-Motech Yamaha XTZ 690 700,NADWOZIE,1453.00
221237940,Kiwak amortyzatora tył Yamaha Raptor 660 5LP-2217F-00,Raptor 660,250.00
221237946,"Air Box obudowa filtra Yamaha Raptor 660 5LP-14412-00 , 5LP-14437-00",Raptor 660,490.00
221237950,Amortyzator tył Yamaha Raptor 660 5LP-22210-71,Raptor 660,690.00
221237955,Amortyzatory przód Yamaha Raptor 660 5LP-23350-41-00,Raptor 660,550.00
221237960,Chłodnica Yamaha Raptor 660 5LP-12461-10,Raptor 660,389.00
221237966,Czujunik temperatury Yamaha Raptor 660 5GH-82560-00,Raptor 660,49.00
221237971,Drążek kierowniczy Yamaha Raptor 660 5LP-23831-00,Raptor 660,90.00
221237976,Mechanizm ręcznego komplet Yamaha Raptor 660 5LP-82910-10-00,Raptor 660,299.00
221237982,Kierownica tuningowa Yamaha Raptor 660 5LP-26111-20,Raptor 660,119.00
221237986,Linka wstecznego Yamaha Raptor 660 5LP-26150-10,Raptor 660,149.00
221237992,Górne mocowanie silnika Yamaha Raptor 660 5LP-21315-10-00,Raptor 660,149.00
221237996,Plastik zbiornika paliwa łącznik Yamaha Raptor 660 5LP-2171A-00,Raptor 660,90.00
221238001,Osłona wahacza tylnego Yamaha Raptor 660 5LP-2219X-00-00,Raptor 660,149.00
221238006,Osłony wahaczy przednich Yamaha Raptor 660,Raptor 660,290.00
221238010,Osłona kratka chłodnicy Yamaha Raptor 660 5LP-12467-10-00,Raptor 660,99.00
221238017,Podłogi nerf bar Yamaha Raptor 660,Raptor 660,399.00
221238023,"Podnóżek prawy komplet Yamaha Raptor 660 5LP-21691-00-00 , 5LP-27421-00-00 , 5LP-27446-00-00",Raptor 660,199.00
221238028,"Podnóżek lewy Yamaha Raptor 660 5LP-27411-00-00 , 5LP-21621-00-00 , 5LP-27445-00-00",Raptor 660,199.00
221238032,Pompa hamulcowa przednia Yamaha Raptor 660 5LP-2583T-01-00,Raptor 660,249.00
221238037,Pompa hamulcowa tylna Yamaha Raptor 660 4PT-2580E-00-00,Raptor 660,249.00
221238042,Przekaźnik rozrusznika Yamaha Raptor 660 4XE-81940-12-00,Raptor 660,49.00
221238048,"Śruba przegubu wahacza Yamaha Raptor 660 5LP-22141-00 , 90185-16127",Raptor 660,149.00
221238052,"Termostat Yamaha Raptor 660 5LP-12413-00-00 , 5LP-12411-00-00 , 5LP-12417-00-00 , 5LP-82560-00-00",Raptor 660,199.00
221238059,Wahacz dolny lewy Yamaha Raptor 660 5LP-23570-30-00,Raptor 660,249.00
221238064,Wahacz dolny prawy Yamaha Raptor 660 5LP-23580-30-00,Raptor 660,249.00
221238068,Wahacz górny lewy Yamaha Raptor 660 5LP-23540-40-00,Raptor 660,299.00
221238073,Wahacz górny prawy Yamaha Raptor 660 5LP-23550-40-00,Raptor 660,299.00
221238078,"Wahacz tylny kompletny Yamaha Raptor 660 5LP-22110-10-00 , 5LP-25311-10-00 , 5LP-25721-10-00 , 90560-35263-00",Raptor 660,990.00
221238083,Wąż chłodnicy Yamaha Raptor 660 5LP-12578-00-00,Raptor 660,90.00
221238089,Wentylator chłodnicy Yamaha Raptor 660 5LP-12405-00-00,Raptor 660,449.00
221238093,"Instalacja wiązka Yamaha Raptor 660 5LP-82590-10-00 , 5GT-81960-00-00 , 5LP-82510-00-00",Raptor 660,690.00
221238099,"Zabierak tarczy hamulcowej Yamaha Raptor 660 5LP-25712-10-00 , 5FK-2582W-00-00",Raptor 660,249.00
221238104,Zacisk hamulcowy lewy Yamaha Raptor 660 5LP-2580T-00-00,Raptor 660,149.00
221238109,Zbiorniczek wyrównawczy Yamaha Raptor 660 3LD-21871-00,Raptor 660,149.00
221238114,"Zbiornik paliwa Yamaha Raptor 660 5LP-24110-00-00, 5KM-24610-00-00, 5LP-24500-00-00",Raptor 660,490.00
221238118,Ślizg łańcucha Yamaha Raptor 660 5LP-22151-10-00,Raptor 660,49.00
221238121,Wahacz górny lewy Yamaha Raptor 700 5TG-23540-62-00,Raptor 700,290.00
221238125,Wahacz górny prawy Yamaha Raptor 700 5TG-23550-62-00,Raptor 700,199.00
221238130,Wahacz górny prawy Yamaha Raptor 700 5TG-23550-62-00.,Raptor 700,289.00
221238134,Lift wahacz górny lewy Yamaha Raptor 700  2LS-F3540-00-00,Raptor 700,349.00
221238137,Mocowanie cięgna biegów Polaris Ranger 570 5255039,Ranger,150.00
221238142,Elektrozawór Polaris Ranger Rzr 570 3234298,Ranger,790.00
221238146,Czujnik biegów Polaris Ranger 570 RZR 7661999,Ranger,349.00
221238149,Gaźnik Polaris Trail Boss ATP Magnum 330 3131590,Trail Boss,690.00
221238154,"Obudowa licznika Polaris Trail Boss 543525, 5435256-070",Trail Boss,299.00
221238158,"Pokrywa wariatora paska Polaris Trail Boss Magnum Sportsman 5434255-070, 2633926, 5434255",Trail Boss,399.00
221238161,Wahacz przedni lewy Polaris Trail Boss Sportsman 2202278,Trail Boss,349.00
221238166,Wahacz przedni prawy Polaris Trail Boss 330 2202279,Trail Boss,299.00
221238170,Wewnętrzna osłona wariatora Polaris Trail Boss 330  2202438,Trail Boss,199.00
221238174,Skrzynia biegów Polaris Trail Boss 330 1332730,Trail Boss,1999.00
221238176,Skrzynia biegów Polaris Sportsman 400 500 HO 1341450,SPORTSMAN,2890.00
221238179,Most dyfer przód Polaris Sportsman 500 800 EFI 1332568,SPORTSMAN,2950.00
221434493,Opona OBOR 30X10R14 LYNX WL15 8PR 63M TL #E4,NADWOZIE,864.00
221442739,Komplet opon OBOR 30X10R14 LYNX WL15 8PR 63M TL,NADWOZIE,2999.00
221619647,Sportowy filtr powietrza CF MOTO 850 1000,Filtry powietrza,249.00
222793489,Siedzenie kanapa Yamaha Raptor 660 5LP-24710-00-00,Raptor 660,490.00
222793491,"Obudowa paska Polaris Sportsman 500 HO EFI 800 2633262 , 2633158",SPORTSMAN,690.00
222793493,Błotnik plastik tylny Polaris Sportsman 500 HO EFI 5437610-464,SPORTSMAN,590.00
222793495,Stopień lewy Polaris Sportsman 500 EFI HO 800 5436964-070,SPORTSMAN,390.00
222793499,Stopień prawy Polaris Sportsman 500 EFI HO 800 5436965-070,SPORTSMAN,390.00
222793503,Rura chłodzenia paska Polaris Trail Boss 330 5434401,Trail Boss,149.00
222793508,Chłodnica oleju Polaris Trail Boss 330 1240204,Trail Boss,590.00
222793510,"Warrior cylinder komplet Yamaha Raptor 350 1UY-11310-03-00 , 1UY-11631-01-Y0",Raptor 350,950.00
222793513,Kartery Yamaha Warrior 350 Raptor 4KB-15150-04-00,Warrior 350,1290.00
222793518,"Skrzynia biegów Yamaha Warrior Raptor 350 1UY-17421-01-00 , 1UY-17411-01-00",Warrior 350,1249.00
222796559,Dolot rura plastikowa Polaris Trail Boss 330 5436007,Brak danych,149.00
222925615,Drążek kierowniczy Polaris Trail Boss 330 1822851,Trail Boss,119.00
222925616,"Dźwignia hamulca nożnego Polaris Trail Boss 330 1910764-067 , 1910904-067",Trail Boss,149.00
222925617,"Magneto Yamaha Warrior 350 5NF-81450-00-00, 5NF-81450-00-00",Warrior 350,490.00
222925618,Miarka oleju Yamaha Warrior 350 1UY-15362-01-00,Warrior 350,49.00
222932177,"Kosz sprzęgłowy komplet Yamaha Warrior 350 2NL-16150-00-00, 1UY-16371-02-00",Brak danych,690.00
222932307,Dźwignia wstecznego Yamaha Warrior 350 2XK-26151-10-00,Brak danych,299.00
223179970,Tarcza hamulcowa Polaris Sportsman 500 5244314,SPORTSMAN,99.00
223179971,Napinacz rozrządu Yamaha Warrior 350,Warrior 350,189.00
223179972,Pokrywa silnika Yamaha Warrior 350,Warrior 350,189.00
223179973,Pokrywa sprzęgła Yamaha Warrior 350,Warrior 350,229.00
223179974,Rozrusznik Yamaha Warrior 350 1UY-81890-00-00,Warrior 350,249.00
223179975,"Ślizg rozrządu Yamaha Warrior 350 3Y1-12231-01-00 , 1UY-12241-00-00",Warrior 350,199.00
223179976,"Tryb rozrusznika Yamaha Warrior 350 1UY-15512-00-00,1UY-15521-02-00",Warrior 350,149.00
223179977,Wał Yamaha Warrior 350 1UY-11400-00-00,Warrior 350,890.00
223179978,Wałek równowagi Yamaha Warrior 350 1UY-11454-00-00,Warrior 350,249.00
223179979,Tuleja wału Yamaha Warrior 350 1UY-16181-00-00,Warrior 350,99.00
223179980,"Zębatka wału Yamaha Warrior 350 3Y1-11531-02-00, 30X-11496-00-00",Warrior 350,249.00
223179981,"Wybierak biegów Yamaha Warrior 350 1UY-18101-02-00 , 1UY-18101-01-00",Warrior 350,199.00
223180945,Piasta przód Polaris Sportsman 570 5134310,SPORTSMAN,349.00
223180946,Piasta przód Polaris Sportsman 500 HO 550 5134310,SPORTSMAN,349.00
223582711,Wentylator Polaris Trail Boss 330 2410534,Trail Boss,349.00
223582713,Pompka paliwa Polaris Trail Boss 330 2520227,Trail Boss,149.00
223582715,Lampa przód lewa Polaris Trail Boss 330 2410540,Trail Boss,249.00
223582718,Lampa przód prawa Polaris Trail Boss 330 4011172,Trail Boss,249.00
223582720,Obudowa wentylatora Polaris Trail Boss 330 5433353,Trail Boss,149.00
223582723,"Piasta przód Polaris Trail Boss 330 5133294, 5247961",Trail Boss,349.00
223582726,Piasta tylna Polaris Trail Boss 330 5131777,Trail Boss,299.00
223582730,Przełącznik świateł Polaris Trail Boss 330,Trail Boss,399.00
223582734,Szarpak Polaris Trail Boss 330 3090085,Trail Boss,299.00
223582738,Ślizg łańcucha Polaris Trail Boss 330 5432854,Trail Boss,49.00
223582742,"Zabierak tarczy ham Polaris Trail Boss 5631457, 5245716",Trail Boss,249.00
223582745,Tylny zacisk Polaris Trail Boss 330 1910806,Trail Boss,129.00
223582748,"Zawór podciśnienia Polaris Trail Boss 330 2520457, 1261439",Trail Boss,399.00
223582752,"Amortyzator przód P Polaris Sportsman 500 1822826 , 7041762 , 7043247-067",SPORTSMAN,990.00
223582755,Półoś tylna Polaris Sportsman 500 EFI 1332346,SPORTSMAN,299.00
223582760,Przepustnica Polaris Sportsman 500 EFI 3131689,SPORTSMAN,690.00
223582763,Wał napędowy Polaris Sportsman 500 1332617,SPORTSMAN,649.00
223582766,Wyciągarka do quada Yamaha Warn A2000,Grizzly 600,699.00
223582770,Wyciągaraka Polaris Sportsman RZR,SPORTSMAN,699.00
223585933,"Korek kapsel piasty koła Polaris Trail Boss 330 5413427 , 5411164",Trail Boss,49.00
223593520,"Hak Polaris Trail Boss 330 2873036 , 2200472",Trail Boss,299.00
223593522,"Drążek zmainy biegów Polaris Sportsman 500 1015387-067, 3233198",SPORTSMAN,199.00
223593524,Zwrotnica tylna P Polaris Sportsman 500 5134985,SPORTSMAN,249.00
223619334,"Amortyzator przód L Polaris Sportsman 500 1822825 , 7043247-067 , 7041762",SPORTSMAN,990.00
223915256,Olej silnikowy do motycykla Mannol 4T 10W40 full synt 1l,Oleje do skuterów,35.00
223915265,Olej silnikowy skuter 4T Mannol 10W40 1l z beczki,Oleje do skuterów,35.00
223948537,Przedłużenie osłony silnika na stopkę centralną SW-Motech Honda CRF 1000 L,NADWOZIE,273.00
223948539,Osłony pokrywy silnika SW-MOTECH Yamaha MT-09 MT-10,NADWOZIE,681.00
223948542,Osłony pokrywy silnika SW-MOTECH Yamaha MT-09 XSR 900 ABS,NADWOZIE,636.00
223948545,Osłony pokrywy silnika SW-MOTECH BMW S 1000,NADWOZIE,568.00
223948550,Osłony pokrywy silnika SW-MOTECH BMW S 10000,NADWOZIE,613.00
223948551,Osłony pokrywy silnika SW-MOTECH KTM Duke 790 890,NADWOZIE,636.00
223948554,Osłony pokrywy silnika SW-MOTECH Suzuki GSX-S 1000,NADWOZIE,636.00
223948562,Osłona cylindrów SW-MOTECH BMW R 1200 NINE T,NADWOZIE,908.00
223948566,Osłona cylindrów SW-MOTECH BMW R NINE T,NADWOZIE,1044.00
223948569,Osłona cylindrów SW-MOTECH BMW R 1250 GS ABS,NADWOZIE,953.00
223948574,Osłona cylindrów SW-MOTECH BMW R 1200,NADWOZIE,908.00
223948587,Osłona silnika SW-MOTECH BMW F 900,NADWOZIE,817.00
223948598,Osłona silnika SW-MOTECH KTM Super Duke 1290 GT ABS,NADWOZIE,953.00
223948601,Osłona silnika SW-MOTECH Yamaha MT-09,NADWOZIE,908.00
223948602,Osłona silnika SW-MOTECH Honda CB 1000 R,NADWOZIE,749.00
223948608,Osłona pięty SW-MOTECH Triumph Tiger 900  prawa strona,NADWOZIE,205.00
223948609,Osłona pięty SW-MOTECH Triumph Tiger 900 lewa strona,NADWOZIE,205.00
223948616,Osłona pięty SW-MOTECH Triumph Tiger 900 ABS lewa strona,NADWOZIE,205.00
223948619,Osłona pięty SW-MOTECH Ducati Desert X 950 ABS,NADWOZIE,295.00
223948624,Osłona pompy hamulcowej SW-MOTECH Suzuki DL 1000 V-Strom ABS,NADWOZIE,137.00
223948627,Osłona pompy hamulcowej SW-MOTECH BMW R 1200 GS ABS,NADWOZIE,295.00
223948629,Osłona pompy hamulcowej SW-MOTECH Yamaha XTZ 690 Tenere,NADWOZIE,182.00
223948632,Osłona pompy hamulcowej SW-MOTECH KTM Super Adventure 1290 R ABS,NADWOZIE,205.00
223948643,Przedłużenie przedniej osłony silnika SW-Motech BMW R 1200,NADWOZIE,364.00
223948648,Przedłużenie osłony silnika na stopkę SW-Motech BMW R 1200 GS,NADWOZIE,341.00
223948651,Osłona silnika SW-Motech Triumph Trident 660,NADWOZIE,727.00
223948654,Stopka centralna uchwyt wspomagający SW-MOTECH Honda XL 1000 V Varadero,NADWOZIE,182.00
223986884,Silnik Polaris Sportsman 500 EFI 3089950,SPORTSMAN,6900.00
223986886,Silnik Polaris Trail Boss 330,Trail Boss,4900.00
224019046,Osłona cylindrów SW-MOTECH BMW R 1250,NADWOZIE,953.00
224041856,Osłona cylindrów SW-MOTECH BMW R 1200,NADWOZIE,908.00
224046629,Osłona pompy wody SW-MOTECH Yamaha XTZ 690 XSR 700,NADWOZIE,545.00
225287177,Stopka centralna SW-MOTECH Honda VFR 1200,NADWOZIE,1090.00
225287182,Stopka centralna SW-MOTECH KTM Adventure 790,NADWOZIE,817.00
225287184,Stopka centralna SW-MOTECH KTM Adventure 790 R,NADWOZIE,999.00
225287189,Stopka centralna SW-MOTECH Suzuki DL 1000 1050 V-Strom,NADWOZIE,1090.00
225287190,Stopka centralna SW-MOTECH Suzuki DL 650 V-Strom,NADWOZIE,1112.00
225287196,Stopka centralna SW-MOTECH Yamaha MT-07,NADWOZIE,1022.00
225287202,Stopka centralna SW-MOTECH BMW F 650 700 GS,NADWOZIE,885.00
225287204,Stopka centralna SW-MOTECH BMW F 650 CS Scarver,NADWOZIE,1067.00
225287206,Stopka centralna SW-MOTECH BMW F 650 GS,NADWOZIE,1022.00
225287207,Stopka centralna SW-MOTECH BMW F 650 GS,NADWOZIE,863.00
225287211,Stopka centralna SW-MOTECH BMW F 800 GS,NADWOZIE,953.00
225287220,Stopka centralna SW-MOTECH Triumph Tiger 1050,NADWOZIE,1022.00
225287226,Stopka centralna SW-MOTECH Ducati Multistrada 1200 1260,NADWOZIE,999.00
225287228,Stopka centralna SW-MOTECH Honda CB CBR 500,NADWOZIE,817.00
225287234,Stopka centralna SW-MOTECH BMW F 750 GS,NADWOZIE,953.00
225287237,Stopka centralna SW-MOTECH Honda CRF 1000 L Africa Twin Adventure Sports,NADWOZIE,817.00
225287242,Stopka centralna SW-MOTECH BMW F 750 GS,NADWOZIE,999.00
225287245,Stopka centralna SW-MOTECH Triumph Tiger 955i,NADWOZIE,999.00
225287249,Stopka centralna SW-MOTECH Honda NX 650 Dominator,NADWOZIE,1044.00
225287253,Stopka centralna SW-MOTECH BMW R 1200 GS LC,NADWOZIE,999.00
225287256,Stopka centralna SW-MOTECH Honda CB 1300,NADWOZIE,999.00
225287264,Stopka centralna SW-MOTECH BMW F 800 R,NADWOZIE,885.00
225287265,Stopka centralna SW-MOTECH BMW G 310 GS,NADWOZIE,840.00
225287271,Stopka centralna SW-MOTECH Kawasaki Z 900 RS,NADWOZIE,1022.00
225287273,Stopka centralna SW-MOTECH KTM Adventure 790 890,NADWOZIE,885.00
225287275,Stopka centralna SW-MOTECH KTM Adventure 790 890  R,NADWOZIE,772.00
225287276,Stopka centralna SW-MOTECH Triumph Tiger 900,NADWOZIE,1044.00
225287278,Stopka centralna SW-MOTECH BMW R nine T,NADWOZIE,1135.00
225287283,Stopka centralna SW-MOTECH Suzuki DL 650 V-Strom,NADWOZIE,1044.00
225287285,Stopka centralna SW-MOTECH Yamaha XT 660 Z Tenere,NADWOZIE,908.00
225287287,Stopka centralna SW-MOTECH Honda CRF 1000,NADWOZIE,1044.00
225287292,Stopka centralna SW-MOTECH BMW G 310 GS,NADWOZIE,953.00
225287295,Stopka centralna SW-MOTECH Honda XL 125 V Varadero,NADWOZIE,863.00
225287297,Stopka centralna SW-MOTECH Honda XL 1000 V Varadero,NADWOZIE,1135.00
225287300,Stopka centralna SW-MOTECH Honda CRF 1100 L Africa Twin,NADWOZIE,1044.00
225287301,Stopka centralna SW-MOTECH Harley Davidson Pan America 1250,NADWOZIE,1135.00
225287310,Stopka centralna SW-MOTECH Ducati Desert X 950 ABS,NADWOZIE,1112.00
225287312,Stopka centralna SW-MOTECH Kawasaki KLV 1000 Suzuki DL 1000 V-Strom,NADWOZIE,1090.00
225287317,Stopka centralna SW-MOTECH Yamaha XTZ 690 700 Tenere,NADWOZIE,1022.00
225287320,Stopka centralna SW-MOTECH Ducati Multistrada 950 ABS,NADWOZIE,953.00
225620916,Stopka centralna SW-MOTECH Triumph Tiger 800,NADWOZIE,1044.00
225624729,Stopka centralna SW-MOTECH Triumph Tiger 800 XCX,NADWOZIE,1044.00
225626450,Stopka centralna SW-MOTECH Honda NC 700 750 XD,NADWOZIE,817.00
225630864,Stopka centralna SW-MOTECH BMW R 1250,NADWOZIE,885.00
225633247,Stopka centralna SW-MOTECH BMW K 1300,NADWOZIE,863.00
225696040,Stopka centralna SW-MOTECH BMW R Nine,NADWOZIE,1135.00
225743693,Stopka centralna SW-MOTECH Yamaha XTZ 690,NADWOZIE,1022.00
225745749,Stopka centralna SW-MOTECH Honda NC 700 750,NADWOZIE,999.00
225748048,Stopka centralna SW-MOTECH BMW F 900,NADWOZIE,999.00
225771571,Zacisk hamulcowy prawy Yamaha Raptor 660 5LP-2580U-00-00,Brak danych,149.00
225979832,Poszerzenie stopki bocznej SW-Motech Yamaha MT-09,NADWOZIE,250.00
225979833,Poszerzenie stopki bocznej SW-Motech KTM 1290 Super Adventure,NADWOZIE,250.00
225979834,Poszerzenie stopki bocznej SW-Motech Harley Davidson Pan America 1250,NADWOZIE,250.00
225979835,Poszerzenie stopki bocznej SW-Motech Triumph Trident 660,NADWOZIE,250.00
225979836,Poszerzenie stopki bocznej SW-Motech Triumph Tiger 900 Rally,NADWOZIE,250.00
225979838,Poszerzenie stopki bocznej SW-Motech Triumph Tiger Sport 660,NADWOZIE,250.00
225979839,Poszerzenie stopki bocznej SW-Motech Honda XL 750 ABS Transalp,NADWOZIE,250.00
225992433,Podwyższenie kierownicy SW-Motech KTM Honda Triumph Yamaha,NADWOZIE,227.00
226003994,Podwyższenie kierownicy SW-Motech KTM Benelli,NADWOZIE,227.00
226022435,Podwyższenie kierownicy SW-Motech KTM Triumph Tiger 1050 ABS Sport,NADWOZIE,545.00
226043464,Podwyższenie kierownicy SW-Motech Aprilia BMW Honda Kawasaki Yamaha,NADWOZIE,227.00
226057093,Łącznik stabilizatora tył Polaris Sportsman 500 EFI 1542315,SPORTSMAN,90.00
226057097,Amortyzator przód Polaris Sportsman 500 EFI 7041762 7043247-067,SPORTSMAN,449.00
226057101,Amortyzator przedni Polaris Sportsman 500 EFI 7041762 7043247-067,SPORTSMAN,449.00
226057104,"Amortyzator tył Polaris Sportsman 500 EFI HO 7043374 , 7043375-067",SPORTSMAN,349.00
226057109,Cewka zapłonowa Polaris Sportsman 500 EFI 4015072,SPORTSMAN,149.00
226057113,Drążek kierowniczy Polaris Sportsman 500 EFI HO 1822851,SPORTSMAN,159.00
226057116,Łącznik blacha Polaris Sportsman 500,SPORTSMAN,99.00
226057122,Osłona wydechu Polaris Sportsman 500 EFI 5252161,SPORTSMAN,390.00
226061082,Łącznik stabilizatora Polaris Sportsman 500 EFI HO 1542315,Brak danych,90.00
226068366,Podwyższenie kierownicy SW-Motech Aprilia Benelli BMW Honda KTM Triumph,NADWOZIE,772.00
226094200,Osłony wahaczy przód Polaris Sportsman 500,SPORTSMAN,399.00
226094204,Osłony wahaczy tylnych Polaris Sportsman 500,SPORTSMAN,399.00
226094208,Piasta przód Polaris Sportsman 500 5134310,SPORTSMAN,399.00
226094211,Tarcza hamulcowa przód Polaris Sportsman 500 EFI HO 5244314,SPORTSMAN,99.00
226657053,Rozszerzenie bagażnika Quick-Lock SW-MOTECH,NADWOZIE,273.00
226657062,Stelaż do kufra SW-MOTECH BMW K 1200 1300 S,NADWOZIE,863.00
226728543,Stelaż do kufra SW-MOTECH Honda CB 1300,NADWOZIE,681.00
226737859,Stelaż do kufra SW-MOTECH Suzuki  SV 650 1000,NADWOZIE,727.00
226754730,Uchwyt GPS SW-MOTECH Quick-Lock KTM Adventure 390 ABS,NADWOZIE,295.00
226754732,Uchwyt GPS SW-MOTECH Quick-Lock KTM Adventure 1050 1090  1190 ABS,NADWOZIE,295.00
226754735,Uchwyt GPS SW-MOTECH Quick-Lock BMW R 1200 1250,NADWOZIE,295.00
226754737,Uchwyt GPS SW-MOTECH Quick-Lock Kawasaki KLE 650 Versys,NADWOZIE,295.00
226754739,Uchwyt GPS SW-MOTECH Quick-Lock Kawasaki Z 900 RS ABS,NADWOZIE,273.00
226754742,Uchwyt GPS SW-MOTECH Quick-Lock Kawasaki KLZ 1000 Versys  ABS,NADWOZIE,295.00
226754744,Uchwyt GPS SW-MOTECH Quick-Lock Triumph Tiger 800,NADWOZIE,295.00
226754760,Uchwyt GPS na kierownicę SW-MOTECH Kawasaki GTR 1400,NADWOZIE,273.00
226754772,Uniwersalny uchwyt GPS SW-MOTECH z pokrowcem,NADWOZIE,174.00
226754773,Uchwyt GPS na poprzeczkę SW-MOTECH 10/12 mm,NADWOZIE,295.00
226754775,Uchwyt GPS na poprzeczkę SW-MOTECH 13/16 mm BMW F 800 GS ABS Adventure,NADWOZIE,295.00
226754778,Uchwyt GPS na poprzeczkę SW-MOTECH BMW R 1200 GS Adventure 17 mm,NADWOZIE,318.00
226754788,Uchwyt GPS na kierownicę SW-MOTECH KTM Super Adventure 1290 R ABS,NADWOZIE,273.00
226754789,Uchwyt GPS na kierownicę SW-MOTECH,NADWOZIE,227.00
226754791,Uniwersalny zestaw uchwytów GPS SW-MOTECH T-Lock,NADWOZIE,227.00
226754793,Uniwersalny zestaw uchwytów GPS SW-MOTECH T-Lock,NADWOZIE,250.00
226754794,Uniwersalny uchwyt GPS SW-MOTECH z pokrowcem,NADWOZIE,273.00
226949593,Wahacz dolny tył lewy Polaris Sportsman 500 EFI 1016022-067,SPORTSMAN,289.00
226949601,Wahacz tylny dolny prawy Polaris Sportsman 500 1016023-067,SPORTSMAN,289.00
226949605,Wahacz górny tył prawy Polaris Sportsman 500 1015849-067,SPORTSMAN,249.00
226949609,Zwrotnica prawy przód Polaris Sportsman 500 EFI HO 1822826,SPORTSMAN,299.00
226949613,Zwrotnica lewy przód Polaris Sportsman 500 EFI HO 1822825,SPORTSMAN,299.00
226949617,Drążek biegu wstecznego Yamaha Raptor 350 5YT-26150-00-00,Raptor 350,399.00
226949622,Kartery silnika Yamaha Raptor 350 3GD-15100-03-00,Raptor 350,1890.00
226949626,"Kosz sprzęgłowy kompletny Yamaha Raptor 350 1UY-16371-02-00 , 5Y1-16331-01-00 , 2NL-16150-00-00",Raptor 350,649.00
226949631,Lewa pokrywa sprzęgła Yamaha Raptor 350 3GD-15431-10-00,Raptor 350,289.00
226949635,Magneto sprzęgło rozrusznika Yamaha Raptor 350 5NF-81450-01-00,Raptor 350,649.00
226949639,Bagnet stanu oleju Yamaha Raptor 350 1UY-15362-01-00,Raptor 350,49.00
226949642,Pokrywa alternatora Yamaha Raptor 350 3GD-15787-03-00,Raptor 350,199.00
226949645,Pokrywa prawa silnika Yamaha Raptor 350 3GD-15411-00-00,Raptor 350,129.00
226949647,Pompa oleju Yamaha Raptor 350 1UY-13300-00-00,Raptor 350,299.00
226949649,Rozrusznik Yamaha Raptor 350 1UY-81890-00-00,Raptor 350,199.00
226949652,Łańcuszek rozrządu Yamaha Raptor 350 94500-02090-00,Raptor 350,59.00
226949654,"Skrzynia biegów kompletna Yamaha Raptor 350 1UY-17523-00-00, 1UY-17401-01-00, 1UY-17421-02-00",Raptor 350,1299.00
226949656,Stator uzwojenie Yamaha Raptor 350 5NF-81410-00-00,Raptor 350,399.00
226949658,"Tryb rozrusznika Yamaha Raptor 350 1UY-15512-00-00 , 93310-212L6-00 , 1UY-15521-02-00",Raptor 350,159.00
226949660,Tryb sprzęgła rozrusznika Yamaha Raptor 350 1UY-15517-01-00,Raptor 350,259.00
226949662,Wał korbowy Yamaha Raptor 350 1UY-11400-00-00,Raptor 350,690.00
226949664,Wałek równowagi balanser Yamaha Raptor 350 1UY-11454-00-00,Raptor 350,299.00
226949666,"Wybierak skrzyni biegów Yamaha Raptor 350 1UY-18101-02-00 , 1UY-18101-01-00",Raptor 350,159.00
226949668,"Nakrętka zębatki przód Yamaha Raptor 350 90179-20255-00, 90215-21239-00, 93834-13206-00",Raptor 350,59.00
227068842,Uchwyt GPS na kierownicę SW-MOTECH BMW Honda Suzuki,NADWOZIE,273.00
227069583,Laski popychaczy Polaris Sportsman 700 RZR 800 5138254,RZR,229.00
227069584,Bendix rozrusznika Polaris RZR 800 4012614,RZR,349.00
227069585,Dekiel alternatora Polaris RZR 800 1203626,RZR,299.00
227069586,Dekiel pompy wody Polaris RZR 800 2202601,RZR,149.00
227069587,Głowica Polaris RZR 800 Sportsman 800 3021915,RZR,1290.00
227069588,Kolektor wydechowy Polaris RZR 800 1261852-489,RZR,149.00
227069589,Krzywki zaworowe Polaris RZR 800 1202169,RZR,1190.00
227069590,Szpilki głowicy Polaris RZR 800 7519219,RZR,249.00
227069591,"Magneto Polaris RZR 800 2208144 , 4010912",RZR,899.00
227069592,"Miska olejowa Polaris RZR 800 5138505 , 5134427",RZR,299.00
227069593,"Pompa oleju Polaris RZR 800 2203012 , 1204577",RZR,249.00
227069594,"Zawory hydrauliczne Polaris RZR 800 5137206 , 5134152",RZR,490.00
227069595,"Termostat Polaris RZR 800 5136512 , 7052352",RZR,99.00
227069596,Stator Polaris RZR 800 4011399,RZR,790.00
227069597,Zębatki rozrządu Polaris RZR 800 2203106,RZR,499.00
227069648,Uchwyt GPS na kierownicę BMW Ducati Kawasaki KTM Suzuki Triumph Yamaha,NADWOZIE,273.00
227090542,Uchwyt GPS na kierownicę SW-MOTECH Ducati Multistrada 950 1200 1260,NADWOZIE,295.00
227637570,"Lampa reflektor prawy Yamaha Raptor 700 1S3-84166-00-00 , 5TG-84310-03-00 , 5TG-84340-01-00",Raptor 700,499.00
227637572,"Lampa reflektor lewy Yamaha Raptor 700 1S3-84165-00-00 , 5TG-84110-03-00 , 5TG-84140-01-00",Raptor 700,499.00
227637574,Kciuk gaz Yamaha Raptor 700 1S3-26250-02-00,Raptor 700,429.00
227637576,Gaźnik Can Am Outlander 400 707200190,Outlander,799.00
227637577,"Rury chłodzenia paska Can Am Outlander 400 707000261 , 707000361",Outlander,299.00
227637578,Dyfer most tył Can Am Outlander 400 703500892,Outlander,2390.00
227637579,Dyfer most przedni Can Am Outlander 400 705500507,Outlander,1990.00
227637580,"Aktuator napędu silnik Can am Outlander 400 705400171 , 705400169",Outlander,990.00
227637581,Wałek napędu przód Can Am Outlander 400 705400337,Outlander,399.00
227637582,Air Box Polaris Trail Boss 330 5433387,Trail Boss,399.00
227637583,"Amortyzatory gazowe Suzuki LTZ 400 LTR 450 52103-45G40-28W , 52103-45G50-28W",LTZ 400,1990.00
227637584,"Amortyzatory przód Suzuki LTZ 400 52100-07G22-28W , 52100-07G32-28W",LTZ 400,1490.00
227637585,Wariator Polaris Trail Boss 330 1322682,Trail Boss,1490.00
227637586,Instalacja wiązka Polaris Trail Boss 330 2202147,Trail Boss,690.00
227637587,Silnik kompletny Can Am Outlander 400 707000463,Outlander,5999.00
227637588,Rama z homologacją L7e Can Am Outlander 400 705202621,Outlander,6999.00
227637590,Sprzęgło wariatora Can Am Outlander Renegade 420248233,Renegade,1999.00
227637592,"Sprzęgło, drugie koło Polaris Sportsman 800 1321848",SPORTSMAN,1290.00
227637593,Amortyzator tył Suzuki LTZ 400 62100-07G20-163,LTZ 400,690.00
232655609,Zestaw podwyższający kierownicę SW-MOTECH Suzuki GSX-S 1000,NADWOZIE,250.00
232655613,Zestaw podwyższający kierownicę SW-MOTECH BMW F 800R 1200,NADWOZIE,454.00
232655615,Zestaw podwyższający kierownicę SW-MOTECH BMW R 1200 GS,NADWOZIE,295.00
232655619,Zestaw podwyższający kierownicę SW-MOTECH BMW F 700 GS,NADWOZIE,227.00
232655621,Zestaw podwyższający kierownicę SW-MOTECH BMW R 1200 1250 GS,NADWOZIE,545.00
232655624,Zestaw podwyższający kierownicę SW-MOTECH BMW R 1200 1250 GS,NADWOZIE,545.00
232655631,Zestaw podwyższający kierownicę SW-MOTECH Triumph Tiger 800,NADWOZIE,273.00
232655637,Zestaw podwyższający kierownicę SW-MOTECH,NADWOZIE,227.00
232655640,Zestaw podwyższający kierownicę SW-MOTECH Harley Davidson Pan America 1250,NADWOZIE,454.00
232655642,Zestaw podwyższający kierownicę SW-MOTECH Harley Davidson Pan America 1250,NADWOZIE,545.00
232655645,Zestaw podwyższający kierownicę SW-MOTECH,NADWOZIE,772.00
232655646,Zestaw podwyższający kierownicę SW-MOTECH BMW R 1200 1250 GS,NADWOZIE,772.00
232655648,Zestaw podwyższający kierownicę SW-MOTECH BMW R 1200 1250 GS,NADWOZIE,772.00
232655650,Zestaw podwyższający kierownicę SW-MOTECH,NADWOZIE,227.00
232675259,Zestaw podwyższający kierownicę SW-MOTECH BMW F 650 700 800 GS,NADWOZIE,227.00
232734233,Zestaw podwyższający kierownicę SW-MOTECH,NADWOZIE,545.00
232734234,Zestaw podwyższający kierownicę SW-MOTECH BMW G 650,NADWOZIE,545.00
232734235,Zestaw podwyższający kierownicę SW-MOTECH BMW G 650,NADWOZIE,545.00
232734236,Zestaw podwyższający kierownicę SW-MOTECH BMW R 1200 GS,NADWOZIE,545.00
232734243,Zestaw podwyższający kierownicę SW-MOTECH,NADWOZIE,364.00
232740359,Zestaw podwyższający kierownicę SW-MOTECH BMW S 1000 R 1200 1250 GS,NADWOZIE,636.00
232743474,Zestaw podwyższający kierownicę SW-MOTECH KTM Benelli Yamaha,NADWOZIE,364.00
232744736,Zestaw podwyższający kierownicę SW-MOTECH KTM Honda Moto Morini,NADWOZIE,364.00
232880517,MOTUL olej silnikowy 300V 4T FL ROAD RACING 5W40 4L (SYNTETYCZNY),Oleje i chemia,316.00
232896227,MOTUL OLEJ SILNIK 300V2 4T FL ROAD / OFF ROAD FACTORY LINE RACING 10W50 4L,Brak danych,400.00
232903669,MOTUL OLEJ SILNIK 300V 4T FL ROAD RACING 15W50 4L,Brak danych,327.00
232909842,MOTUL olej silnikowy 7100 4T 20W50 4L,Brak danych,299.00
232910999,MOTUL olej silnikowy 300V 4T FL OFF ROAD 15W60 4L (SYNTETYCZNY),Oleje silnikowe 4T,337.00
232912275,MOTUL OLEJ SILNIK 300V 4T FL OFF ROAD 5W40 4L,Brak danych,329.00
232913190,MOTUL OLEJ SILNIK ATV UTV EXPERT 10W40 4L,Brak danych,313.00
232918494,MOTUL olej silnikowy 7100 4T 15W50 4L,Brak danych,279.00
232919712,Osłony dźwigni SW-MOTECH Honda CB 500 F,NADWOZIE,613.00
232919714,Osłony dźwigni SW-MOTECH Honda CB 1000 R Neo Sports Cafe ABS,NADWOZIE,613.00
232919719,Osłony dźwigni SW-MOTECH Aprilia Tuono V4 1100 Ducati Monster 937 ABS,NADWOZIE,613.00
232919740,Osłony dźwigni SW-MOTECH Triumph Street Triple 675,NADWOZIE,522.00
232919744,Osłony dźwigni SW-MOTECH Honda CB 500 650 Kawasaki Z 650 ABS,NADWOZIE,681.00
232919758,Osłony dźwigni SW-MOTECH Yamaha MT-07,NADWOZIE,681.00
232919761,Osłony dźwigni SW-MOTECH BMW R NINE S 1000,NADWOZIE,556.00
232919767,Osłony dźwigni SW-MOTECH Kawasaki H2 1000 SX ABS,NADWOZIE,681.00
232919770,Osłony dźwigni SW-MOTECH Triumph Street Triple 675,NADWOZIE,590.00
232919773,Osłony dźwigni SW-MOTECH Triumph Street Triple 660 795,NADWOZIE,613.00
232919774,Osłony dźwigni SW-MOTECH Triumph Trident 660 ABS,NADWOZIE,681.00
232920572,MOTUL olej silnikowy 7100 4T 5W40 4L,Brak danych,300.00
232921387,Yamaha Raptor komplet opon opony OBOR ADVENT,NAZDWOZIE,1190.00
232922575,MOTUL olej silnikowy 7100 4T 10W30 4L,Brak danych,307.00
232927657,MOTUL olej silnikowy 7100 4T 10W50 4L SYNTETYCZNY,Brak danych,279.00
232966757,MOTUL olej silnikowy 7100 4T 10W60 4L,Oleje do quadów,270.00
232975795,MOTUL olej silnikowy 5100 4T 10W50 4L,Brak danych,238.00
232976538,MOTUL olej silnikowy 7100 4T 10W40 4L (NOWY=MA2) SYNTETYCZNY,Oleje silnikowe 4T,235.00
232993330,Suzuki LTZ LTR komplet opon opony OBOR ADVENT,NAZDWOZIE,1190.00
232993758,Cf Moto opony komplet opon Journey / Hakuba P377,NADWOZIE,1290.00
233004520,Yamaha Grizzly opony komplet opon Journey / Hakuba P377,NADWOZIE,1290.00
233004890,Kawasaki KVF Brute Force opony komplet opon Journey / Hakuba P377,NADWOZIE,1290.00
233008080,Suzuki King Quad opony komplet opon Journey / Hakuba P377,NADWOZIE,1290.00
233008735,Can Am Outlander opony komplet opon Journey / Hakuba P377,NADWOZIE,1290.00
233012846,Can Am Renegade opony komplet opon Journey / Hakuba P377,NADWOZIE,1290.00
233143947,MOTUL MOTUL olej silnikowy 5100 4T  10W30 4L,Brak danych,214.00
233146405,MOTUL olej silnikowy 5100 4T 15W50 4L Półsyntetyczny,Oleje silnikowe 4T,195.00
233149267,MOTUL olej silnikowy 710 2T 4L,Brak danych,217.00
233150351,MOTUL olej silnikowy QUAD ATV UTV 10W40 4L MINERALNY,Brak danych,197.00
233151714,MOTUL olej silnikowy  3000 4T 20W50 4L,Brak danych,168.00
233152698,MOTUL olej silnikowy  3000 4T 10W40 4L,Brak danych,143.00
233413542,MOTUL olej silnikowy  300V2 4T FL ROAD / OFF ROAD FACTORY LINE RACING 10W50 1L,Brak danych,109.00
233416322,MOTUL olej silnikowy 300V 4T FL ROAD RACING 5W40 1L,Brak danych,79.00
233417682,MOTUL olej silnikowy 300V 4T FL OFF ROAD 15W60 1L,Brak danych,93.00
233419253,MOTUL olej silnikowy  300V 4T FL ROAD RACING 15W50 1L,Brak danych,93.00
233423038,MOTUL olej silnikowy  300V 4T FL OFF ROAD 5W40 1L,Brak danych,85.00
233425023,MOTUL olej silnikowy 7100 4T 10W30 1L,Brak danych,82.00
233426861,MOTUL olej silnikowy 7100 4T 5W40 1L,Brak danych,78.00
233427945,MOTUL olej silnikowy 7100 4T 10W60 1L,Brak danych,72.00
233430318,MOTUL olej silnikowy  7100 4T 15W50 1L,Brak danych,74.00
233432062,MOTUL olej silnikowy 7100 4T 10W50 1L,Brak danych,74.00
233433294,MOTUL olej silnikowy ATV UTV EXPERT 10W40 1L,Brak danych,80.00
233434453,MOTUL olej silnikowy 5100 4T ESTER 10W50 1L,Brak danych,67.00
233435602,MOTUL olej silnikowy 7100 4T 10W40 1L,Brak danych,64.00
233436428,MOTUL HD 80W90 2L OLEJ PRZEKŁADNIOWY MINERALNY,Brak danych,67.00
233438135,MOTUL olej silnikowy 5100 4T ESTER 15W50 1L,Brak danych,55.00
233447352,MOTUL olej silnikowy 5100 4T ESTER 10W30 1L,Brak danych,58.00
233448656,MOTUL olej silnikowy QUAD ATV UTV 10W40 1L MINERALNY,Brak danych,50.00
233450732,MOTUL olej silnikowy 3000 4T 20W50 1L,Brak danych,47.00
233453054,MOTUL olej silnikowy 3000 4T 10W40 1L,Brak danych,45.00
233454787,MOTUL olej silnikowy 510 2T 4L,Brak danych,133.00
233455737,MOTUL olej silnikowy 710 2T 1L,Brak danych,57.00
233483761,Osłony dźwigni SW-MOTECH KTM Super Duke 790 890 1290 R ABS,NADWOZIE,618.00
233575131,Osłony dłoni handbary BBStorm SW-MOTECH Yamaha XTZ 690,NADWOZIE,727.00
233575135,Osłony dłoni handbary BBStorm SW-MOTECH Triumph Tiger 900 ABS,NADWOZIE,727.00
233575137,Osłony dłoni handbary BBStorm SW-MOTECH Honda CB 500 X ABS,NADWOZIE,727.00
233575142,Osłony dłoni handbary BBStorm SW-MOTECH BMW R NINE T ABS,NADWOZIE,681.00
233575146,Osłony dłoni handbary BBStorm SW-MOTECH BMW F 750 850 1250,NADWOZIE,727.00
233583613,MOTUL olej silnikowy 300V 4T FL ROAD RACING 10W40 4L,Brak danych,313.00
233901629,Tłok kompletny Yamaha Raptor 350 5UH-11631-00-C0,Raptor 350,299.00
233966534,Lampa centralna Polaris Sportsman 850 1000 2410614,SPORTSMAN,359.00
233966535,Rama Yamaha YFZ 450 5TG-21101-38-00,YFZ 450,2490.00
233966536,Stopień lewy Yamaha Warrior 350 3GD-27445-00-00,Warrior 350,149.00
233966904,Zderzak bumper przód Yamaha Raptor 660,Raptor 660,150.00
233967174,Zwrotnica lewa Yamaha Raptor 660 5LP-23501-00-00,Raptor 660,259.00
233967175,Stopień prawy Yamaha Warrior 350 3GD-27446-00-00,Warrior 350,149.00
233967296,Zwrotnica prawa Yamaha Raptor 660 5LP-23502-00-00,Raptor 660,259.00
233967416,Pompa hamulcowa przód Yamaha Raptor 700 5D3-2583T-00-00,Raptor 660,350.00
233967543,Felga tylna koło Yamaha Raptor 700 YFM 660 5LP-25390-20-00,Raptor 700,350.00
233967598,Dźwignia hamulca przedniego Yamaha Raptor 700 5D3-83922-01-00,Raptor 700,99.00
233967728,Dźwignia sprzęgła Yamaha Raptor YFM 700 2HT-83912-01-00,Raptor 700,50.00
233967903,Osłona tylnego wahacza Yamaha Raptor YFM 350 5YT-2219X-00-00,Raptor 350,229.00
233968069,Ośka koła przód ośka zwrotnicy Yamaha Raptor YFM 700 1S3-23502-01-00,Raptor 700,250.00
233968070,Piasta koła przedniego Yamaha Raptor YFM 700 1PE-F5111-00-00,Raptor 700,349.00
233968420,Zacisk hamulcowy przedni lewy Yamaha Raptor YFM 700 1S3-2580T-01-00,Raptor 700,299.00
233968503,Wahacz prawy górny przód Yamaha Raptor YFM 700 5TG-23550-02-00,Raptor 700,249.00
233968661,Wahacz dolny lewy przód Yamaha Raptor YFM 700 5TG-23570-01-00,Raptor 700,390.00
233968740,Zacisk hamulcowy prawy przód Yamaha Raptor YFM 700 1S3-2580U-01-00,Raptor 700,299.00
233968809,Mocowanie zacisku przód prawe Yamaha Raptor YFM 700,Grizzly 700,149.00
234074696,Osłona ramy Can-Am Renegade 800 705202399,Renegade,199.00
234078045,"Dźwignia ssania Polaris Sportsman 500 HO 7081176 , 7081008",SPORTSMAN,199.00
234078672,Lampa tylna lewa homologacja Polaris Sportsman RZR 5858280,Używane,299.00
234090683,Maskownica plastik bezpieczników Polaris Sportsman 500 HO 5435352,Używane,350.00
234147787,Zacisk hamulcowy przedni prawy Yamaha MT07 1XB-2580U-00,Yamaha,119.00
234147937,Zacisk hamulcowy przedni lewy Yamaha MT07 1WS-2580T-00,Yamaha,119.00
234147978,Air Box obudowa filtra powietrza Yamaha MT07 1WS-14401-00-00,Yamaha,449.00
234148403,Plastik wypełnienie Yamaha MT07 1WS-2836K-00,Yamaha,129.00
234148834,Wypełnienie plastikowe Kawasaki Z900 1WS-2836K-00,Motocykle,149.00
234150157,Boczek zbiornika lewy Yamaha MT07 1WS-24129-00,Yamaha,390.00
234151501,OWIEWKA Ogon lewa strona Yamaha MT07 1WS-21711-00,Używane,249.00
234153181,Wentylator chłodnicy Yamaha MT07 1WS-12405-00-00,Yamaha,390.00
234153969,Przewód przewody hamulcowe Yamaha MT07 1XB-2584D-00-00,Yamaha,290.00
234155465,Zacisk hamulcowy tylny Yamaha MT07 2DR-2580W-00-00,Yamaha,499.00
234156052,Pompa hamulcowa tył Yamaha MT07 4P5-2583V-00-00,Yamaha,199.00
234157773,Rol gaz manetka gazu Yamaha MT07 1WS-26282-00-00,Yamaha,199.00
234158846,Mocowanie tylnej części ramy Yamaha MT07 1WS-21131-00,Yamaha,69.00
234158972,Osłonka seta prawego przód Yamaha MT07 1WS-27446-10-00,Yamaha,99.00
234158986,Set prawy przód kierowcy Yamaha MT07 1WS-27443-10-00,Yamaha,290.00
234159307,Set podnóżek pasażera prawy Yamaha MT07 2014 BC6-F742L-00-00,Yamaha,199.00
234159807,Wypełnienie błotnika tył 1WS-21651-00-00 Yamaha MT07 2014,Yamaha,190.00
234160941,Zabierak zębatki Yamaha MT07 2014 5JJ-25366-00-00,Yamaha,590.00
234161987,Mocowanie zbiornika paliwa Yamaha MT07 1WS-2412Y-00-00,Yamaha,150.00
234162821,Obudowa akumulatora Yamaha MT07 2014 1WS-8212B-00-00,Yamaha,150.00
235027279,Filtr powietrza Polaris Sportsman 450 500 570 650 700 850 1000 7080595 7082101,NADWOZIE,64.00
235027288,Talerz wariatora Can-Am Outlander Renegade Commander 800 1000 G2 420280499 QUAD UTV,NADWOZIE,695.00
235027289,Filtr powietrza Yamaha Kodiak Grizzly 700 od 2016 B16-E4451-01-00,NADWOZIE,72.00
235027291,"Stator- uzwojenie alternatora CF Moto 500 X5, 0180-032000, CF188-032000 QUAD ATV",NADWOZIE,243.00
235027295,"Łożysko jednokierunkowe CF Moto 500 X5, 0180-053200, CF188-053200 QUAD UTV",NADWOZIE,139.00
235027300,Końcówki drążków kierowniczych Can-Am Outlander Renegade 800 1000 51-1034,NADWOZIE,150.00
235027302,"Czujnik Temperatury w chłodnicy CF Moto 800 X8, 7020-150600 QUAD UTV",NADWOZIE,50.00
235027304,Krzyżak wału napędowego CF Moto 500 600 800 22x50 7020-300120 QUAD ATV,NADWOZIE,61.00
235027306,Sworzeń wahacza górnego CF Moto 500 600 800 9010-050700-1000,NADWOZIE,76.00
235027309,Sworzeń wahacza dolnego CF Moto 500 600 800 9010-050800-20000,NADWOZIE,61.00
235027311,Łącznik stabilizatora lewy CF Moto 500 800 X5 X8 9010-060700 QUAD UTV,NADWOZIE,78.00
235027313,Łącznik stabilizatora prawy CFMoto 500 X5 800 X8 9010-060800 QUAD UTV,NADWOZIE,78.00
235027315,Tylny wał napędowy CF Moto CForce 800 7020-300200,NADWOZIE,679.00
235027317,Przekaźnik Rozrusznika CF Moto 9010-150310 QUAD ATV,NADWOZIE,41.00
235027319,Krzyżak wału napędowego CF Moto 600 625 20x56 9060-300120,NADWOZIE,52.00
235027321,Krzyżak wału napędowego CF Moto ZForce 22x50 9GQ0-290210,NADWOZIE,53.00
235027324,Włącznik przełącznik uniwersalny wodoszczelny niebieski PR18101 10 szt,NADWOZIE,84.00
235027326,Przełącznik zespolony lewy Arctic Cat 400 500 700 1000 0509-014,NADWOZIE,227.00
235027327,Przełącznik zespolony lewy Yamaha Raptor 350 660 Grizzly 350 400 5LP-83973-01-00,NADWOZIE,203.00
235027328,"Przekaźnik Can-Am Outlander 12V 20A 35A 710000739, 515176774, 710001334",NADWOZIE,34.00
235027329,Komplet lusterek wstecznych UTV Polaris Ranger,NADWOZIE,134.00
235027331,"Lusterko wsteczne uniwersalne UTV podwójne mocowanie 1,75"" 2""",NADWOZIE,127.00
235027333,Siłownik drzwi Can-Am Maverick X3 czarny,NADWOZIE,359.00
235027339,Uchwyt montażowy pojedynczy do kanistrów,NADWOZIE,127.00
235027340,Podwójny uchwyt montażowy do kanistrów,NADWOZIE,173.00
235027341,Uchwyt montażowy do kanistrów podwójny zamykany,NADWOZIE,185.00
235027342,Zderzak przedni bumper Polaris Sportsman 570 2879714,NADWOZIE,452.00
235027350,Filtr paliwa Can-Am G2 709000389 QUAD UTV,NADWOZIE,34.00
235027351,Rozrusznik Polaris 250 300 400 18331N 3085393 QUAD ATV,NADWOZIE,227.00
235027352,Rozrusznik Kawasaki KLF 220 250 Bayou 18716N 21163-1266 QUAD ATV,NADWOZIE,227.00
235027353,Rozrusznik Suzuki LTF 160 220 250 LTZ 250 18808N 31100-02C10 QUAD ATV,NADWOZIE,236.00
235027354,Rozrusznik Honda TRX400EX 18855N 31200-HN1-A41 QUAD ATV,NADWOZIE,227.00
235027358,Filtr powietrza CF Moto 800 X8 0800-112000 QUAD ATV,NADWOZIE,78.00
235027360,Osłony amortyzatorów skarpety Segway Snarler 600 QUAD ATV,NADWOZIE,169.00
235027361,Osłony amortyzatorów skarpety Segway Snarler 600 QUAD ATV,NADWOZIE,169.00
235027362,Osłony amortyzatorów skarpety Segway Snarler 600 QUAD ATV,NADWOZIE,169.00
235027363,Rozrusznik Yamaha skuter śnieżny 18889N 18890N 8BB-81800-00-00,NADWOZIE,359.00
235027367,Końcówka wewnętrzna CF Moto CForce 9010-100530-Q2 LH,NADWOZIE,57.00
235027369,Końcówka zewnętrzna CF Moto CForce 9010-100530-Q1 LH,NADWOZIE,57.00
235027373,Filtr powietrza Honda Foreman Fourtrax TRX 300 400 450 17254-HC5-900,NADWOZIE,68.00
235027374,Kierunkowskaz LED dynamiczny 2 szt biały pomarańczowy,NADWOZIE,57.00
235027376,Kierunkowskaz LED dynamiczny 2 szt czerwono pomarańczowy,NADWOZIE,57.00
235027377,Czujnik ciśnienia układu hamulcowego Polaris Ranger RZR 570 800 4012866 QUAD UTV,NADWOZIE,203.00
235027378,czujnik ciśnienia oleju Can-Am Outlander Renegade Maverick 420256915,NADWOZIE,157.00
235027380,Gaźnik Suzuki LT 50 JR 50 13200-04432 13200-04430 13200-04420,NADWOZIE,197.00
235027381,Gaźnik Suzuki LTF250 13200-20B00 13200-20B02,NADWOZIE,313.00
235027384,Przednie lampy LED z podświetleniem Yamaha Raptor 250 350 700 YFZ 450R 2024,NADWOZIE,997.00
235034378,Сzujnik wentylatora chłodnicy Can-am outlander 400 Suzuki Kingquad 700 750 Kawasaki KVF 650,NADWOZIE,87.00
235059322,Kufer GKA Tesseract tylny Can-am Outlander G3 2024 010_172 QUAD ATV,NADWOZIE,1728.00
235061601,Sonda lambda CF Moto CForce 500 600 625 018B-176000,NADWOZIE,261.00
235061602,Uszczelki na cały silnik CF Moto 600 X6 0600-0000A1,NADWOZIE,382.00
235061604,Wał korbowy CF Moto CForce 800 0800-041000-2001,NADWOZIE,2036.00
235061606,Wał korbowy CFMoto CForce 800 0800-041000-2002,NADWOZIE,2036.00
235061607,czujnik ciśnienia i temperatury CF Moto CForce 800 0800-175000,NADWOZIE,157.00
235061608,Ślizg łańcucha rozrządu CF Moto 450 520 550 600 0GR0-023200,NADWOZIE,74.00
235061609,Ślizg łańcucha rozrządu CF Moto 450 520 550 600 0GR0-023300,NADWOZIE,46.00
235061612,Uszczelki na cały silnik CF Moto 800 1000 0JYA-0000A0-00001,NADWOZIE,313.00
235061613,Wał korbowy CF Moto CForce 1000 0JYA-041000-10012,NADWOZIE,1960.00
235061614,Wał korbowy CF Moto CForce 1000 0JYA-041000-10022,NADWOZIE,1960.00
235061615,Ślizgi wariatora CF Moto CForce 850 1000 0JYA-051004-10000 3 szt,NADWOZIE,92.00
235061616,Tarcza hamulcowa przednia CF Moto 500 600 800 9010-080001-1000,NADWOZIE,122.00
235061617,Korek wlewu paliwa CF Moto 500 600 9010-120200,NADWOZIE,61.00
235061619,Sworzeń wahacza górnego CF Moto 500 600 800 9030-050600,NADWOZIE,107.00
235061620,Maglownica CF Moto ZForce UForce 600 800 9060-104060,NADWOZIE,575.00
235061622,Półoś kompletna tylna CF Moto CForce 800 1000 19-2023 9AY0-280300,NADWOZIE,672.00
235061623,Tuleja wału napędowego z wieloklinem CF Moto 450 520 850 1000 9CR6-300201-10000,NADWOZIE,157.00
235061625,Gniazdo wału napedowego z wieloklinem CF Moto 450 520 850 1000 9CR6-300206-10000,NADWOZIE,166.00
235061626,Tylny wał napędowy CFMoto CForce 450 520 9CRB-300110,NADWOZIE,203.00
235061627,Krzyżak wału napędowego CF Moto ZForce 22x50 9GQ0-290210,NADWOZIE,53.00
235061628,Licznik CF Moto CForce 450 9GQS-170100,NADWOZIE,771.00
235115058,Pasek napędowy wzmacniany Gates G-force Polaris Ranger RZR Crew 683 760 800,NADWOZIE,266.00
235115069,Pasek napędowy Gates G-force Yamaha Viking Wolverine 700 1XD-17641-00-00,NADWOZIE,139.00
235118621,Wał korbowy Linhai 260 300 22501,NADWOZIE,830.00
235118623,Wał korbowy Linhai 400 27238 QUAD ATV,NADWOZIE,1009.00
235118624,Wał korbowy Linhai 500 35121,NADWOZIE,1275.00
235118626,Cylinder Linhai 260 22420,NADWOZIE,289.00
235118627,Cylinder Linhai 300 22420A,NADWOZIE,319.00
235118628,Cylinder Linhai 400 27228,NADWOZIE,319.00
235118629,Cylinder Linhai 500 35119,NADWOZIE,521.00
235118632,Drążek kierowniczy z końcówkami Linhai 20629,NADWOZIE,79.00
235118633,Sworzeń wahacza Linhai 20512,NADWOZIE,47.00
235118635,Drążek zmiany biegów Linhai 21727,NADWOZIE,60.00
235118636,Drążek zmiany biegów Linhai 21728,NADWOZIE,53.00
235118637,"Końcówka drążka Linhai 400 21603A gwint M12x1,25",NADWOZIE,43.00
235118639,Rozrusznik Linhai 260 300 24101,NADWOZIE,208.00
235118641,Rozrusznik Linhai 500 35336,NADWOZIE,337.00
235118642,Łańcuch rozrządu Linhai 260 300 22712,NADWOZIE,84.00
235118643,Łańcuch rozrządu Linhai 400 27201,NADWOZIE,92.00
235118644,Łańcuch pompy oleju Linhai 500 35196,NADWOZIE,41.00
235118646,Łańcuch biegu wstecznego Linhai 500 35313,NADWOZIE,87.00
235118649,Tłok Linhai 300 22505a,NADWOZIE,92.00
235118650,Tłok Linhai 400 27241,NADWOZIE,87.00
235118653,Zestaw tłokowy Linhai 260 22505,NADWOZIE,157.00
235118656,Pierścienie tłokowe Linhai 260 22506,NADWOZIE,61.00
235118659,Pierścienie tłokowe Linhai 300 22506a,NADWOZIE,52.00
235118660,Pierścienie tłokowe Linhai 400 27242,NADWOZIE,76.00
235118661,Pierścienie tłokowe Linhai 500 35124 35125 35126,NADWOZIE,48.00
235118662,Uszczelka pod głowicę Linhai 260 22416,NADWOZIE,49.00
235118663,Uszczelka pod cylinder Linhai 260 300 22421,NADWOZIE,12.00
235118665,Uszczelka pod głowicę Linhai 400 27221,NADWOZIE,53.00
235118667,Stator uzwojenie alternatora Linhai 300 24001,NADWOZIE,238.00
235118668,Stator uzwojenie alternatora Linhai 400 27450,NADWOZIE,220.00
235118669,Stator uzwojenie alternatora Linhai 400 EFI 27912,NADWOZIE,250.00
235118671,Końcówka drążka Linhai 260 300 20507 model B,NADWOZIE,41.00
235118672,Końcówka drążka Linhai 260 300 20503 model A,NADWOZIE,41.00
235118673,Guma gałki zmiany biegów Linhai 260 300 21607A,NADWOZIE,48.00
235118675,Stacyjka Linhai 260 300 400 30110 UAD ATV,NADWOZIE,77.00
235118677,Wariator Linhai 400 27254,NADWOZIE,259.00
235118679,Wariator Linhai 500 35298,NADWOZIE,707.00
235118680,Sprzęgło wtórne Linhai 500 35299,NADWOZIE,962.00
235118685,Wariator Linhai 260 300 23930,NADWOZIE,250.00
235118686,Sprzęgło wtórne Linhai 260 300 23929,NADWOZIE,510.00
235118688,Uszczelka pod głowicę Linhai 300 22416A,NADWOZIE,54.00
235118690,Uszczelka pod cylinder Linhai 400 27226,NADWOZIE,12.00
235118691,Amortyzator przedni Linhai 300 400 26907,NADWOZIE,389.00
235118693,Moduł zapłonowy CDI Linhai 260 22001,NADWOZIE,324.00
235118694,Cewka zapłonowa Linhai 260 22012,NADWOZIE,70.00
235118696,Króciec ssący Linhai 260 300 23201b,NADWOZIE,85.00
235118697,Króciec filtra powietrza Linhai 260 23207,NADWOZIE,55.00
235118698,Łańcuch rozrządu Linhai 550 35163,NADWOZIE,134.00
235118699,Mechanizm zmiany biegów Linhai 260 300 21729B,NADWOZIE,266.00
235118702,Stator uzwojenie alternatora Linhai 260 300 24001a 103 mm,NADWOZIE,202.00
235118704,Magneto koło magnesowe Linhai 300 24002 95 mm,NADWOZIE,220.00
235118705,Magneto koło magnesowe Linhai 400 27244 model na gaźniku,NADWOZIE,215.00
235118707,Stator uzwojenie alternatora Linhai 500 35334,NADWOZIE,337.00
235118709,Amortyzator tylny Linhai 400 27394,NADWOZIE,359.00
235118710,Pompa paliwa Linhai 260 20228,NADWOZIE,145.00
235118711,Pompa wody Linhai 260 300 400 22820,NADWOZIE,180.00
235118712,Czujnik temperatury Linhai 260 300 400 22014 25112,NADWOZIE,39.00
235118713,Pompa oleju Linhai 260 300 400 23101,NADWOZIE,39.00
235118715,Amortyzator przedni Linhai 260 ATV-B 21820,NADWOZIE,359.00
235118716,Amortyzator tylny Linhai 260 ATV-B 25104,NADWOZIE,379.00
235118717,Amortyzator tylny Linhai 260 300 20908,NADWOZIE,359.00
235118718,Tłok Linhai 260 22505,NADWOZIE,92.00
235118719,Aktuator napędów 2WD 4WD Linhai 24446,NADWOZIE,307.00
235118722,Końcówka drążka Linhai UTV 300 400 26928,NADWOZIE,46.00
235118723,Tylny wał napędowy Linhai 260 300 400 20701,NADWOZIE,354.00
235118724,Króciec wodny Linhai 260 300 22817A,NADWOZIE,40.00
235118725,Termostat Linhai 260 300 400 22901,NADWOZIE,72.00
235118727,Króciec ssący Linhai 260 300 23201a,NADWOZIE,75.00
235118728,Sprzęgło wtórne Linhai 260 300 23925 133 mm,NADWOZIE,250.00
235118729,Sprzęgło wtórne Linhai 260 300 23925A 143 mm,NADWOZIE,319.00
235118730,Przedni wał napędowy Linhai 260 300 24437,NADWOZIE,470.00
235118732,Amortyzator tylny Linhai CUV 300 26924,NADWOZIE,347.00
235118733,Króciec wodny Linhai 400 27229A,NADWOZIE,41.00
235118734,Pompa oleju Linhai 400 27245,NADWOZIE,92.00
235118735,Pierścienie tłokowe Linhai 700 71888,NADWOZIE,89.00
235118736,Koło zębate rozrusznika Linhai 260 300 23705,NADWOZIE,98.00
235118738,Łożysko jednokierunkowe rozrusznika Linhai 260 300 23706,NADWOZIE,140.00
235118739,Magneto Linhai 500 35335,NADWOZIE,377.00
235118740,Zestaw naprawczy głowicy Linhai 260 300 22601 22602 22603 22604 22605 22607,NADWOZIE,208.00
235118741,"Rozrusznik Linhai 500, 520, 550, 600, 70250",NADWOZIE,498.00
235118742,Manetka gazu Linhai 300 400 550 20109A,NADWOZIE,114.00
235118743,Manetka gazu Linhai 300 400 550 20109B,NADWOZIE,122.00
235118744,Moduł zapłonowy CDI Linhai 260 300 22001A,NADWOZIE,279.00
235118745,Regulator napięcia Linhai 260 300 400 22007 QUAD ATV,NADWOZIE,197.00
235118746,Tylna tarcza hamulcowa Linhai 260 300 400 22247,NADWOZIE,122.00
235118748,Ślizg łańcuszka rozrządu Linhai 260 300 22713,NADWOZIE,54.00
235118749,Ślizg łańcuszka rozrządu Linhai 260 300 22714,NADWOZIE,54.00
235118750,Napinacz łańcuszka rozrządu Linhai 260 300 22715,NADWOZIE,55.00
235118751,Wentylator chłodnicy Linhai 260 300 22905T,NADWOZIE,231.00
235118752,Filtr powietrza Linhai 260 300 23212,NADWOZIE,81.00
235118754,Aktuator napędów 2WD 4WD Linhai 24446C,NADWOZIE,313.00
235118755,Kontroler zmiany napędów Linhai 24447,NADWOZIE,273.00
235118756,Króciec ssący Linhai 400 27220,NADWOZIE,84.00
235118757,Króciec filtra powietrza Linhai 400 27448,NADWOZIE,91.00
235118760,Lusterko Linhai lewe 260 300 400 30117,NADWOZIE,54.00
235118761,Stator uzwojenie alternatora Linhai 550 35334E,NADWOZIE,394.00
235118762,Filtr oleju Linhai 70196,NADWOZIE,77.00
235118764,Ślizgi wariatora Linhai 260 300 23807 4 szt,NADWOZIE,29.00
235118765,Ślizgi wariatora Linhai 260 300 400 27463 4 szt,NADWOZIE,29.00
235118766,"Rolka wariator Linhai 260 300, Linhai 27461 8 szt",NADWOZIE,57.00
235118768,Ślizgi łańcuszka rozrządu Linhai 750 71788 71789,NADWOZIE,49.00
235118769,Piasta przednia Linhai 260 300 20805A,NADWOZIE,243.00
235118770,Tylny zacisk hamulcowy Linhai 260 300 22105,NADWOZIE,296.00
235118771,Przednia tarcza hamulcowa Linhai 260 300 22226,NADWOZIE,122.00
235118779,Przednia tarcza hamulcowa Linhai 400 27321,NADWOZIE,203.00
235118781,Tylna pompa hamulcowa Linhai 260 300 32123,NADWOZIE,250.00
235118782,Przedni lewy zacisk hamulcowy Linhai 260 300 32205A QUAD ATV,NADWOZIE,324.00
235118783,Przedni prawy zacisk hamulcowy Linhai 260 300 32231A QUAD ATV,NADWOZIE,324.00
235118796,Kontroler zmiany napędów Linhai 24447a,NADWOZIE,250.00
235118799,Uszczelniacze zaworowe 2 szt Linhai 260 300 22606,NADWOZIE,23.00
235118800,Wentylator chłodnicy,NADWOZIE,255.00
235118801,Termostat Linhai 260 300 400 500 550 22919,NADWOZIE,77.00
235118802,Króciec ssący Linhai 260 300 23201,NADWOZIE,87.00
235118804,Licznik Linhai 260 300 25246,NADWOZIE,533.00
235118805,Króciec filtra powietrza Linhai 260 23207 25285,NADWOZIE,56.00
235118806,Zawór ssący Linhai 400 27222,NADWOZIE,31.00
235118808,Zawór wydechowy Linhai 400 27223,NADWOZIE,31.00
235118809,Zabezpieczenia sworznia tłoka Linhai 400 27239,NADWOZIE,12.00
235118810,sworzeń tłoka Linhai 400 27240,NADWOZIE,25.00
235118811,Szczęki sprzęgła Linhai 400 27249,NADWOZIE,273.00
235118813,Moduł zapłonowy Linhai 400 27340,NADWOZIE,533.00
235118815,Tylna pompa hamulcowa Linhai 400 500 550 27378 QUAD ATV,NADWOZIE,255.00
235118817,Licznik Linhai 260 300 400 30101G QUAD ATV,NADWOZIE,591.00
235118818,Przełącznik lewy Linhai 260 300 30114,NADWOZIE,125.00
235118819,Licznik Linhai 500 550 35089 QUAD ATV,NADWOZIE,563.00
235118820,Łożysko jednokierunkowe Linhai 500 35265,NADWOZIE,243.00
235118822,Tylna pompa hamulcowa Linhai 400 500 550 70481 QUAD ATV,NADWOZIE,232.00
235118823,Moduł kontroler Linhai 700 71934,NADWOZIE,331.00
235118825,Łącznik wału napędowego Linhai 260 300 20703,NADWOZIE,89.00
235118826,Uszczelniacz piasty przedniej Linhai 260 300 20804,NADWOZIE,38.00
235118827,Piasta przednia Linhai 260 300 20805,NADWOZIE,243.00
235118828,Piasta tylna Linhai 260 300 21018,NADWOZIE,250.00
235118829,Uszczelniacz kolumny McPhersona Linhai 260 300 21818,NADWOZIE,38.00
235118830,Amortyzator przedni Linhai 260 ATV-B 21820-B,NADWOZIE,336.00
235118833,Podkładka uszczelka króćca gaźnika Linhai 260 300 23204,NADWOZIE,16.00
235118834,Talerz wariatora Linhai 260 300 23816,NADWOZIE,128.00
235118836,Uszczelniacz dyferencjału Linhai 500 26302,NADWOZIE,38.00
235118839,Lusterko Linhai prawe 260 300 400 30118,NADWOZIE,54.00
235118840,Stator uzwojenie alternatora Linhai 550 35334A,NADWOZIE,394.00
235118842,Króciec filtra powietrza Linhai 500 35358,NADWOZIE,77.00
235118843,Filtr powietrza Linhai 500 35361 QUAD ATV,NADWOZIE,36.00
235118845,Cylinder Linhai 700 71785 QUAD ATV,NADWOZIE,869.00
235118846,Uszczelka pod cylinder Linhai 700 71793,NADWOZIE,23.00
235118847,Uszczelka pod głowicę Linhai 700 71865,NADWOZIE,72.00
235792231,Wałek napędowy przód Can Am Outlander 400,Outlander,349.00
235792232,Sprzęgło wariatora Can Am Outlander 400 420248233,Outlander,1290.00
235792233,Zderzak grab bar tył Can Am Outlander 400 705003220,Outlander,749.00
235792234,"Bagażnik tylny Can Am Outlander 400 705002617 , 705001780",Outlander,649.00
235890790,Handbary osłony dłoni KOBRA SW-MOTECH Moto Guzzi V85 850 TT,NADWOZIE,727.00
235890809,Handbary osłony dłoni KOBRA SW-MOTECH Honda CB 500 X,NADWOZIE,727.00
235890814,Handbary osłony dłoni KOBRA SW-MOTECH Triumph Tiger 900 ABS,NADWOZIE,727.00
235890821,Handbary osłony dłoni KOBRA SW-MOTECH Yamaha XTZ 690 Tenere 700,NADWOZIE,724.00
235890827,Osłony dłoni SW-MOTECH Suzuki DL 1000 V-Strom ABS,NADWOZIE,727.00
235890828,Osłony dłoni SW-MOTECH BMW R 1250 GS ABS,NADWOZIE,727.00
235890829,Osłony dłoni SW-MOTECH Yamaha XTZ 690,NADWOZIE,727.00
235890831,Osłony dłoni SW-MOTECH MV Agusta Brutale 800 ABS Yamaha XTZ 690 700,NADWOZIE,727.00
235890832,Osłony dłoni SW-MOTECH Ducati Desert X 950 ABS,NADWOZIE,727.00
235890835,Osłony dłoni SW-MOTECH Honda CB 750 Hornet ABS,NADWOZIE,681.00
235890847,Osłony dłoni SW-MOTECH Honda CB 750 Hornet ABS,NADWOZIE,681.00
237038457,Przedłużenie lusterek SW-MOTECH Honda CBF 1000,NAZDWOZIE,250.00
237038459,Przedłużenie lusterek SW-MOTECH Yamaha FJR 1300 ABS,NAZDWOZIE,295.00
237038465,Przedłużenie lusterek SW-MOTECH BMW F 800 GS ABS,NAZDWOZIE,273.00
237038466,Przedłużenie lusterek SW-MOTECH modele KTM,NAZDWOZIE,273.00
237038474,Przedłużenie pedału hamulca SW-MOTECH Yamaha XTZ 690 Tenere 700,NAZDWOZIE,454.00
237038476,Przedłużenie pedału hamulca SW-MOTECH BMW R 1200 1250,NAZDWOZIE,454.00
237038478,Przedłużenie pedału hamulca SW-MOTECH BMW F 750 GS ABS,NAZDWOZIE,454.00
237038487,Przedłużenie pedału hamulca SW-MOTECH Harley Davidson PAN AMERICA 1250 ABS,NAZDWOZIE,454.00
237038489,Przedłużenie pedału hamulca SW-MOTECH Royal Enfield Himalayan 400 ABS,NAZDWOZIE,454.00
237038491,Przedłużenie pedału hamulca SW-MOTECH Kawasaki KLZ 1000 ABS,NAZDWOZIE,364.00
237038493,Przedłużenie pedału hamulca SW-MOTECH Benelli TRK 502 X ABS,NAZDWOZIE,364.00
237038495,Przedłużenie pedału hamulca SW-MOTECH Triumph Tiger Voge Adventure,NAZDWOZIE,454.00
237038497,Przedłużenie pedału hamulca SW-MOTECH Suzuki V-Strom 800 DE V-Strom ABS,NAZDWOZIE,454.00
237064004,Atrapa gril przód Can Am Outlander 400 705001313,Outlander,599.00
237064006,"Tylny stelaż aluminiowy Can Am Outlander 400 705003656 , 705001459",Outlander,799.00
237064009,"Osłona ramy przód Can Am Outlander 400 705001531, 705003496",Outlander,149.00
237064012,Lampa prawa Can Am Outlander 400 710000861,Outlander,399.00
237064016,Lampa lewa przód Can Am Outlander 400 710000862,Outlander,399.00
237064020,Obudowa stacyjki Can Am Outlander 400 703500670,Outlander,199.00
237064023,Pokrywa plastikowa silnika Can Am Outlander 400 705003837,Outlander,249.00
237064026,Pokrywa paska wariatora Can Am Outlander 400 420610426,Outlander,399.00
237064029,Lewa osłona silnika łącznik Can Am Outlander 400 705003483,Outlander,299.00
237064032,Rozrusznik Can Am Outlander 400 420684283,Outlander,399.00
237064035,Stelaż błotnika przedniego Can Am Outlander 400 705003655,Outlander,499.00
237064038,"Błotnik tylny Can Am Outlander 400 715000793 , 703500560",Outlander,599.00
237064519,Osłona kierownicy Can Am Outlander 400 XT 703100217,Outlander,299.00
237064521,Lewy boczek plastik Can am Outlander 705003498,Outlander,249.00
237067721,Przedłużenie pedału hamulca SW-MOTECH Honda NC 750 X Yamaha MT-07 XSR 700,NAZDWOZIE,454.00
237074756,Przedłużenie pedału hamulca SW-MOTECH modele KTM Adventure SuperMoto,NAZDWOZIE,137.00
237238100,"Oś tylna Yamaha Raptor 660 5LP-25381-10-00 , 5LP253811000",Raptor 660,790.00
237238101,"Zabierak zębatki tył Yamaha Raptor 660 5LP-25386-00-00 , 5LP253860000",Raptor 660,249.00
237238102,"Zabierak zębatki komplet z zębatką Yamaha Raptor 660 5LP-25386-00-00 , 5LP253860000",Raptor 660,299.00
237238103,"Amortyzator tylny Suzuki LTZ 400 62100-07G01-37W , 6210007G0137W",ATV-Quad,649.00
237238104,"Tylna oś, komplet z zębatką Polaris Trail Boss 330 5133967",Trail Boss,790.00
237238105,Tylny wahacz Polaris Trail Boss 330 1541987-067,Trail Boss,599.00
237238106,Piasta tylnej osi Polaris Trail Boss 330 5134460,Trail Boss,499.00
237238107,Kierunkowskaz tylny prawy Can Am Outlander 400,Outlander,199.00
237238108,Kierunkowskaz tylny lewy Can Am Outlander 400,Outlander,199.00
237238109,Osłona wydechu Can Am Outlander 400 Max 707600621,Outlander,149.00
237238110,"Stelaż stopnia prawego Can Am Outlander 400 705201993 , 705202081",Outlander,199.00
237238111,Wypełnienie plastikowe siedzenia Can Am Outlander 400 705002952,Outlander,149.00
237238112,"Wahacz dolny prawy Can Am Outlander 400 706205905,  706200229,706200751, 706200509, 706201050",Outlander,349.00
237238113,Wahacz tylny lewy Can Am Outlander 400 706001185,Outlander,399.00
237238114,Wahacz tylny prawy Can Am Outlander 400 706003425,Outlander,399.00
237240580,Opona OBOR 25x8-12 SCOPRIO 2.0 WU23 (WU03) 6PR 43J TL #E4,NADWOZIE,528.00
237460563,Kartery silnika KTM SXF 250 SX-F 350 79230000144,-KTM,2890.00
237460565,"Kosz sprzęgłowy KTM Sx-f 250 Sxf 350 79232301073 , 79232002100",-KTM,949.00
237460567,Magneto KTM Sx-f 250 Sxf 350 79239005144,-KTM,890.00
237460571,Pokrywa alternatora KTM Sx-f 250 Sxf 350 7923000210015,-KTM,289.00
237460573,Dekiel pokrywa pompy wody KTM Sx-f 250 Sxf 350 79235052000,-KTM,99.00
237460575,Pokrywa sprzęgła KTM Sx-f 250 Sxf 350 79230001044,-KTM,499.00
237460577,Rotor pompy oleju KTM Sx-f 250 Sxf 350 61238011100,-KTM,199.00
237460579,Zębatka pompy oleju KTM Sxf 250 Sx-f 350 77038001100,-KTM,59.00
237460583,Rozrusznik KTM Sxf 250 Sx-f 350 79240001000,-KTM,499.00
237460585,Wybierak zmiany biegów KTM Sxf 250 Sx-f 350 79239004200,-KTM,590.00
237460587,Wybierak zmiany biegów KTM Sxf 250 Sx-f 350 79234005133,-KTM,249.00
237460589,Czujnik biegów KTM Sx-f 250 Sxf 350 79211023000,-KTM,199.00
237460591,"Skrzynia biegów KTM Sx-f 250 79033001100 , 79033010100",-KTM,1290.00
237460595,Tryb rozrusznika KTM Sx-f 250 79240016100,-KTM,349.00
237460597,Wał korbowy KTM Sxf 250 79030018100,-KTM,990.00
237460599,"Wałek równowagi KTM Sx-f 250 Sxf 7700900151, 77236072120, 79236072233",-KTM,499.00
237460601,Tryb pompy oleju KTM 250 Sx-f 350 Sxf 79238006300,-KTM,90.00
237460604,Tryb sprzęgiełka rozrusznika KTM 250 Sx-f 350 79240020033,-KTM,359.00
241406740,Sakwy boczne tekstylne PRO BLAZE SW-Motech KTM Duke 690,NADWOZIE,1725.00
241406744,Sakwy boczne tekstylne PRO BLAZE SW-Motech KTM Duke 125 390,NADWOZIE,1725.00
241406745,Sakwy boczne tekstylne PRO BLAZE SW-Motech Suzuki GSR  GSX-S 750,NADWOZIE,1725.00
241406753,Sakwy boczne tekstylne PRO BLAZE SW-Motech Kawasaki Z 800 ABS,NADWOZIE,1725.00
241406755,Sakwy boczne tekstylne PRO BLAZE SW-Motech Kawasaki Z 1000 ABS,NADWOZIE,1725.00
241406762,Sakwy boczne tekstylne PRO BLAZE SW-Motech Ducati Scrambler 400 803,NADWOZIE,1725.00
241406773,Sakwy boczne tekstylne PRO BLAZE SW-Motech Honda NC 750,NADWOZIE,1725.00
241406779,Sakwy boczne tekstylne PRO BLAZE SW-Motech Yamaha XSR 125 ABS,NADWOZIE,1725.00
241406781,Sakwy boczne tekstylne PRO BLAZE SW-Motech Yamaha MT-125 ABS,NADWOZIE,1725.00
241406783,Sakwy boczne tekstylne PRO BLAZE SW-Motech Suzuki GSX-S 1000 ABS,NADWOZIE,1725.00
241406789,Sakwy boczne tekstylne PRO BLAZE SW-Motech Ducati Streetfighter V2 955 ABS,NADWOZIE,1725.00
241406791,Sakwy boczne tekstylne PRO BLAZE SW-Motech Honda CB 1000 R,NADWOZIE,1725.00
241406793,Sakwy boczne tekstylne PRO BLAZE SW-Motech KTM Super Duke 1290 R ABS,NADWOZIE,1725.00
241406799,Sakwy boczne tekstylne PRO BLAZE SW-Motech Suzuki SFV 650 Gladius,NADWOZIE,1725.00
241406800,Sakwy boczne tekstylne PRO BLAZE SW-Motech Suzuki GSX 1300 R Hayabusa,NADWOZIE,1725.00
241406804,Sakwy boczne tekstylne PRO BLAZE SW-Motech Suzuki SV 650,NADWOZIE,1725.00
241406808,Sakwy boczne tekstylne PRO BLAZE SW-Motech Yamaha YZF-R3,NADWOZIE,1725.00
241406810,Sakwy boczne tekstylne PRO BLAZE SW-Motech Yamaha MT-09 ABS,NADWOZIE,1725.00
241406812,Sakwy boczne tekstylne PRO BLAZE SW-Motech Yamaha XSR 700 ABS,NADWOZIE,1725.00
241406813,Sakwy boczne tekstylne PRO BLAZE SW-Motech Yamaha MT-09 SP ABS,NADWOZIE,1725.00
241406822,Sakwy boczne tekstylne PRO BLAZE SW-Motech BMW R 1200 1250,NADWOZIE,1725.00
241406835,Sakwy boczne tekstylne PRO BLAZE SW-Motech Kawasaki H2 Ninja Z 1000,NADWOZIE,1725.00
241406843,Sakwy boczne tekstylne PRO BLAZE SW-Motech Kawasaki EX Z 400,NADWOZIE,1725.00
241406845,Sakwy boczne tekstylne PRO BLAZE SW-Motech Ducati Monster 1200 R ABS,NADWOZIE,1725.00
241406849,Sakwy boczne tekstylne PRO BLAZE SW-Motech Kawasaki ZZR 1400 ABS,NADWOZIE,1725.00
241406852,Sakwy boczne tekstylne PRO BLAZE SW-Motech Triumph Speed Triple 1050,NADWOZIE,1816.00
241406855,Sakwy boczne tekstylne BLAZE SW-Motech Triumph Daytona Street Triple,NADWOZIE,1725.00
241466252,"Zestaw serwisowy olej Motul, filtr oleju HF140 do motocykla Yamaha MT125",Oleje silnikowe 4T,95.00
241466257,Zestaw serwisowy olej Motul + filtry + świeca do motocykla Yamaha MT125,Oleje silnikowe 4T,169.00
241466259,"Zestaw serwisowy olej Motul 7100,filtr oleju HF140 do motocykla Yamaha MT125",Oleje silnikowe 4T,89.00
241466265,Zestaw serwisowy olej Motul 7100 + filtr oleju HF140 do motocykla Yamaha YZF R125,Oleje silnikowe 4T,89.00
241466270,Zestaw serwisowy olej Motul + filtr oleju HIFLO-FILTRO HF141+świeca do motocykla Yamaha YZF R125,Oleje silnikowe 4T,99.00
241466272,"Zestaw serwisowy olej Motul,filtry+ świeca do motocykla Yamaha YZF R125",Oleje silnikowe 4T,179.00
241466275,"Zestaw serwisowy Motul 7100 filtr oleju, powietrza, świeca Yamaha YZF R125",Oleje silnikowe 4T,189.00
241467854,"Zestaw serwisowy olej Motul, filtry świeca do motocykla Yamaha YZF R125",Oleje silnikowe 4T,159.00
241467856,"Zestaw serwisowy olej Motul, filtry do motocykla Yamaha YZF R125",Oleje silnikowe 4T,149.00
241858374,Stopka centralna SW-MOTECH BMW K 1200 R / S,NADWOZIE,769.00
241858514,Kierownica z amortyzatorem flexx system czarna 22 mm,NADWOZIE,806.40
241858816,Amortyzator przedni Yamaha Grizzly 700,NADWOZIE,414.00
241871091,"Zestaw serwisowy olej Motul,filtr oleju do Yamaha Tenere 700",Oleje silnikowe 4T,101.00
241871093,"Zestaw serwisowy olej Motul , filtry do Yamaha Tenere 700",Oleje silnikowe 4T,169.00
241871094,"Zestaw serwisowy olej Motul , filtry , świeca do motocykla Yamaha Tenere 700",Oleje silnikowe 4T,227.00
241871095,"Zestaw serwisowy olej Motul 3l, filtr oleju do Yamaha Tenere 700",Oleje silnikowe 4T,238.00
241871096,"Zestaw serwisowy olej Motul 3l , filtry do motocykla Yamaha Tenere 700",Oleje silnikowe 4T,289.00
241871097,"Zestaw serwisowy olej Motul 3l , filtry , świeca do Yamaha Tenere 700",Oleje silnikowe 4T,363.00
241871553,"Zestaw serwisowy olej Motul 3l , filtry , świeca do Yamaha Tenere 700",Oleje silnikowe 4T,307.00
241871556,"Zestaw serwisowy olej Motul 3l , filtry do Yamaha Tenere 700",Oleje silnikowe 4T,249.00
241871557,"Zestaw serwisowy olej Motul 3l, filtr oleju do motocykla Yamaha Tenere 700",Oleje silnikowe 4T,182.00
241881655,Stelaż SLC boczny lewy SW-MOTECH Honda CB 125 300 R Neo Sports Cafe ABS,NADWOZIE,432.00
241881662,Stelaż SLC boczny lewy SW-MOTECH Yamaha MT-09 ABS,NADWOZIE,454.00
241881666,Stelaż SLC boczny lewy SW-MOTECH Yamaha XTZ 690 Tenere 700,NADWOZIE,500.00
241881671,Stelaż SLC boczny lewy SW-MOTECH Yamaha XSR 900 ABS,NADWOZIE,432.00
241881678,Stelaż SLC boczny lewy SW-MOTECH Yamaha SCR 950 ABS,NADWOZIE,454.00
241881680,Stelaż SLC boczny lewy SW-MOTECH Kawasaki W 800 ABS,NADWOZIE,409.00
241881681,Stelaż SLC boczny lewy SW-MOTECH Triumph Thruxton 1200 ABS,NADWOZIE,409.00
241881687,Stelaż SLC boczny lewy SW-MOTECH Benelli TRK 502 X ABS,NADWOZIE,409.00
241881690,Stelaż SLC boczny lewy SW-MOTECH Triumph Bonneville 1200 Speedmaster ABS,NADWOZIE,409.00
241881694,Stelaż SLC boczny lewy SW-MOTECH Honda CMX 1100 ABS,NADWOZIE,500.00
241881695,Stelaż SLC boczny lewy SW-MOTECH Moto Guzzi V7 IV 850 Special ABS,NADWOZIE,409.00
241881698,Stelaż SLC boczny lewy SW-MOTECH Ducati Scrambler 1100 ABS,NADWOZIE,454.00
241881699,Stelaż SLC boczny lewy SW-MOTECH Honda CB 1000 R ABS Neo Sports Cafe,NADWOZIE,454.00
241881700,Stelaż SLC boczny lewy SW-MOTECH Husqvarna Norden 901 ABS,NADWOZIE,454.00
241881702,Stelaż SLC boczny lewy SW-MOTECH Royal Enfield Meteor 350 ABS,NADWOZIE,454.00
241881709,Stelaż SLC boczny lewy SW-MOTECH Ducati Desert X 950 ABS,NADWOZIE,454.00
241881710,Stelaż SLC boczny lewy SW-MOTECH Kawasaki  Z 650 RS ABS,NADWOZIE,409.00
241881716,Stelaż SLC boczny lewy SW-MOTECH Suzuki V-Strom 800 DE ABS,NADWOZIE,454.00
241881718,Stelaż SLC boczny lewy SW-MOTECH Triumph Bonneville Scrambler 865,NADWOZIE,432.00
242108015,Stelaż SLC boczny lewy SW-MOTECH Suzuki SV 650,NADWOZIE,409.00
242113640,Stelaż SLC boczny lewy SW-MOTECH BMW F 900,NADWOZIE,432.00
242114344,Stelaż SLC boczny lewy SW-MOTECH KTM Adventure 790 890,NADWOZIE,454.00
242120796,Stelaż SLC boczny lewy SW-MOTECH Triumph Street,NADWOZIE,454.00
242156684,"Zestaw serwisowy olej Motul,filtry, świecy do Honda XRV 750 Africa Twin",Oleje silnikowe 4T,359.00
242156689,"Zestaw serwisowy olej Motul, filtry do motocykla Honda XRV 750 Africa Twin",Oleje silnikowe 4T,339.00
242188846,Stelaż SLC boczny prawy SW-MOTECH Honda CB 1000 R Neo Sports Cafe ABS,NADWOZIE,454.00
242188847,Stelaż SLC boczny prawy SW-MOTECH Suzuki SV 650 ABS,NADWOZIE,409.00
242188851,Stelaż SLC boczny prawy SW-MOTECH Yamaha MXT 850 Niken ABS,NADWOZIE,409.00
242188855,Stelaż SLC boczny prawy SW-MOTECH Yamaha XTZ 690 Tenere 700,NADWOZIE,500.00
242188858,Stelaż SLC boczny prawy SW-MOTECH Yamaha XSR 900 ABS,NADWOZIE,432.00
242188865,Stelaż SLC boczny prawy SW-MOTECH Triumph Thruxton 1200 ABS,NADWOZIE,409.00
242188871,Stelaż SLC boczny prawy SW-MOTECH Triumph Bonneville 1200 Speedmaster ABS,NADWOZIE,409.00
242188874,Stelaż SLC boczny prawy SW-MOTECH Honda CMX 1100 ABS,NADWOZIE,500.00
242188878,Stelaż SLC boczny prawy SW-MOTECH Husqvarna Norden 901 ABS,NADWOZIE,454.00
242188879,Stelaż SLC boczny prawy SW-MOTECH Royal Enfield Meteor 350 ABS,NADWOZIE,454.00
242188883,Stelaż SLC boczny prawy SW-MOTECH Yamaha XSR 900 ABS,NADWOZIE,454.00
242188884,Stelaż SLC boczny prawy SW-MOTECH Ducati Desert X 950 ABS,NADWOZIE,454.00
242188885,Stelaż SLC boczny prawy SW-MOTECH Kawasaki Z 650 RS ABS,NADWOZIE,409.00
242188886,Stelaż SLC boczny prawy SW-MOTECH Honda CB 750 Hornet ABS,NADWOZIE,432.00
242188889,Stelaż SLC boczny prawy SW-MOTECH Suzuki V-Storm 800 DE ABS,NADWOZIE,454.00
242436070,Stelaż SLC boczny prawy SW-MOTECH Honda CBF 125 CB 300,NADWOZIE,432.00
242444087,Stelaż SLC boczny prawy SW-MOTECH KTM Adventure 790 890,NADWOZIE,454.00
242446161,Stelaż SLC boczny prawy SW-MOTECH Harley Davidson,NADWOZIE,309.00
242458305,Stelaż SLC boczny prawy SW-MOTECH Moto Guzzi V7 IV 850,NADWOZIE,409.00
242489958,Dźwignia zmiany biegów SW-MOTECH Harley Davidson RA 1250 ABS Pan America,NADWOZIE,636.00
242489961,Dźwignia zmiany biegów SW-MOTECH Suzuki DL 650 ABS,NADWOZIE,681.00
242489962,Dźwignia zmiany biegów SW-MOTECH BMW R 1200 GS,NADWOZIE,681.00
242489965,Dźwignia zmiany biegów SW-MOTECH Honda NT 1100 ABS,NADWOZIE,636.00
242489966,Dźwignia zmiany biegów SW-MOTECH Honda CB 650 R Neo Sports Cafe,NADWOZIE,636.00
242489967,Dźwignia zmiany biegów SW-MOTECH Honda CB 750 Hornet  ABS,NADWOZIE,636.00
242489970,Dźwignia zmiany biegów SW-MOTECH Yamaha MT-09 ABS,NADWOZIE,590.00
242489974,Dźwignia zmiany biegów SW-MOTECH Triumph Tiger Explorer ABS,NADWOZIE,681.00
242489975,Dźwignia zmiany biegów SW-MOTECH Triumph Tiger Sport 660 ABS,NADWOZIE,636.00
242489976,Dźwignia zmiany biegów SW-MOTECH Ducati Multistrada V4 1200 ABS,NADWOZIE,636.00
242489977,Dźwignia zmiany biegów SW-MOTECH Ducati Desert X 950 ABS,NADWOZIE,636.00
242489981,Przedłużenie dźwigni zmiany biegów SW-MOTECH,NADWOZIE,69.00
242489985,Dźwignia zmiany biegów SW-MOTECH BMW F 900 R ABS,NADWOZIE,636.00
242489986,Dźwignia zmiany biegów SW-MOTECH Yamaha XTZ 690 Tenere 700,NADWOZIE,434.00
242489990,Dźwignia zmiany biegów SW-MOTECH Triumph Tiger 1050,NADWOZIE,681.00
242494585,Dźwignia zmiany biegów SW-MOTECH Ducati Monster Supersport,NADWOZIE,636.00
242496726,Dźwignia zmiany biegów SW-MOTECH Suzuki DL 1000 1050,NADWOZIE,681.00
242498404,Dźwignia zmiany biegów SW-MOTECH Yamaha MT-07 XSR 700 ABS,NADWOZIE,636.00
242498709,Dźwignia zmiany biegów SW-MOTECH BMW F 800,NADWOZIE,681.00
243021348,Podnóżki EVO SW-MOTECH Harley Davidson RA 1250 Pan America ABS,NADWOZIE,658.00
243021349,Podnóżki EVO SW-MOTECH Yamaha MT-09 Tracer 9 ABS,NADWOZIE,658.00
243021354,Podnóżki EVO SW-MOTECH Ducati Desert X 950 Multistrada V2 V4,NADWOZIE,658.00
243021355,Podnóżki EVO SW-MOTECH Triumph Tiger Sport 660 ABS,NADWOZIE,658.00
243021368,Podnóżki EVO SW-MOTECH BMW R 1200 1250 1300 GS ABS,NADWOZIE,658.00
243021370,Podnóżki EVO SW-MOTECH BMW R 1100 1150 1200 GS,NADWOZIE,658.00
243021372,Podnóżki EVO SW-MOTECH BMW F 750 850 1000,NADWOZIE,658.00
243034355,Podnóżki EVO SW-MOTECH KTM Super Adventure 1290,NADWOZIE,658.00
243036566,"Podnóżki EVO SW-MOTECH BMW F, Honda CB XL, Triumph Speed Triple",NADWOZIE,658.00
243041982,Podnóżki EVO SW-MOTECH Ducati Hypermotard Hyperstrada Multistrada Scrambler,NADWOZIE,658.00
243045413,Podnóżki EVO SW-MOTECH Suzuki BMW  Aprilia,NADWOZIE,658.00
243047139,Podnóżki EVO SW-MOTECH Triumph Tiger 800 900  Scrambler 1200,NADWOZIE,658.00
243077923,Podnóżki EVO SW-MOTECH Kawasaki KLE 300 650 KLZ 1000  Z 650,NADWOZIE,658.00
243092734,Podnóżki EVO SW-MOTECH Yamaha XT 660 1200 ZE Super Tenere ABS,NADWOZIE,658.00
243109452,Podnóżki EVO SW-MOTECH BMW F 900 R 1200 Nine Triumph Tiger 1050,NADWOZIE,658.00
243137508,"Podnóżki EVO SW-MOTECH Husqvarna Norden, KTM Adventure Duke Supermoto",NADWOZIE,658.00
243141349,Podnóżki EVO SW-MOTECH Honda CRF 1000 1100 NT 1100  XL 750,NADWOZIE,658.00
243143574,Podnóżki EVO SW-MOTECH Honda CRF 1000 XL 600 XRV 650 750,NADWOZIE,658.00
243308315,Osłona zbiornika płynu hamulcowego SW-MOTECH  KTM Adventure,NADWOZIE,182.00
243308317,Osłona zbiornika płynu hamulcowego SW-MOTECH BMW R 1200 1250 GS ABS,NADWOZIE,182.00
243308318,Osłona zbiornika płynu hamulcowego SW-MOTECH BMW R NINE T ABS,NADWOZIE,182.00
243308321,Osłona zbiornika płynu hamulcowego SW-MOTECH Yamaha XSR 700 ABS,NADWOZIE,227.00
243308324,Osłona łańcucha SW-MOTECH Triumph Tiger 800,NADWOZIE,295.00
243308327,Osłona łańcucha SW-MOTECH Triumph Tiger 900 ABS,NADWOZIE,273.00
243308329,Przedłużenie osłony łańcucha SW-MOTECH KTM Adventure 1050 1190 1290 ABS,NADWOZIE,250.00
243335703,Lampy przeciwmgłowe EVO SW-MOTECH Triumph Tiger 800,NADWOZIE,1589.00
243335714,Lampy przeciwmgłowe EVO SW-MOTECH Honda XL 750 Transalp ABS,NADWOZIE,1316.00
243335715,Włącznik na kierownice SW-MOTECH do świateł przeciwmgłowych EVO,NADWOZIE,91.00
243335718,Podnóżki EVO SW-MOTECH BMW R NINE T ABS,NADWOZIE,658.00
243335720,Podnóżki EVO SW-MOTECH SUZUKI KTM BMW MOTO MORINI KAWASAKI MOTO GUZZI HONDA,NADWOZIE,658.00
243335721,Zestaw świateł drogowych EVO SW-MOTECH Yamaha XTZ 690 Tenere 700,NADWOZIE,1589.00
243335736,Zestaw świateł drogowych EVO SW-MOTECH Suzuki DL 1050 V-Strom ABS,NADWOZIE,1589.00
243335742,Włącznik na kierownicę SW-MOTECH do świateł drogowych EVO,NADWOZIE,91.00
243772712,Podnóżki uniwersalne ION SW-MOTECH,NADWOZIE,250.00
243772713,Podnóżki ION SW-MOTECH Honda XL 650 700 V Transalp,NADWOZIE,522.00
243772715,Podnóżki ION SW-MOTECH Honda CRF 1000 L Africa Twin XL 600 XRV 650 750,NADWOZIE,522.00
243772716,Podnóżki ION SW-MOTECH Honda VFR NC Suzuki SV 650  KTM Adventure,NADWOZIE,522.00
243772721,Podnóżki ION SW-MOTECH BMW F G 650 GS,NADWOZIE,522.00
243772723,Podnóżki ION SW-MOTECH BMW R 1200 1250 GS ABS,NADWOZIE,522.00
243772730,Podnóżki ION SW-MOTECH BMW F 750 850 1000,NADWOZIE,522.00
243772732,Podnóżki ION SW-MOTECH Suzuki DL 1000 1050 V-Strom ABS,NADWOZIE,522.00
243772733,Podnóżki ION SW-MOTECH Ducati Hypermotard Hyperstrada Multistrada Scrambler,NADWOZIE,522.00
243772737,Podnóżki ION SW-MOTECH BMW R NINE T ABS,NADWOZIE,522.00
243772741,Podnóżki ION SW-MOTECH Yamaha MT-09 ABS,NADWOZIE,522.00
243772743,Podnóżki ION SW-MOTECH BMW G 310 GS ABS,NADWOZIE,522.00
243772745,Podnóżki ION SW-MOTECH Harley Davidson RA 1250 Pan America ABS,NADWOZIE,522.00
243772747,Podnóżki ION SW-MOTECH Harley Davidson RA 1250 Pan America ABS,NADWOZIE,522.00
243772748,Podnóżki ION SW-MOTECH BMW R 1200 1250 Royal Enfield Himalayan 400 ABS,NADWOZIE,522.00
243772750,Podnóżki ION SW-MOTECH Ducati Desert X 950 Multistrada V2 V4,NADWOZIE,522.00
243772754,Podnóżki ION SW-MOTECH Triumph Tiger 1200 ABS,NADWOZIE,522.00
243798284,"Podnóżki ION SW-MOTECH Honda CB XL, BMW F,Triumph Speed Triple",NADWOZIE,522.00
243800757,Podnóżki ION SW-MOTECH Honda CRF 1000 1100  NT 1100 XL 750,NADWOZIE,522.00
243802801,Podnóżki ION SW-MOTECH Yamaha XT 600 1200,NADWOZIE,522.00
243804114,Podnóżki ION SW-MOTECH BMW G 650 GS,NADWOZIE,522.00
243807840,Podnóżki ION SW-MOTECH BMW F 700 800 GS ABS,NADWOZIE,522.00
243815141,Podnóżki ION SW-MOTECH Kawasaki KLE 300 650 KLZ 1000 Z 650,NADWOZIE,522.00
243817801,Podnóżki ION SW-MOTECH Triumph Scrambler Bonneville 865,NADWOZIE,522.00
243820552,"Podnóżki ION SW-MOTECH BMW, Kawasaki, KTM, Suzuki, Moto Morini, Moto Guzzi",NADWOZIE,522.00
243838939,Podnóżki ION SW-MOTECH Yamaha XTZ 690 Tenere 700 Aprilia Tuareg 660 ABS,NADWOZIE,522.00
243842251,Podnóżki ION SW-MOTECH BMW F 900 R 1200 R NIine Triumph Tiger 1050 ABS,NADWOZIE,522.00
243859029,Podnóżki ION SW-MOTECH Kawasaki KLE 650 Z 900 1000  ZRX 1200,NADWOZIE,522.00
243863289,Podnóżki ION SW-MOTECH Triumph Scrambler 1200 Tiger 800 900 Explorer,NADWOZIE,522.00
244528502,Mocowanie tank ring ION SW-MOTECH Suzuki GSX 1300 R Hayabusa ABS,NADWOZIE,182.00
244528505,Mocowanie tank ring ION SW-MOTECH Harley Davidson RH 1250 S Sportster S ABS,NADWOZIE,182.00
244528506,Mocowanie tank ring ION SW-MOTECH Yamaha XTZ 690 Tenere 700,NADWOZIE,182.00
244528509,Mocowanie tank ring ION SW-MOTECH Kawasaki Ninja 650 Z 650,NADWOZIE,205.00
244528516,Mocowanie tank ring ION SW-MOTECH Harley Davidson RA 1250 Pan America ABS,NADWOZIE,159.00
244528518,Mocowanie tank ring ION SW-MOTECH Royal Enfield Himalayan 400 411,NADWOZIE,91.00
244528520,Mocowanie tank ring ION SW-MOTECH Moto Morini 6 1/2 Seimmezzo X-CAPE,NADWOZIE,91.00
244528523,Mocowanie tank ring ION SW-MOTECH Triumph Tiger Sport 660 ABS,NADWOZIE,205.00
244528526,Mocowanie tank ring ION SW-MOTECH Kawasaki EX H2 KLE Ninja Z ZX-10,NADWOZIE,159.00
244528529,Mocowanie tank ring ION SW-MOTECH BMW Triumph Tiger Moto Guzzi,NADWOZIE,91.00
244528531,Mocowanie tank ring ION SW-MOTECH CF Moto CL-X 700 Heritage ABS,NADWOZIE,182.00
244548380,Torba na zbiornik Tank Bag ION One SW-MOTECH,NADWOZIE,500.00
244559488,Mocowanie tank ring ION SW-MOTECH Yamaha YZF-R7 ABS,NADWOZIE,91.00
244559489,Mocowanie tank ring ION SW-MOTECH Ducati Desert X 950 ABS,NADWOZIE,205.00
245090066,Podwójny port USB SW-MOTECH z przewodem,NADWOZIE,159.00
245090070,Podwójny port z uniwersalną wtyczką USB SW-MOTECH do zapalniczki,NADWOZIE,159.00
245090075,Torba na tył SW-MOTECH Drybag 600,NADWOZIE,409.00
245090076,Torba na tył SW-MOTECH Drybag 600,NADWOZIE,409.00
245090077,Torba na tył SW-MOTECH Drybag 700,NADWOZIE,681.00
245090078,Torba na tył SW-MOTECH Drybag 80,NADWOZIE,295.00
245090080,Torba na tył ION M SW-MOTECH,NADWOZIE,613.00
245090081,Torba na tył ION S SW-MOTECH,NADWOZIE,522.00
245100427,Mocowanie tank ring ION SW-MOTECH BMW K 1200 R 850 1100 1150 1200,NADWOZIE,69.00
245100428,Mocowanie tank ring ION SW-MOTECH BMW R 1200,NADWOZIE,114.00
245100430,Mocowanie tank ring ION SW-MOTECH BMW M 1000 K R 1200  R Nine S 1000,NADWOZIE,182.00
245100431,Mocowanie tank ring ION SW-MOTECH BMW R 1200 RT ABS,NADWOZIE,182.00
245100434,Mocowanie tank ring ION SW-MOTECH Aprilia ETV 1000 Pegaso RS SL Tuono,NADWOZIE,69.00
245100437,Mocowanie tank ring ION SW-MOTECH Yamaha MT-07,NADWOZIE,182.00
245100442,Mocowanie tank ring ION SW-MOTECH Yamaha MT-09 ABS,NADWOZIE,137.00
245100443,Mocowanie tank ring ION SW-MOTECH Kawasaki EX H2 KLE KLZ Ninja Z,NADWOZIE,182.00
245100445,Mocowanie tank ring ION SW-MOTECH Yamaha BMW Ninja Z,NADWOZIE,69.00
245100449,Mocowanie tank ring PRO SW-MOTECH Yamaha BMW Kawasaki,NADWOZIE,137.00
245100450,Mocowanie tank ring PRO SW-MOTECH BMW K 1200 R 8501100 1150 1200,NADWOZIE,137.00
245100451,Mocowanie tank ring PRO SW-MOTECH BMW R 1200,NADWOZIE,250.00
245100452,Mocowanie tank ring PRO SW-MOTECH BMW R 1200 R,NADWOZIE,250.00
245100455,Mocowanie tank ring PRO SW-MOTECH Kawasaki GPZ KLE ZR ZRX ZXR ZZR,NADWOZIE,137.00
245100457,Mocowanie tank ring PRO SW-MOTECH KTM Adventure SMT Super Duke,NADWOZIE,137.00
245100458,Mocowanie tank ring PRO SW-MOTECH Aprilia ETV Pegaso RS SL Tuono,NADWOZIE,137.00
245100459,Mocowanie tank ring PRO SW-MOTECH Moto Guzzi Breva 750 I.E.,NADWOZIE,137.00
245100460,Mocowanie tank ring PRO SW-MOTECH Cagiva Raptor 1000 V-Raptor X-TRA Raptor,NADWOZIE,137.00
245100461,Mocowanie tank ring PRO SW-MOTECH BMW F 650 700 800,NADWOZIE,250.00
245100462,Mocowanie tank ring PRO SW-MOTECH Ducati Monster 696 796 1100,NADWOZIE,250.00
245100463,Mocowanie tank ring PRO SW-MOTECH BMW G 650 GS,NADWOZIE,250.00
245100465,Mocowanie tank ring PRO SW-MOTECH Honda CB 500 F,NADWOZIE,250.00
245100466,Mocowanie tank ring PRO SW-MOTECH Yamaha MT-07,NADWOZIE,250.00
245100467,Mocowanie tank ring PRO SW-MOTECH KTM Duke 390 ABS,NADWOZIE,137.00
245100469,Mocowanie tank ring PRO SW-MOTECH Honda CB 500 X ABS  NX 500 A,NADWOZIE,227.00
245100470,Mocowanie tank ring PRO SW-MOTECH Yamaha XJR 1300,NADWOZIE,205.00
245100474,Mocowanie tank ring PRO SW-MOTECH Honda CB 1000 R Neo Sports Cafe ABS,NADWOZIE,137.00
245100479,Mocowanie tank ring PRO SW-MOTECH Yamaha MT-09 ABS,NADWOZIE,182.00
245100481,Mocowanie tank ring PRO SW-MOTECH Kawasaki EX H2 KLE KLZ Ninja Z ZX-6,NADWOZIE,250.00
245100484,Mocowanie tank ring PRO SW-MOTECH Yamaha MT-07 ABS,NADWOZIE,250.00
245100486,Mocowanie tank ring PRO SW-MOTECH Moto Guzzi V85 850 TT,NADWOZIE,227.00
245100488,Mocowanie tank ring PRO SW-MOTECH Yamaha XTZ 690 700,NADWOZIE,250.00
245100490,Mocowanie tank ring PRO SW-MOTECH KTM Super Adventure 1290,NADWOZIE,137.00
245100491,Mocowanie tank ring PRO SW-MOTECH Yamaha MT-07 ABS,NADWOZIE,250.00
245100495,Mocowanie tank ring PRO SW-MOTECH Royal Enfield Himalayan 400 411,NADWOZIE,137.00
245100496,Mocowanie tank ring PRO SW-MOTECH Yamaha YZF-R7 ABS,NADWOZIE,137.00
245100500,Mocowanie tank ring PRO SW-MOTECH Ducati Desert X 950 ABS,NADWOZIE,273.00
245100502,Mocowanie tank ring PRO SW-MOTECH Kawasaki EX 400 ABS,NADWOZIE,227.00
245100503,Mocowanie tank ring PRO SW-MOTECH Yamaha MT-09 XSR 125 ABS,NADWOZIE,250.00
245200718,Mocowanie tank ring ION SW-MOTECH Kawasaki GPZ KLE ZR ZRX ZX ZZR,NADWOZIE,69.00
245235813,Mocowanie tank ring ION SW-MOTECH BMW F 650 700 800,NADWOZIE,182.00
245240590,Mocowanie tank ring ION SW-MOTECH Honda CB CBF CBR VFR,NADWOZIE,91.00
245242831,Mocowanie tank ring ION SW-MOTECH Yamaha MT XSR YZF-R Benelli Leoncino,NADWOZIE,114.00
246319522,Mocowanie tank ring PRO SW-MOTECH Suzuki DL 1000 GSX-8S 800 V-STROM 800,NADWOZIE,137.00
247924527,"Lampy przód lampa Yamaha Raptor 350 YFZ 450 5TG843100300 , 5TG841660100",Raptor 350,650.00
247927647,"PRAWA PRZEDNIA LAMPA YAMAHA YFM RAPTOR 250 350 YFZ 450  5TG843100300 , 5TG841660100",Raptor 350,499.00
247980731,Osłona silnika dekiel lewy Yamaha Raptor YFM 350 3GD-15411-00-00,Raptor 350,149.00
247992228,Zacisk hamulcowy lewy przód Yamaha Raptor YFM 700 1S3-2580T-01-00,Raptor 700,399.00
247999772,Piasta koła przedniego z tarczą hamulcową Yamaha Raptor YFM 700 1PE-F5111-00-00,Raptor 700,449.00
248116867,Lampa tył tylna hologacja Polaris Sportsman 5858270,Brak danych,329.00
248122989,Obudowa lampy centralnej Polaris Sportsman 500 HO 5437306,Brak danych,349.00
248130094,Lampa centralna Polaris Sportsman 500 HO 2410429,Brak danych,449.00
248160779,Obudowa lampy centralnej Polaris Sportsman 500 HO 5436747-070,SPORTSMAN,299.00
248178206,Piasta tylna Polaris Sportsman 500 EFI HO 5135657,SPORTSMAN,299.00
248410543,Wypełnienie wewnętrzne ramy prawe Kawasaki Z900 14093-0918,Kawasaki,189.00
248411353,Lewa osłona Kawasaki Z900 14093-0917,Motocykle,149.00
248412598,Osłona podnóżka kierowcy Kawasaki Z900,Motocykle,59.00
248413117,Osłona zębatki przedniej Kawasaki Z900 14026-0132,Kawasaki,59.00
248413546,Zawias siedzenia pasażera Kawasaki Z900 32046-0401,Kawasaki,49.00
248413997,Oska koła tylnego Kawasaki Z900 41068-0619,Kawasaki,190.00
248414344,Mocowanie siedzenia kierowcy Kawasaki Z900 32046-0418,Kawasaki,149.00
248415041,Wypełnienie plastikowe ramy Kawasaki Z900 36001-0686,Kawasaki,250.00
248415633,Wypełnienie plastikowe ramy Kawasaki Z900,Kawasaki,199.00
248418605,Osłona lewa plastikowa Kawasaki Z900 55028-0708,Kawasaki,129.00
248419204,Pompa ABS Kawasaki Z900 43080-0130-DJ,Kawasaki,249.00
248419719,Uchwyt mocowanie Kawasaki Z900,Kawasaki,149.00
248420049,Prawy plastik Kawasaki Z900 55028-0709,Motocykle,149.00
248420425,Osłona stacyjki Kawasaki Z900 51026-0013,Motocykle,59.00
248420848,Pompa paliwa Kawasaki Z900 49040-0756,Motocykle,689.00
248421201,Zamek siedzenia Kawasaki Z900,Kawasaki,59.00
248421855,Dźwignia sprzęgła uchwyt dźwigni Kawasaki Z900 46076-0122,Kawasaki,299.00
248422188,Wydech końcowy tłumik Kawasaki Z900 49069-0823,Kawasaki,900.00
248426354,Zbiorniczek wyrównawczy płynu Kawasaki Z900 43093-0005,Kawasaki,129.00
248426721,Tarcza ABS Kawasaki Z900 21007-0660,Kawasaki,90.00
248427216,Nóżka boczna Kawasaki Z900 34024-0141-18R,Kawasaki,99.00
248427653,Osłona wydechu Kawasaki Z900 55020-1967,Kawasaki,150.00
248427788,Panel wewnętrzny Kawasaki Z900 1WS-2836L-00,Motocykle,129.00
248428006,Osłona plastikowa ramy Kawasaki Z 900 14093-5194,Motocykle,289.00
248428324,Mocowanie silnika górne lewe Kawasaki Z900 32190-0721-18R,Kawasaki,189.00
248429668,Zacisk hamulcowy lewy przód Kawasaki Z900 43080-0130-DJ,Kawasaki,99.00
248430234,Prawa łapa silnika mocowanie Kawasaki Z900 32190-0722-18R,Kawasaki,179.00
248434488,Pokrywa plastikowa Yamaha MT07 2014 1WS-2171E-00,Yamaha,249.00
248434900,Pompa paliwa Yamaha MT07 2014 1WS-13907-10-00,Yamaha,490.00
248435954,Wypełnienie plastikowe Yamaha MT07 2014 1WS-2171A-00,Yamaha,150.00
248436198,Set lewy przód Yamaha MT07,Yamaha,249.00
248442550,Osłona plastikowa zbiornika Yamaha MT07 1WS-2464E-00-00,Yamaha,149.00
248444544,"Kompletny rozrząd KTM Sxf 250 Sx-f 350 79236013100 , 79236001000 , 79236002000 , 77236005000",-KTM,249.00
248445324,Drążek kierowniczy Can Am Outlander 400 709400487,Outlander,149.00
248445852,"Amortyzator przedni Can Am Outlander 400 706200658 , 706200501",Outlander,490.00
248583013,FILTR POWIETRZA CF MOTO 400 500 600 800 0800-112000-20010 QUAD ATV,Filtry - CF MOTO,129.00
248678041,"Dolny sworzeń wahacza przód CF MOTO 450,520, 550, 600, 625,850,1000 9010-050800-2000",Układ napędowy - CF MOTO,129.00
248705561,"Końcówka drążka sterowniczego CF MOTO Z FORCE 800 , 1000 , UTV 800 , 1000 9060-101170",Układ napędowy - CF MOTO,113.01
248712147,Zawias górny prawy CF MOTO Z FORCE 1000 5BY0-372005,nadwozie CF MOTO,89.00
248712924,"Atrapa , gril przód czerwony Zforce 800 , Zforce 1000 7000-042612-0R40",Układ napędowy - CF MOTO,359.00
249279953,Wypełnienie zewnętrzne czerwone drzwi prawych  CFMoto Zforce 1000 5BY0-372001-OR400,nadwozie CF MOTO,399.00
249289929,"Adapter mocowanie kufra stelaż metalowy CF MOTO 450 , 520 , 625 9DQV-809100-3000",nadwozie CF MOTO,49.00
249391261,"Filtr powietrza CF MOTO Zforce 1000 , 1000R 0JYA-112000-30001",Filtry - CF MOTO,159.00
249394045,"Filtr powietrza CF MOTO UForce 1000 ,UTV 1000 0JYA-111130-10000",Filtry - CF MOTO,159.00
249781408,Kołki montażowe 12 szt Quad Logic,NADWOZIE,56.00
249781409,Przedni zderzak Quad Logic Polaris Sportsman 570 4X4,NADWOZIE,1971.00
249781411,Pompa hamulcowa Quad Logic Polaris  QUAD ATV,NADWOZIE,823.00
249781412,Pompa hamulcowa tył Quad Logic Polaris QUAD ATV,NADWOZIE,686.00
249781413,Pompa hamulcowa Quad Logic Polaris Sportsman Worker,NADWOZIE,514.00
249781414,Pompa hamulcowa Quad Logic Polaris,NADWOZIE,823.00
249781417,Dźwignia przepustnicy Quad Logic Polaris,NADWOZIE,258.00
249781429,Korek spustowy oleju przekładni przód Quad Logic Polaris,NADWOZIE,151.00
249781435,Korek spustowy oleju silnika Quad Logic Polaris,NADWOZIE,151.00
249781436,Wirnik pompy wody Quad Logic Polaris,NADWOZIE,303.00
249781438,Wirnik pompy wody Quad Logic Polaris Ranger RZR Sportsman 700 800,NADWOZIE,303.00
249781444,Króciec gaźnika Quad Logic Polaris Scrambler Sportsman Worker 500,NADWOZIE,221.00
249781453,Króciec gaźnika Quad Logic Polaris Sportsman Ace 570,NADWOZIE,221.00
249781475,Zacisk hamulca przedni prawy Quad Logic Polaris,NADWOZIE,616.00
249781476,Zacisk hamulca przedni lewy Quad Logic Polaris,NADWOZIE,616.00
249781478,Zacisk hamulca przedni prawy Quad Logic Arctic Cat,NADWOZIE,821.00
249781480,Przełącznik wentylatora Quad Logic Polaris,NADWOZIE,253.00
249781482,Przełącznik wentylatora Quad Logic Polaris,NADWOZIE,253.00
249781484,Przełącznik wentylatora Quad Logic Polaris,NADWOZIE,253.00
249781486,Przełącznik wentylatora Quad Logic Polaris Magnum Scrambler Sportsman,NADWOZIE,253.00
249781488,Czujnik temperatury Quad Logic Polaris,NADWOZIE,253.00
249781489,Czujnik temperatury wody Quad Logic Polaris,NADWOZIE,253.00
249781493,Czujnik prędkościomierza Quad Logic Polaris Magnum Sportsman,NADWOZIE,670.00
249781497,Czujnik prędkościomierza Quad Logic Polaris,NADWOZIE,372.00
249781500,Korek krzyżaka Quad Logic modele Polaris,NADWOZIE,63.00
249781502,Przewód do tyłnej klapy Quad Logic Polaris General 1000 Ranger,NADWOZIE,132.00
249781504,Przewód do tyłnej klapy Quad Logic Polaris Brutus Ranger  900 1000,NADWOZIE,132.00
249840146,Korek odpływu Quad Logic Polaris RZR XP 4 1000 General 4 1000,NADWOZIE,103.00
249848143,Zderzak rurowy tył Quad Logic Polaris Sportsman 400 450 500 570 800,NADWOZIE,608.00
249868762,Dźwignia przepustnicy Quad Logic Polaris Sportsman 550 570 850,NADWOZIE,258.00
249919617,Zawór paliwa Quad Logic Polaris,NADWOZIE,102.00
249924906,Zawór paliwa Quad Logic Polaris Hawkeye 400 Sportsman 500,NADWOZIE,102.00
249926866,Zawór paliwa Quad Logic Polaris 300 Big Boss Scrambler Sport Trail,NADWOZIE,118.00
250053960,Korek spustowy oleju przekładni przód Quad Logic Polaris Ranger Sportsman,NADWOZIE,151.00
250056255,Korek spustowy oleju przekładni Quad Logic Polaris General Sportsman,NADWOZIE,151.00
250068814,Króciec gaźnika Quad Logic Polaris Sportsman 800 EFI,NADWOZIE,221.00
250069365,Króciec gaźnika Quad Logic Polaris,NADWOZIE,221.00
250072654,Króciec gaźnika Quad Logic Polaris Magnum 325,NADWOZIE,104.00
250073055,Gumowa osłona sprzęgła Quad Logic Can Am Outlander 400 500 650 800,NADWOZIE,79.00
250090020,Dźwignia zmiany biegów Quad Logic Polaris Magmum 330 Sportsman,NADWOZIE,150.00
250090247,Dźwignia zmiany biegów Quad Logic Polaris Hawkeye Sportsman,NADWOZIE,150.00
250090354,Dźwignia zmiany biegów Quad Logic Polaris Magnum 325 500 Xplorer 300 400,NADWOZIE,150.00
250091712,Wspornik dźwigni zmiany biegów Quad Logic Can Am Renegade,NADWOZIE,300.00
250445333,Zamek zatrzask schowka bagażnika Quad Logic Polaris Sportsman 500 HO 550 EFI 850,NADWOZIE,130.00
250732397,Króciec gaźnika przepustnicy Polaris Sportsman 500 HO 3085809,SPORTSMAN,190.00
250732400,Przełącznik awaryjnych Polaris Sportsman 500 HO 800,Używane,99.00
250732403,Plastik lewy osłona chłodnicy boczek Triumph Tiger 2308787,Używane,199.00
252993164,Sworzeń Wahacza Dolny CF MOTO 500 520 450 550 600 625 800 820 850 1000 9010-050800-20000,Układ napędowy - CF MOTO,119.00
253620079,Hak wyciągarki WARN,NADWOZIE,352.00
253620081,Lina stalowa do wyciągarki WARN,NADWOZIE,801.00
253620082,Lina stalowa do wyciągarki WARN,NADWOZIE,409.00
253620083,Lina stalowa do wyciągarki WARN,NADWOZIE,875.00
253620084,Lina syntetyczna + rolki do wyciągarek WARN,NADWOZIE,911.00
253620086,"Lina syntetyczna 15,2 m wyciągarki WARN",NADWOZIE,989.00
253620089,Przedłużenie liny syntetycznej wyciągarki WARN,NADWOZIE,1146.00
253620091,Odbojnik poduszka liny wyciągarki WARN,NADWOZIE,84.00
253620092,Okablowanie wciągarki 175A WARN,NADWOZIE,888.00
253620093,Okablowanie wciągarki 50A WARN,NADWOZIE,758.00
253620094,Pas do drzewa do wyciągarki Premium WARN,NADWOZIE,577.00
253620098,Płyta adaptera do wyciągarki mały WARN,NADWOZIE,134.00
253620099,Przekaźnik do wyciągarki 12V WARN,NADWOZIE,446.00
253620100,Przełącznik pilot do zdalnego sterowania wyciągarki WARN,NADWOZIE,534.00
253620102,Przełącznik pilot do zdalnego sterowania wyciągarki WARN,NADWOZIE,1078.00
253620103,Przełącznik pilot do zdalnego sterowania wyciągarki WARN,NADWOZIE,624.00
253620105,Przełącznik wciągarki Dash Rocker z okablowaniem WARN,NADWOZIE,343.00
253620106,Przewody do relokacji akumulatora przedłużone WARN,NADWOZIE,909.00
253620109,Rolka wciągarki krótka stalowa WARN,NADWOZIE,283.00
253620111,Szekla wyciągarki Premium WARN,NADWOZIE,278.00
253620112,Szekla wyciągarki stalowa WARN,NADWOZIE,202.00
253620114,Ślizg liny długi do wyciągarki WARN,NADWOZIE,368.00
253620115,Ślizg liny krótki do wyciągarki WARN,NADWOZIE,351.00
253620116,Uchwyt wyciągarki WARN VRX 25 VRX 35,NADWOZIE,781.00
253620117,Uchwyt wyciągarki WARN VRX45,NADWOZIE,1355.00
253620119,Wyciągarka WARN Axon 35,NADWOZIE,3658.00
253620120,Wyciągarka WARN Axon 35-S,NADWOZIE,4227.00
253620121,Wyciągarka WARN Axon 45,NADWOZIE,4128.00
253620122,Wyciągarka WARN Axon 45RC QUAD ATV,NADWOZIE,5067.00
253620123,Wyciągarka WARN Axon 45-S,NADWOZIE,5148.00
253620125,Wyciągarka WARN Axon 55,NADWOZIE,5365.00
253620126,Wyciągarka WARN Axon 55-S,NADWOZIE,5906.00
253620127,Wyciągarka WARN VRX 25,NADWOZIE,1920.00
253620128,Wyciągarka WARN VRX 25-S,NADWOZIE,2764.00
253620130,Wyciągarka WARN VRX 35,NADWOZIE,2710.00
253620131,Wyciągarka WARN VRX 35-S,NADWOZIE,3251.00
253620132,Wyciągarka WARN VRX 45,NADWOZIE,3197.00
253620136,Zblocze do wyciągarki WARN,NADWOZIE,336.00
253620137,Zestaw do montażu wyciągarki WARN Arctic Cat (Textron) Alterra 400 4X4,NADWOZIE,552.00
253620138,Zestaw do montażu wyciągarki WARN Arctic Cat (Textron) Prowler 500 EFI 4X4,NADWOZIE,525.00
253620140,Zestaw do montażu wyciągarki WARN Arctic Cat Wildcat 1000,NADWOZIE,1301.00
253620143,Zestaw do montażu wyciągarki WARN Can Am (BRP) Renegade 570 850 1000 EFI 4X4,NADWOZIE,828.00
253620146,Zestaw do montażu wyciągarki WARN Polaris Ranger 1000 4X4,NADWOZIE,601.00
253620147,Zestaw do montażu wyciągarki WARN Yamaha YXM 700,NADWOZIE,601.00
253620149,Zestaw do montażu wyciągarki WARN Honda SXS 1000 M3P 4X4,NADWOZIE,525.00
253620151,Zestaw do montażu wyciągarki WARN Honda SXS 500 M2 4X4,NADWOZIE,577.00
253620153,Zestaw do montażu wyciągarki WARN Kawasaki KAF 820 1000,NADWOZIE,934.00
253620154,Zestaw do montażu wyciągarki WARN Kawasaki KAF 400,NADWOZIE,601.00
253620158,Zestaw do montażu wyciągarki WARN Polaris ACE 500 4X4,NADWOZIE,601.00
253620159,Zestaw do montażu wyciągarki WARN Polaris General 1000  Ranger RZR 900,NADWOZIE,601.00
253620160,Zestaw do montażu wyciągarki WARN Polaris Ranger 570 900 1000,NADWOZIE,601.00
253620162,Zestaw do montażu wyciągarki WARN Polaris Ranger 500 570 EV,NADWOZIE,601.00
253620163,Zestaw do montażu wyciągarki WARN Polaris Ranger RZR 570 800,NADWOZIE,577.00
253620164,Zestaw do montażu wyciągarki WARN Polaris RZR PRO XP 1000 Turbo 4X4,NADWOZIE,963.00
253620166,Zestaw do montażu wyciągarki WARN Suzuki LT-A LT-F  400,NADWOZIE,525.00
253638667,"Felga tył Yamaha Raptor 9x8.5AT, YFZ nr2 5LP-F5390-29-00",Raptor 350,300.00
253638668,"Felga tył Yamaha Raptor 9x8.5AT, YFZ nr1 5LP-F5390-29-00",Raptor 350,350.00
253638669,"Felga tył Yamaha Raptor 9x8.5AT, YFZ nr3  5LP-F5390-29-00",Raptor 350,350.00
253638670,"Felga tył Yamaha Raptor 9x8.0AT, YFZ nr4  5LP-F5390-29-00",Raptor 350,390.00
253638671,"Felga tył Yamaha Raptor , YFZ nr5  5LP-F5390-29-00",Raptor 350,350.00
253638672,"Felga tył 9x8.5AT Yamaha Raptor, YFZ nr6 5LP-F5390-29-00",Raptor 350,350.00
253638673,"Felga przód Polaris Sportsman 12X6.0AT 5412660 , 1523448-067",SPORTSMAN,250.00
253638674,Felga tył Polaris Sportsman 12X8.0AT 1523450-067,SPORTSMAN,200.00
253656221,FILTR POWIETRZA HFF4024 HIFLOFILTRO YAMAHA GRIZZLY 660,Filtry powietrza,67.50
253660850,FILTR POWIETRZA HFF4024 HIFLOFILTRO YAMAHA YFM350,Filtry powietrza,67.50
253662292,HIFLO FILTR POWIETRZA HFF3023 SUZUKI LTR 450,Brak danych,68.00
253767323,FILTR POWIETRZA HFF3022 HIFLOFILTRO Suzuki King Quad,Filtry powietrza,67.50
254110702,Dekiel nakładka koła ITP B110CY centralna,NADWOZIE,29.00
254110706,Dekiel nakładka koła ITP SS112 4/156 chrom,NADWOZIE,40.00
254110713,Felga ITP Delta 12x7 cali rozstaw 4/110 ET 2+5,NADWOZIE,267.00
254110714,Felga ITP Delta 12x7 cali rozstaw 4/110 ET 2+5,NADWOZIE,297.00
254110720,Felga ITP Delta 12x7 cali rozstaw 4/137 ET 2+5,NADWOZIE,267.00
254110721,Felga ITP Delta 12x7 cali rozstaw 4/137 ET 2+5,NADWOZIE,270.00
254110722,Felga ITP Delta 12x7 cali rozstaw 4/137 ET 4+3,NADWOZIE,288.00
254110726,Felga ITP Delta 12x7 cali rozstaw 4/156 ET 4+3,NADWOZIE,276.00
254110731,Felga ITP Delta 14x7 cali rozstaw 4/156 ET 4+3,NADWOZIE,399.00
254110736,Felga ITP Inertia 14x7 4/137 ET 5+2,NADWOZIE,1057.00
254110744,Felga ITP Inertia 15x7 4/137 ET 5+2,NADWOZIE,947.00
254110745,Felga ITP Inertia 15x7 4/137 ET 5+2,NADWOZIE,1110.00
254110747,Felga ITP Inertia 15x7 4/137 ET 6+1,NADWOZIE,841.00
254110750,Felga ITP Inertia 15x7 4/156 ET 5+2,NADWOZIE,1041.00
254110753,Klucz do nakrętek ITP ALUG20BX,NADWOZIE,22.00
254110757,Nakrętki koła ITP 3/8 -24 stożkowe chrom 16 szt,NADWOZIE,97.00
254110758,Nakrętki koła ITP M10x1.25 czarne 16 szt,NADWOZIE,70.00
254110763,Nakrętki koła ITP M10x1.25 stożkowe chrom 16 szt,NADWOZIE,110.00
254110771,Nakrętki koła ITP M12x1.5 stożkowe chrom 16 szt,NADWOZIE,95.00
254110774,Opona ITP Black Water Evolution 28x9R14 TL 8PR NHS,NADWOZIE,1046.00
254110794,Opona ITP Coyote 32x10-15 TL 8PR,NADWOZIE,1279.00
254110799,Opona ITP Cryptid 27x10-14 83D 6P0775 6PR TL NHS,NADWOZIE,949.00
254110800,Opona ITP Cryptid 28x10-14 85D 6P0776 6PR TL NHS,NADWOZIE,1019.00
254110802,Opona ITP Cryptid 30x10-14 6P0347 NHS,NADWOZIE,1204.00
254110807,Opona ITP Cryptid Utility tył 32x10-16 6P0348 TL 6PR,NADWOZIE,1207.00
254110821,Opona ITP HOLESHOT GNCC 21x7-10 30F TL 6PR tył,NADWOZIE,562.00
254110829,Opona ITP HOLESHOT MXR6 20x6-10 22F TL 2PR przód,NADWOZIE,416.00
254110832,Opona ITP Holeshot XCT 22x11-9 6PR NHS tył 532038,NADWOZIE,655.00
254110836,Opona ITP HOLESHOT XCR 21x7-10 30F 6PR przód,NADWOZIE,494.00
254110839,Opona ITP HOLESHOT XCT 23x7-10 36F TL 4PR przód,NADWOZIE,489.00
254110844,Opona ITP Mega Mayhem 27x11-12 6PR NHS 6P0037,NADWOZIE,763.00
254110845,Opona ITP Mega Mayhem 27x11-14 56F 6PR 6P0033,NADWOZIE,815.00
254110849,Opona ITP Mega Mayhem 27x9-14 50F 6PR 6P0032,NADWOZIE,798.00
254110850,Opona ITP Mega Mayhem 28x11-14 58F 6PR 6P0044,NADWOZIE,872.00
254110852,Opona ITP Mega Mayhem 28x9-14 6PR NHS 6P0052,NADWOZIE,858.00
254110855,Opona ITP MT911 30x10-14 8PR NHS TL 6P1936,NADWOZIE,1488.00
254110857,Opona ITP MT911 30X10-15 8PR NHS TL 6P1937,NADWOZIE,1524.00
254110860,Opona ITP Mud Lite AT 22x11-8 6PR TL NHS 56A387,NADWOZIE,463.00
254110862,Opona ITP Mud Lite AT 22x11-9 41F TL 6PR 56A388,NADWOZIE,470.00
254110866,Opona ITP Mud Lite AT 23x10-10 TL 56F 6PR 56A327,NADWOZIE,455.00
254110870,Opona ITP Mud Lite AT 23x8-11 TL 38F 6PR 56A304,NADWOZIE,402.00
254110873,Opona ITP Mud Lite AT 24x11-10 TL 52F 6PR 56A305,NADWOZIE,484.00
254110879,Opona ITP Mud Lite AT 25x11-10 TL 53F 6PR 56A308,NADWOZIE,525.00
254110886,Opona ITP Mud Lite AT/XL 24x8-12 TL 40F 6PR 560430,NADWOZIE,441.00
254110909,Opona ITP Mud Lite XL 25x10-12 TL 75F 6PR NHS 560364,NADWOZIE,649.00
254110917,Opona ITP Mud Lite XL 26x12-12 58F TL 6PR E-MARLED 5EA361,NADWOZIE,726.00
254110920,Opona ITP Mud Lite XL 27x10-12 255/75-12 TL 60L 4PR M+S E - 5EA345,NADWOZIE,696.00
254110927,Opona ITP Mud Lite XL 28x10-14 TL 80F 6PR 560494,NADWOZIE,794.00
254110929,Opona ITP Mud Lite XL 28x12-12 TL 87F 6PR M+S NHS 56A350,NADWOZIE,823.00
254110932,Opona ITP Mud Lite XTR 25x10R12 255/65R12 TL 41N 6PR M+S E 5E0399,NADWOZIE,914.00
254110940,Opona ITP Mud Lite XTR 27x11R-14 81F TL 6PR 560372,NADWOZIE,1097.00
254110943,Opona ITP Mud Lite XTR 27x9R14 TL 75F 6PR NHS 560373,NADWOZIE,1000.00
254110945,Opona ITP Mud Lite XXL 30x10-12 TL 86F 6PR NHS 560401 przód,NADWOZIE,1014.00
254110948,Opona ITP Mud Lite XXL 30x12-12 TL 90F 6PR NHS 560419 tył,NADWOZIE,1122.00
254110961,Opona ITP Terra Hook 26x11-12 280/65R12 TL 68M 8PR 6P0940,NADWOZIE,907.00
254110963,Opona ITP Terra Hook 26x9-12 TL 61M 8PR 6P0939,NADWOZIE,926.00
254110969,Opona ITP Terra Hook 28x9-14 TL 64M 8PR 6P0943,NADWOZIE,933.00
254110971,Opona ITP Terra Hook 30x10R14 255/80R14 71M 8PR TL E 6P0945,NADWOZIE,993.00
254110976,Pierścień do kół ITP Beadlock Veloci tył 15” czarny,NADWOZIE,255.00
256611898,Felga ITP Cyclone 14x7 cali rozstaw 4/110 ET 5+2,NADWOZIE,628.00
256611899,Felga ITP Cyclone 14x7 cali rozstaw 4/137 ET 5+2,NADWOZIE,691.00
256611901,Felga ITP Cyclone 14x7 cali rozstaw 4/156 ET 5+2,NADWOZIE,665.00
256611905,Felga ITP Cyclone 15x7 cali rozstaw 4/137 ET 5+2,NADWOZIE,790.00
256611907,Felga ITP Cyclone 15x7 cali rozstaw 4/156 ET 5+2,NADWOZIE,791.00
256611913,Felga ITP Hurricane 12x7 cali rozstaw 4/156 ET 4+3,NADWOZIE,521.00
256611914,Felga ITP Hurricane 14x7 cali rozstaw 4/110 ET 2+5,NADWOZIE,671.00
256611925,Felga ITP Hurricane 14x7 cali rozstaw 4/156 ET 4+3,NADWOZIE,699.00
256611937,Felga ITP Momentum 14x7 cali rozstaw 4/110 4+3,NADWOZIE,1117.00
256611938,Felga ITP Momentum 14x7 cali rozstaw 4/137 5+2,NADWOZIE,1117.00
256611943,Felga ITP Momentum 15x7 cali rozstaw 4/137 5+2,NADWOZIE,1205.00
256611944,Felga ITP Momentum 15x7 cali rozstaw 4/156 5+2,NADWOZIE,1205.00
256611952,Felga ITP SS112 Sport 10x5 cali rozstaw 4/144 ET 3+2,NADWOZIE,357.00
256974433,Felga ITP SS112 Sport 10x5 cali rozstaw 4/156 ET 3+2,NADWOZIE,447.00
256974436,Felga ITP SS112 Sport 10x8 cali rozstaw 4/115 ET 3+5,NADWOZIE,504.00
256974438,Felga ITP SS112 Sport 10x8 cali rozstaw 4/115 ET 3+5,NADWOZIE,425.00
256974440,Felga ITP SS112 Sport 9x8 cali rozstaw 4/110 ET 3+5,NADWOZIE,490.00
256974451,Felga ITP SS212 14x6 cali rozstaw 4/110 ET 4+2,NADWOZIE,628.00
256974454,Felga ITP SS212 14x6 cali rozstaw 4/137 ET 4+2,NADWOZIE,689.00
256974456,Felga ITP SS212 14x6 cali rozstaw 4/137 ET 4+2,NADWOZIE,632.00
256974462,Felga ITP SS212 14x8 cali rozstaw 4/110 ET 3+5,NADWOZIE,591.00
256974464,Felga ITP SS212 14x8 cali rozstaw 4/110 ET 5+3,NADWOZIE,659.00
256974465,Felga ITP SS212 14x8 cali rozstaw 4/137 ET 5+3,NADWOZIE,667.00
256974466,Felga ITP SS212 14x8 cali rozstaw 4/137 ET 5+3,NADWOZIE,652.00
256974467,Felga ITP SS212 14x8 cali rozstaw 4/137 ET 5+3,NADWOZIE,645.00
256974474,Felga ITP SS212 15x7 cali rozstaw 4/137 ET 5+2,NADWOZIE,687.00
256974475,Felga ITP SS212 15x7 cali rozstaw 4/156 12mm ET 4+3,NADWOZIE,751.00
256974479,Felga ITP SS312 14x6 cali rozstaw 4/110 ET 4+2,NADWOZIE,628.00
256974480,Felga ITP SS312 14x6 cali rozstaw 4/137 12mm ET 4+2,NADWOZIE,611.00
256974481,Felga ITP SS312 14x6 cali rozstaw 4/137 ET 4+2,NADWOZIE,564.00
256974482,Felga ITP SS312 14x8 cali rozstaw 4/110 ET 3+5,NADWOZIE,591.00
256974483,Felga ITP SS312 14x8 cali rozstaw 4/110 ET 5+3,NADWOZIE,740.00
256974484,Felga ITP SS312 14x8 cali rozstaw 4/137 12mm ET 5+3,NADWOZIE,664.00
256974487,Felga ITP Tornado 14x7 cali rozstaw 4/110 ET 2+5,NADWOZIE,736.00
256974488,Felga ITP Tornado 14x7 cali rozstaw 4/137 ET 5+2,NADWOZIE,733.00
256974490,Felga ITP Tornado 14x7 cali rozstaw 4/156 ET 4+3,NADWOZIE,710.00
256974493,Felga ITP Tornado 15x7 cali rozstaw 4/156 ET 4+3,NADWOZIE,847.00
256974494,Felga ITP Tornado 17x7 cali rozstaw 4/110 ET 5+2,NADWOZIE,1039.00
256974496,Felga ITP Tornado 17x7 cali rozstaw 4/115 ET 5+2,NADWOZIE,381.00
256974505,Felga ITP Twister 14x7 cali rozstaw 4/137 ET 5+2,NADWOZIE,483.00
256974513,Opona ITP Sand Star 26x11-12 TL 2PLY lewy tył 5000766,NADWOZIE,680.00
256974517,Opona ITP Terra Cross R/T 26x11R14 280/55R14 87N 6PR TL M+S E 5E0412,NADWOZIE,902.00
256974527,Opona ITP Ultracross 28x10-12 TL 95F 8PLY 6P0253,NADWOZIE,762.00
256974530,Opona ITP Ultracross 30x10-15 TL 8PR 6P0255,NADWOZIE,1144.00
258558850,Rozsiewacz ATV Moose Utility,NADWOZIE,3888.00
258558851,"Opryskiwacz ATV Moose Utility 94,6 litrów zestaw",NADWOZIE,1620.00
258558854,"Opryskiwacz ATV Moose Utility 94,6 litrów zestaw",NADWOZIE,1998.00
258558855,Opryskiwacz z trzema dyszami ATV Moose Utility,NADWOZIE,2106.00
258558860,Termostat 400/500 Moose Utility POLARIS,NADWOZIE,195.00
258558861,Wysięgnik opryskiwacza ATV Moose Utility,NADWOZIE,1782.00
258558864,Termostat 600/700/800 Moose Utility POLARIS,NADWOZIE,195.00
258558866,Wysięgnik opryskiwacza ATV Moose Utility,NADWOZIE,2268.00
258558870,Alarm biegu wstecznego Moose Utility,NADWOZIE,108.00
258558873,Tylny kufer bagażnika ATV Moose Utility,NADWOZIE,1944.00
258558876,Łożysko igiełkowe z koszykiem aluminiowym Moose Utility,NADWOZIE,1161.00
258558878,Łożysko igiełkowe z koszykiem aluminiowym Moose Utility,NADWOZIE,1161.00
258558880,Łożysko igiełkowe z koszykiem aluminiowym Moose Utility,NADWOZIE,1161.00
258558881,Łożysko igiełkowe z koszykiem aluminiowym Moose Utility,NADWOZIE,1269.00
258558883,Najazd aluminiowy składany dla motocykli / quadów Moose Utility,NADWOZIE,1512.00
258558886,Płyta uzwojenia Moose Utility,NADWOZIE,216.00
258558891,Podgrzewacz rąk kciuka Moose Utility,NADWOZIE,195.00
258558893,Podgrzewacz kciuka Moose Utility,NADWOZIE,378.00
258558895,Zestaw do podgrzewania kciuka ATV Moose Utility uniwersalny,NADWOZIE,297.00
258558898,Stojak uchwyt podwójny na broń Moose Utility Axis,NADWOZIE,216.00
258558921,Półoś napędowa Moose Utility przód prawa CF Moto Zforce 800 EX 4X4,NADWOZIE,999.00
258558922,Półoś napędowa Moose Utility przód lewa CF Moto Zforce 800 EX 4X4,NADWOZIE,999.00
258558939,Półoś napędowa Moose Utility środkowa tył Polaris Sportsman 450 570,NADWOZIE,999.00
258558945,Półoś napędowa Moose Utility przód Polaris Ace 900 XC 4X4,NADWOZIE,1080.00
258558954,Półoś napędowa Moose Utility tył Polaris Ranger XP 900 1000,NADWOZIE,1107.00
258558966,Półoś napędowa Moose Utility przód Yamaha YFM 350 FX 4X4,NADWOZIE,999.00
258558971,Półoś napędowa Moose Utility przód Yamaha YXE 850,NADWOZIE,1080.00
258558974,Półoś napędowa Moose Utility przód prawa Cf Moto Uforce 800 4X4,NADWOZIE,735.00
258558975,Półoś napędowa Moose przód lewa Cf Moto CF CFORCE Terralander 500 625 800,NADWOZIE,864.00
258558980,Półoś napędowa Moose Utility Cf Moto CF CFORCE  Terralander 500 800,NADWOZIE,891.00
259461893,Tylne okno zasłona kabiny UTV Moose Utility  Polaris Ranger RZR 570 4X4,NADWOZIE,967.00
259461896,Torba na bagażnik tylny + siedzenie pasażera ATV Moose Utility Ozark S18,NADWOZIE,810.00
259461899,Torba kufer tylny + siedzenie pasażera ATV Moose Utility Ridgetop S18,NADWOZIE,1080.00
259461903,Akumulator bezobsługowy AGM Moose Utility YTX7A-BS,NADWOZIE,223.00
259461907,Akumulator bezobsługowy AGM Moose Utility YTX12-BS,NADWOZIE,260.00
259461912,Akumulator bezobsługowy AGM Moose Utility YTX14-BS,NADWOZIE,340.00
259461921,Akumulator bezobsługowy AGM Moose Utility YTX20HL-BS,NADWOZIE,493.00
259461925,Łożysko podpory wału napędowego podpora Moose Utility Polaris General 1000,NADWOZIE,972.00
259461927,Łożysko sprzęgła jednokierunkowego Moose Utility Suzuki LT-A 400,NADWOZIE,486.00
259461929,Łożysko sprzęgła jednokierunkowego Moose Utility Honda ATC 250,NADWOZIE,421.00
259461932,Łożysko sprzęgła jednokierunkowego Moose Utility Yamaha YFM 350,NADWOZIE,411.00
259461934,Łożysko sprzęgła jednokierunkowego Moose Utility Yamaha YFM 350,NADWOZIE,573.00
259461936,Łożysko sprzęgła jednokierunkowego Moose Utility Yamaha YFM 350,NADWOZIE,583.00
259461938,Mocowanie wyciągarki tylnej Moose Utility,NADWOZIE,794.00
259461943,Stojak uchwyt pojedynczy na broń ATV / UTV Moose Utility Big Horn,NADWOZIE,184.00
259461950,Opaska obejma zaciskowa Moose Utility 6 mm x 40 mm,NADWOZIE,11.00
259461954,Opaska obejma zaciskowa Moose Utility 6 mm x 482 mm aluminium,NADWOZIE,11.00
259461956,Zestaw opasek zaciskowych Moose Utility 6 mm x 482 mm aluminium 25 szt,NADWOZIE,205.00
259461960,Zestaw opasek zaciskowych Moose Utility  8 mm x 90 mm 25 sztuk,NADWOZIE,270.00
259461962,Opaski obejmy zaciskowe uniwersalne Moose Utility komplet,NADWOZIE,49.00
259461964,Osłona przegubu manszeta Moose Utility przód tył Polaris General 1000,NADWOZIE,130.00
259461967,Osłony przegubu manszeta Moose Utility przód tył Polaris General 1000,NADWOZIE,675.00
259461971,Sworznie zacisku hamulca Moose Utility Honda CR 125 R,NADWOZIE,60.00
259461973,Sworznie zacisku hamulca Moose Utility Honda ATC 200 X,NADWOZIE,60.00
259461975,Sworznie zacisku hamulca Moose Utility Honda ATC 200 X,NADWOZIE,65.00
259461977,Sworznie zacisku hamulca Moose Utility Honda CR 80 R,NADWOZIE,103.00
259461984,Tłoczek zacisku hamulcowego Moose Utility Kawasaki KVF 300 4X4,NADWOZIE,114.00
259461987,Tłoczek zacisku hamulcowego Moose Utility Suzuki LT-A 400,NADWOZIE,119.00
259461989,Tłoczek zacisku hamulcowego Moose Utility Suzuki LT-A 500 F 4X4,NADWOZIE,135.00
259461991,Tłoczek zacisku hamulcowego Moose Utility Yamaha YFM 550 4X4,NADWOZIE,211.00
259461993,Tłoczek zacisku hamulcowego Moose Utility Honda ATC 350 X,NADWOZIE,243.00
259462005,Zestaw naprawczy zacisku hamulcowego tył Moose Utility Yamaha YFM 350 FX,NADWOZIE,124.00
259462008,Zestaw naprawczy zacisku hamulcowego przód Moose Utility Yamaha YFM 600,NADWOZIE,135.00
259462025,Zestaw naprawczy zacisku hamulcowego tył Moose Utility Suzuki LT 230,NADWOZIE,173.00
259509162,Zestaw naprawczy zacisku hamulcowego przód Moose Suzuki LT-A 400 500 750,NADWOZIE,195.00
259509610,Zestaw naprawczy zacisku hamulcowego przód Moose Suzuki LT-Z LT-A LT-F 400,NADWOZIE,135.00
259510006,Zestaw naprawczy zacisku hamulcowego przód Moose Kawasaki KVF 300 360 400,NADWOZIE,92.00
259510467,Zestaw naprawczy zacisku hamulcowego przód Moose Honda TRX 250 300 400,NADWOZIE,173.00
259510689,Zestaw naprawczy zacisku hamulcowego przód Moose Suzuki LT-A 500 LT-R 450,NADWOZIE,162.00
259511029,Zestaw naprawczy zacisku hamulcowego przód Moose Yamaha YFZ 450 YFM 700,NADWOZIE,146.00
259511324,Zestaw naprawczy zacisku hamulcowego tył Moose Yamaha YFM 250 350 YFZ 450,NADWOZIE,119.00
259511495,Zestaw naprawczy zacisku hamulcowego tył Moose Yamaha YFM 400 450,NADWOZIE,162.00
259511669,Zestaw naprawczy zacisku hamulcowego tył Moose Utility Yamaha YFM 550 700,NADWOZIE,162.00
259511837,Zestaw naprawczy zacisku hamulcowego tył Moose Yamaha YFM 700 YXR 450 660,NADWOZIE,173.00
259512022,Zestaw naprawczy zacisku hamulcowego tył Moose Yamaha YFZ 450 YFM 700,NADWOZIE,173.00
261244874,Regulator ciśnienia oleju CF MOTO 800 0800-073000-20001,Układ paliwowy - CF MOTO,90.00
261244878,Kula haka CF MOTO 9010-205000-1000,nadwozie CF MOTO,149.00
261244888,Osłona Rąk Lewa Handbar CF MOTO 9AWA-1012A0,nadwozie CF MOTO,199.00
261257621,Klocki hamulcowe Moose Utility XCR Arctic Cat 400 2x4,NADWOZIE,135.00
261257630,Klocki hamulcowe Moose Utility XCR Polaris Sportsman 500,NADWOZIE,162.00
261257631,Klocki hamulcowe Moose Utility XCR Arctic Cat 400 4x4,NADWOZIE,162.00
261257633,Klocki hamulcowe przód Moose Utility XCR Yamaha YFM 250 R,NADWOZIE,162.00
261257634,Klocki hamulcowe przód Moose Utility XCR Polaris Outlaw 525,NADWOZIE,162.00
261257636,Klocki hamulcowe przód Moose Utility XCR Can Am Outlander 1000,NADWOZIE,162.00
261257637,Klocki hamulcowe Moose Utility XCR Can Am Outlander 1000,NADWOZIE,162.00
261257639,Klocki hamulcowe tył Moose Utility XCR Yamaha YFM 700,NADWOZIE,162.00
261257645,Klocki hamulcowe Moose Utility XCR Polaris General 1000,NADWOZIE,162.00
261257647,Klocki hamulcowe przód Moose Utility XCR Can Am Defender HD10 4X4,NADWOZIE,135.00
261257650,Klocki hamulcowe przód Moose Utility XCR Polaris RZR XP 1000 Turbo 4X4,NADWOZIE,162.00
261257652,Klocki hamulcowe tył Moose Utility XCR Can Am Defender HD10 4X4,NADWOZIE,135.00
261257656,Klocki hamulcowe tył Moose Utility XCR CF Moto Uforce 800 EFI 4X4,NADWOZIE,173.00
261257657,Klocki hamulcowe tył Moose Utility XCR Arctic Cat Wildcat 1000 EFI 4X4,NADWOZIE,162.00
261257659,Klocki hamulcowe tył Moose Utility XCR Yamaha YXZ 1000 R,NADWOZIE,135.00
261257660,Klocki hamulcowe przód Moose Utility XCR Suzuki LT-A 400 ASI 4X4,NADWOZIE,135.00
261257662,Klocki hamulcowe przód Moose Utility XCR CF Moto Cforce 500 4X4,NADWOZIE,135.00
261257664,Klocki hamulcowe przód Moose Utility XCR Kymco MXU 500 4X4,NADWOZIE,162.00
261257665,Klocki hamulcowe przód Moose Utility XCR Polaris Ranger RZR 900 4X4,NADWOZIE,162.00
261257667,Klocki hamulcowe Moose Utility XCR Can Am Commander 1000 EFI,NADWOZIE,162.00
261257671,Klocki hamulcowe Moose Utility XCR Polaris Ranger 1000 4X4,NADWOZIE,162.00
261257673,Szczęki hamulcowe Moose Utility Can Am DS 50 2X4,NADWOZIE,124.00
261257674,Szczęki hamulcowe Moose Utility Arctic Cat 90 2X4,NADWOZIE,162.00
261257676,Szczęki hamulcowe Moose Utility Yamaha TT-R 225,NADWOZIE,162.00
261257682,Szczęki hamulcowe przód Moose Utility Yamaha YFM 250 B,NADWOZIE,211.00
261257685,Szczęki hamulcowe Moose Utility Honda PC 800,NADWOZIE,270.00
261257687,Zderzak tylny bumper ATV Moose Utility czarny Yamaha YFM 700,NADWOZIE,675.00
261257688,Zderzak tylny bumper ATV Moose Utility czarny Honda SXS 1000,NADWOZIE,772.00
261257690,Zestaw ogrzewania kabiny UTV Moose Utility Can Am Maverick Turbo 900 EFI,NADWOZIE,3186.00
261257693,Zestaw ogrzewania kabiny UTV Moose Utility,NADWOZIE,3186.00
261257694,Linka zmiany biegów UTV Moose Utility czarna Can Am Commander 1000 EFI,NADWOZIE,351.00
261257696,Pompa paliwa podciśnieniowa Moose Utility Polaris Hawkeye 400 HO 2x4,NADWOZIE,168.00
261257697,Pompa paliwa podciśnieniowa Moose Utility Polaris Ranger RZR 170 2X4,NADWOZIE,168.00
261257699,Pompa paliwa podciśnieniowa Moose Utility Polaris Magnum 325,NADWOZIE,168.00
261257700,Pompa paliwa podciśnieniowa Moose Utility Yamaha YXR 450 F 4X4,NADWOZIE,168.00
261257702,Pompa paliwa podciśnieniowa Moose Utility Polaris Ranger 400 4x4,NADWOZIE,243.00
261257706,Gaźnik kompletny Moose Utility Arctic Cat 300 2X4,NADWOZIE,810.00
261257708,Gaźnik kompletny Moose Utility Arctic Cat 300 2x4,NADWOZIE,810.00
261257711,Gaźnik kompletny Moose Utility Arctic Cat 366 4x4,NADWOZIE,907.00
261257714,Gaźnik kompletny Moose Utility Can Am (BRP) DS 650 2X4,NADWOZIE,810.00
261257716,Gaźnik kompletny Moose Utility Honda TRX 90,NADWOZIE,378.00
261257720,Gaźnik kompletny Moose Utility Honda TRX 300,NADWOZIE,697.00
261257725,Gaźnik kompletny Moose Utility Honda TRX 500 FA,NADWOZIE,907.00
261257730,Gaźnik kompletny Moose Utility Kawasaki KLF 300 2X4,NADWOZIE,810.00
261257735,Gaźnik kompletny Moose Utility Polaris Predator 500 2x4,NADWOZIE,810.00
261257739,Gaźnik kompletny Moose Utility Polaris Magnum 330 2x4,NADWOZIE,810.00
261257740,Gaźnik kompletny Moose Utility Polaris Sportsman 600 4x4,NADWOZIE,810.00
261257743,Gaźnik kompletny Moose Utility Polaris Magnum 325 2x4,NADWOZIE,810.00
261257746,Gaźnik kompletny Moose Utility Yamaha YFS 200,NADWOZIE,772.00
261257748,Gaźnik kompletny Moose Utility Suzuki LT-Z 400 2X4,NADWOZIE,1150.00
261257750,Gaźnik kompletny Moose Utility Yamaha YFM 660 F 4X4,NADWOZIE,810.00
261729930,Zaślepka środkowa do koła Moose Utility 112X Can Am Outlander 570 EFI 4X4,NADWOZIE,162.00
261729931,Zaślepka środkowa do koła Moose Utility 23X 4/136,NADWOZIE,108.00
261729932,Zaślepka środkowa do koła Moose Utility 23X 4/156,NADWOZIE,108.00
261729933,Zaślepka środkowa do koła Moose Utility 24X/416X,NADWOZIE,103.00
261729935,Zaślepka środkowa do koła Moose Utility 399X,NADWOZIE,135.00
261729936,Zaślepka środkowa do koła Moose Utility 545X,NADWOZIE,108.00
261729937,Zaślepka środkowa do koła Moose Utility 548X,NADWOZIE,108.00
261729941,Zaślepka piasty koła Moose Utility 387x Yamaha YXC 700 4X4,NADWOZIE,81.00
261729942,Uchwyt piły łańcuchowej Moose Utility,NADWOZIE,864.00
261729944,Wyłącznik obwodu napięcia Moose Utility 12V 20A 2 piny,NADWOZIE,87.00
261729946,Wyłącznik obwodu napięcia Moose Utility 12V 20Ah 2 piny,NADWOZIE,97.00
261729951,Korek spustowy pokrywy sprzęgła Moose Utility Can Am Renegade 1000 R EFI,NADWOZIE,124.00
261729952,Uszczelka pokrywy sprzęgła Moose Utility Can Am Commander 1000 EFI,NADWOZIE,135.00
261729953,Śruby pokrywy sprzęgła Moose Utility Can Am Outlander 500 EFI 4X4,NADWOZIE,324.00
261729954,Śruby pokrywy sprzęgła Moose Utility Can Am Renegade 1000 EFI 4X4,NADWOZIE,324.00
261729955,Licznik motogodzin z obrotomierzem Moose Utility Yamaha YZ 125,NADWOZIE,184.00
261729957,Półoś napędowa Moose Offroad tył lewa Honda TRX 500 650 680 Fourtrax,NADWOZIE,999.00
261729959,Półoś napędowa Moose Utility przód prawa Can Am Outlander 400 EFI 4X4,NADWOZIE,1107.00
261729960,Półoś napędowa Moose Offroad przód lewa Polaris Sportsman 570 800,NADWOZIE,999.00
261729961,Półoś napędowa Moose Utility przód prawa Honda TRX 500 FA,NADWOZIE,999.00
261729963,Półoś napędowa Moose Offroad przód prawa Yamaha YFM 660 F/ FA/ FH Grizzly,NADWOZIE,999.00
261729964,Półoś napędowa Moose Utility przód lewa Polaris Hawkeye 300 2X4,NADWOZIE,999.00
261729965,Półoś napędowa Moose Offroad tył lewa Hawkeye 300 Sportsman 300 400,NADWOZIE,999.00
261729966,Półoś napędowa Moose Offroad przód lewa Yamaha YFM 660 F/ FA/ FAH Grizzly,NADWOZIE,999.00
261729968,Półoś napędowa Moose Offroad przód lewa Honda TRX 500 FA/ FE/ FM Fourtrax,NADWOZIE,999.00
261729969,Półoś napędowa Moose Offroad przód lewa Honda TRX 350 FE/ FM/ TE/ TM,NADWOZIE,999.00
261729970,Półoś napędowa Moose Utility przód lewa Yamaha YFM 350,NADWOZIE,999.00
261729971,Półoś napędowa Moose Offroad przód prawa Yamaha YFM 550 700 FG/ FGH Grizzly,NADWOZIE,999.00
261729972,Półoś napędowa Moose Utility przód lewa Honda TRX 420,NADWOZIE,999.00
261729974,Półoś napędowa Moose Offroad przód lewa Yamaha YFM 700 Grizzly,NADWOZIE,999.00
261729975,Półoś napędowa Moose Utility przód prawa Honda TRX 500,NADWOZIE,999.00
261729976,Półoś napędowa Moose Offroad tył lewa Yamaha YFM 700 Grizzly,NADWOZIE,999.00
261729977,Półoś napędowa Moose Utility tył lewa Yamaha YFM 450 4X4,NADWOZIE,999.00
261729978,Półoś napędowa Moose Offroad tył lewa Kawasaki KVF 650 750 Brute Force,NADWOZIE,999.00
261729979,Półoś napędowa Moose Offroad tył prawa Yamaha YFM 660 F/ FA/ FG Grizzly,NADWOZIE,999.00
261729980,Półoś napędowa Moose Offroad tył lewa Yamaha YFM 400 450 Grizzly / Kodiak,NADWOZIE,999.00
261729981,Półoś napędowa Moose Utility prawa Kawasaki KAF 620 4X4,NADWOZIE,999.00
261729982,Półoś napędowa Moose Offroad tył lewa Yamaha YFM 660 F/ FA/ FAH/ FH Grizzly,NADWOZIE,999.00
261729983,Półoś napędowa Moose Offroad tył lewa Honda TRX 420 500 Fourtrax,NADWOZIE,999.00
261729985,Półoś napędowa Moose Utility przód prawa Polaris Sportsman 500,NADWOZIE,999.00
261729986,Półoś napędowa Moose Offroad przód lewa Can Am Outlander 1000 500 650 850,NADWOZIE,999.00
261729987,Półoś napędowa Moose Utility tył lewa Suzuki LT-A 450 X 4X4,NADWOZIE,999.00
261729988,Półoś napędowa Moose Utility przód lewa Yamaha YXR 700 F,NADWOZIE,999.00
261729989,Półoś napędowa Moose Offroad przód prawa Can Am Outlander 1000 500 650 800,NADWOZIE,999.00
261729990,Półoś napędowa Moose Offroad przód lewa Polaris Sportsman 550 850 XP,NADWOZIE,999.00
261729991,Półoś napędowa Moose Utility przód tył Arctic Cat 400 500 H1 V2,NADWOZIE,999.00
261729992,Półoś napędowa Moose Offroad przód lewa Polaris Sportsman 500 800,NADWOZIE,999.00
261729993,Półoś napędowa Moose Offroad przód lewa Polaris Ranger RZR 570 800 4X4,NADWOZIE,999.00
261729994,Półoś napędowa Moose Offroad przód lewa Arctic Cat H1 550 700,NADWOZIE,999.00
261729995,Półoś napędowa Moose Offroad przód lewa Polaris Sportsman 500 800,NADWOZIE,999.00
261729996,Półoś napędowa Moose Offroad przód prawa lewa Arctic Cat H1 550 650 700,NADWOZIE,999.00
261729997,Półoś napędowa Moose Offroad tył lewa prawa Arctic Cat 400 H1 500 650 700,NADWOZIE,999.00
261729998,Półoś napędowa Moose Offroad tył lewa Polaris Sportsman 550 850 XP 1000 850,NADWOZIE,999.00
261729999,Półoś napędowa Moose Offroad tył lewa Yamaha YXR 450 YXR 660 Rhino,NADWOZIE,999.00
261730000,Półoś napędowa Moose Utility przód lewa Polaris Ranger 400 4x4,NADWOZIE,999.00
261730001,Półoś napędowa Moose Offroad tył prawa Yamaha YXR 450 YXR 660 Rhino,NADWOZIE,999.00
261730002,Półoś napędowa Moose Utility tył lewa Polaris Ranger RZR 800 4X4,NADWOZIE,999.00
261730003,Półoś napędowa Moose Utility przód lewa Can Am Maverick 1000 R EFI 4X4,NADWOZIE,999.00
261730004,Półoś napędowa Moose Offroad przód lewa Polaris Ranger 800,NADWOZIE,999.00
261730005,Półoś napędowa Moose Utility tył prawa Yamaha YXR 700 F,NADWOZIE,999.00
261730006,Półoś napędowa Moose Offroad przód lewa Polaris Ranger 1000 800 900,NADWOZIE,999.00
261730008,Półoś napędowa Moose Offroad przód lewa Polaris Ranger 900 4X4,NADWOZIE,999.00
261730009,Półoś napędowa Moose Utility tył lewa Polaris Ranger RZR XP 4 900 4X4,NADWOZIE,999.00
261730010,Półoś napędowa Moose Utility tył prawa Polaris Ranger 900 CREW 4X4,NADWOZIE,999.00
261730012,Półoś napędowa Moose Offroad przód lewa Polaris Ranger RZR XP 900 4X4,NADWOZIE,999.00
261730013,Półoś napędowa Moose Offroad przód lewa Polaris Ranger 900,NADWOZIE,999.00
261730014,Półoś napędowa Moose Utility tył lewa Polaris Sportsman XP 550 EFI 4X4,NADWOZIE,999.00
261730015,Półoś napędowa Moose Offroad tył lewa Can Am Outlander 500 650 800,NADWOZIE,999.00
261730016,Półoś napędowa Moose Offroad tył prawa Can Am Outlander 1000 500 650 800,NADWOZIE,999.00
261730017,Półoś napędowa Moose Offroad tył lewa Polaris Sportsman 400 500 570 800,NADWOZIE,999.00
261730018,Półoś napędowa Moose Utility tył lewa Polaris Ranger RZR 570 4X4,NADWOZIE,999.00
261730019,Półoś napędowa Moose Offroad tył lewa Polaris RZR XP 1000 / XP 4 1000,NADWOZIE,999.00
261730020,Półoś napędowa Moose Utility przód lewa Can Am Outlander 800 R EFI 4X4,NADWOZIE,751.00
261730022,Półoś napędowa Moose Offroad tył lewa prawa Arctic Cat Wildcat 1000,NADWOZIE,999.00
261730023,Półoś napędowa Moose Utility przód lewa Polaris Magnum 330,NADWOZIE,1134.00
261730024,Półoś napędowa Moose Utility przód lewa Can Am Outlander 400 EFI 4X4,NADWOZIE,1134.00
261730025,Półoś napędowa Moose Utility tył lewa Can Am Maverick 1000 R EFI 4X4,NADWOZIE,1377.00
261730026,Półoś napędowa Moose Utility przód prawa Can Am Maverick 1000 R EFI 4X4,NADWOZIE,1377.00
261730027,Półoś napędowa Moose Utility tył lewa Can Am Maverick Turbo 1000 R EFI 4X4,NADWOZIE,1377.00
261730029,Półoś napędowa Moose Utility tył lewa Heavy Duty Polaris Ranger 500 800,NADWOZIE,632.00
262316850,Wentylator chłodnicy Moose Utility Hi-Performance Yamaha YFZ 450,NADWOZIE,891.00
262316853,Wentylator chłodnicy Moose Utility Hi-Performance Yamaha YFZ 450,NADWOZIE,891.00
262316856,Wentylator chłodnicy Moose Utility Hi-Performance Yamaha YFM 700,NADWOZIE,891.00
262316858,Wentylator chłodnicy Moose Utility Hi-Performance Yamaha YFM 350,NADWOZIE,918.00
262316859,Wentylator chłodnicy Moose Utility Hi-Performance  Can Am Outlander 570,NADWOZIE,1053.00
262316864,Wentylator chłodnicy Moose Utility Hi-Performance Can Am Commander 800 R,NADWOZIE,1188.00
262316867,Pokrowiec plandeka na Quad ATV Moose Utility Dura XL czarny,NADWOZIE,297.00
262316868,Pokrowiec plandeka na Quad ATV Moose Utility Dura 2XL czarny,NADWOZIE,432.00
262316871,Pokrowiec plandeka na Quad ATV Moose Utility Trailerable XL czarny,NADWOZIE,486.00
262316874,Pokrowiec plandeka na Quad ATV Moose Utility Trailerable 2XL czarny,NADWOZIE,675.00
262316877,Pokrowiec plandeka na UTV  Moose Utility wodoodporny 2-osobowy czarny,NADWOZIE,702.00
262316880,Pokrowiec wodoodporny UTV 4-osobowy Moose Utility czarny,NADWOZIE,864.00
262316881,Kosz przedni z pokrywą Moose Utility,NADWOZIE,756.00
262316884,Uchwyt montażowy halogenu LED Moose Utility,NADWOZIE,243.00
262316905,Tylny kufer bagaża + siedzenie pasażera ATV Moose Utility,NADWOZIE,2160.00
262316906,Torba na przednie drzwi Moose Utility komplet czarny,NADWOZIE,378.00
262316908,Torba na tylne drzwi Moose Utility komplet Can Am Maverick Turbo 900,NADWOZIE,324.00
262316910,Pasek napędowy Moose Utility Arctic Cat Alterra 570 EFI 4X4,NADWOZIE,378.00
262316916,Pasek napędowy Moose Utility Arctic Cat Wildcat 1000 EFI 4X4,NADWOZIE,702.00
262316917,Pasek napędowy Moose Utility Suzuki LT-A 400,NADWOZIE,297.00
262316918,Pasek napędowy Moose Utility Arctic Cat 500 4x4,NADWOZIE,378.00
262316920,Pasek napędowy Moose Utility Suzuki LT-A 700 X 4X4,NADWOZIE,567.00
262316922,Pasek napędowy Moose Utility Can Am Defender HD5 4X4,NADWOZIE,297.00
262316924,Pasek napędowy Moose Utility Can Am Outlander 500 EFI HO 4X4,NADWOZIE,513.00
262316925,Pasek napędowy Moose Utility Can Am Commander 1000 EFI,NADWOZIE,540.00
262316926,Pasek napędowy Moose Utility Can Am Defender HD10 4X4,NADWOZIE,891.00
262316927,Pasek napędowy Moose Utility Can Am  Maverick Sport 1000 R 4X4,NADWOZIE,810.00
262316928,Pasek napędowy Moose Utility CF Moto CF 500 2 4x4,NADWOZIE,513.00
262316929,Pasek napędowy Moose Utility CF Moto Cforce 800 EFI 4X4,NADWOZIE,702.00
262316930,Pasek napędowy Moose Utility Can Am Defender HD10 4X4,NADWOZIE,864.00
262316932,Pasek napędowy Moose Utility Kawasaki KFX 700 2X4,NADWOZIE,513.00
262316933,Pasek napędowy Moose Utility Kawasaki KRF 800 4X4,NADWOZIE,783.00
262316934,Pasek napędowy Moose Utility Kawasaki KRF 800 4X4,NADWOZIE,378.00
262316935,Pasek napędowy Moose Utility Kawasaki KRX 1000 4x4,NADWOZIE,918.00
262316936,Pasek napędowy Moose Utility Kymco MXU 500,NADWOZIE,567.00
262316939,Pasek napędowy Moose Utility Polaris Big Boss 250,NADWOZIE,324.00
262316940,Pasek napędowy Moose Utility Polaris Ranger 570 4X4,NADWOZIE,351.00
262316941,Pasek napędowy Moose Utility Polaris Big Boss 500 6x6,NADWOZIE,378.00
262316942,Pasek napędowy Moose Utility Polaris Ranger 1000 4X4,NADWOZIE,432.00
262316944,Pasek napędowy Moose Utility Polaris Ranger 700,NADWOZIE,540.00
262316948,Pasek napędowy Moose Utility Polaris Ranger XP 1000 4X4,NADWOZIE,853.00
262316950,Pasek napędowy Moose Utility Suzuki LT-A 450 X 4X4,NADWOZIE,648.00
262316953,Pasek napędowy Moose Utility Yamaha YFM 550,NADWOZIE,540.00
262316955,Pasek napędowy Moose Utility Yamaha YXE 850,NADWOZIE,735.00
262316957,Pasek napędowy Moose Utility CF Moto Cforce 800 EFI 4X4,NADWOZIE,864.00
262316959,Ściągacz stożka sprzęgła ATV Moose Utility Spider Nut Round,NADWOZIE,378.00
262316963,Uniwersalny kosz stalowy na bagaż ATV Moose Utility,NADWOZIE,1323.00
262316965,Podgrzewane manetki z kciukiem ATV Quad Moose Utility,NADWOZIE,1080.00
262316968,Pompa paliwa Moose Utility EFI Polaris Ranger 570 4X4,NADWOZIE,351.00
262316970,Pompa paliwa Moose Utility EFI Polaris Ranger 500 EFI 4X4,NADWOZIE,378.00
262316972,Pompa paliwa Moose Utility EFI Polaris Ranger 700 EFI 4X4,NADWOZIE,378.00
262316974,Pompa paliwa z filtrem Moose Utility EFI Kawasaki KVF 750 I 4X4,NADWOZIE,378.00
262316975,Elektryczne wspomaganie kierownicy Moose Utility Can Am Maverick 1000 R,NADWOZIE,4806.00
262316977,Elektryczne wspomaganie kierownicy Moose Utility Can Am Commander 1000 EFI,NADWOZIE,4860.00
262316982,Elektryczne wspomaganie kierownicy Moose Utility Polaris Ranger 1000 4X4,NADWOZIE,4315.00
262316985,Uchwyty wspomagające wejście do kabiny UTV Moose Utility,NADWOZIE,130.00
262316986,Kufer tylna skrzynia ładunkowa ATV Moose Utility,NADWOZIE,1674.00
262316989,Uchwyt pojedynczy na broń ATV/UTV Moose Utility Expedition aluminium,NADWOZIE,216.00
262316995,Zaciskarka opasek taśmowych Fast Boot Moose Utility Premium,NADWOZIE,459.00
262316998,Zaciskarak opasaek taśmowych Fast Boot Moose Utility Standard,NADWOZIE,184.00
262317000,Torba zabezpieczająca gaśnicę Moose Utility,NADWOZIE,135.00
262317002,Uchwyt podwójny na broń ATV/UTV Moose Utility FlexGrip,NADWOZIE,783.00
262317003,Stojak podwójny na broń UTV Moose Utility Flexgrip Pro aluminium,NADWOZIE,540.00
262317006,Uchwyt pojedynczy na broń ATV/UTV Moose Utility FlexGrip,NADWOZIE,454.00
262317008,Najazd aluminiowy składany dla motocykli / quadów Moose Utility,NADWOZIE,2970.00
262317010,Przedni kufer skrzynia ładunkowa ATV Moose Utility Forester,NADWOZIE,891.00
262317015,Amortyzator przód Moose Utility Polaris Sportsman 500 4x4,NADWOZIE,459.00
262317018,Przedni kufer bagaża wodoodporny ATV Moose Utility,NADWOZIE,1107.00
262317026,Wtrysk wtryskiwacz paliwa Moose Utility Can Am Maverick Turbo 900 EFI 4X4,NADWOZIE,200.00
262317027,Wtrysk wtryskiwacz paliwa Moose Utility Polaris Scrambler 850 4X4,NADWOZIE,270.00
262317032,Wtrysk wtryskiwacz paliwa Moose Utility Yamaha YFZ 450,NADWOZIE,200.00
262317034,Regulator ciśnienia paliwa Moose Utility Polaris Ranger 700 EFI 4X4,NADWOZIE,265.00
262317035,Regulator ciśnienia paliwa Moose Utility Polaris Ranger XP 900 4X4,NADWOZIE,292.00
262317038,Regulator ciśnienia paliwa Moose Utility Can Am Outlander 400 EFI 4X4,NADWOZIE,292.00
262317040,Regulator ciśnienia paliwa Moose Utility Polaris Ranger 500 EFI 4X4,NADWOZIE,303.00
262317042,Moduł pompy paliwa Moose Utility Polaris General 1000 4X4,NADWOZIE,967.00
262317046,Filtr siatkowy pompy paliwa Moose Utility Polaris Sportsman 500 EFI 4X4,NADWOZIE,81.00
262317048,Filtr siatkowy pompy paliwa Moose Utility Polaris Ranger 500 EFI 4X4,NADWOZIE,81.00
262572226,Amortyzator gazowy przód Moose Utility Honda TRX 300 FW 4X4,NADWOZIE,427.00
262572228,Amortyzator gazowy przód Moose Utility Honda TRX 400 FW 4X4,NADWOZIE,524.00
262572234,Amortyzator gazowy przód Moose Utility Honda TRX 300 FW 4X4,NADWOZIE,481.00
262572237,Amortyzator gazowy przód Moose Utility Suzuki LT-F 300 F 4X4,NADWOZIE,486.00
262572260,Amortyzator gazowy przód Moose Utility Honda TRX 450 ES,NADWOZIE,637.00
262572292,Amortyzator gazowy przód Moose Utility Polaris Sportsman Magnum Trail Boss,NADWOZIE,918.00
262572305,Amortyzator gazowy przód Moose Utility Yamaha YFM 700,NADWOZIE,826.00
262572323,Amortyzator gazowy przód Moose Utility Can Am Traxter HD10 4X4,NADWOZIE,1021.00
262572325,Amortyzator gazowy przód Moose Utility Kawasaki KAF 620 950 Mule,NADWOZIE,1458.00
262572328,Amortyzator gazowy tył Moose Utility Kawasaki KAF 620 2X4,NADWOZIE,292.00
262572330,Amortyzator gazowy tył Moose Utility Kawasaki KLF 220 2X4,NADWOZIE,573.00
262572332,Amortyzator gazowy tył Moose Utility Honda TRX 300 FW 4X4,NADWOZIE,486.00
262572333,Amortyzator gazowy tył Moose Utility Honda TRX 350 FE FM TE TM Fourtrax,NADWOZIE,675.00
262572337,Amortyzator gazowy tył Moose Utility Honda TRX 400 FW 4X4,NADWOZIE,610.00
262572346,Amortyzator gazowy tył Moose Utility Honda TRX 450 ES FE,NADWOZIE,556.00
262572350,Amortyzator gazowy tył Moose Utility Suzuki LT-F 300 F 4X4,NADWOZIE,583.00
262572357,Amortyzator gazowy tył Moose Utility Honda SXS 500 M2 4X4,NADWOZIE,643.00
262572359,Amortyzator gazowy tył Moose Utility Suzuki LT-A LT-F 400 Kingquad,NADWOZIE,810.00
262572362,Amortyzator gazowy tył Moose Utility Yamaha YFM 400 2X4,NADWOZIE,621.00
262572364,Amortyzator gazowy tył Moose Utility Honda TRX 500 FA5,NADWOZIE,702.00
262572376,Amortyzator gazowy tył Moose Utility YFM 350 4X4,NADWOZIE,664.00
262572380,Amortyzator gazowy tył Moose Utility Honda TRX 650 680 FA FGA,NADWOZIE,724.00
262572382,Amortyzator gazowy tył Moose Utility Polaris Sportsman 450 500 570 800,NADWOZIE,751.00
262572384,Amortyzator gazowy tył Moose Utility Yamaha YFM 700 4X4,NADWOZIE,772.00
262572394,Amortyzator gazowy tył Moose Utility Arctic Cat 450 500 550 700 1000,NADWOZIE,837.00
262655735,Ładowarka USB z woltomierzem Moose Utility dual,NADWOZIE,216.00
262655736,Uchwyt rączka UTV Moose Utility,NADWOZIE,135.00
262655739,Przelotka zapasowa do opryskiwaczy punktowych ATV Moose Utility,NADWOZIE,11.00
262655741,Uchwyt transportowy na broń ATV Moose Utility czarny,NADWOZIE,432.00
262655746,Handbary osłony dłoni Moose Utility uniwersalne Yamaha YFM 550 700,NADWOZIE,702.00
262655748,Handbary osłony dłoni Moose Utility Stealth Suzuki LT-A 400 2X4,NADWOZIE,594.00
262655749,Handbary osłony dłoni Moose Utility Stealth Yamaha YFM 700,NADWOZIE,702.00
262655750,Zestaw klipsów pistoletu do opryskiwaczy punktowych ATV Moose Utility,NADWOZIE,38.00
262655754,Kierownica stalowa ATV Moose Utility Polaris Sportsman 300 4x4,NADWOZIE,276.00
263586663,Drążek kierowniczy kompletny Yamaha Raptor YFM 700 1S3-23831-20-00,Raptor 700,149.00
263586664,Sportowy FILTR POWIETRZA KN Yamaha Raptor YFM 700 YA7006,Raptor 700,299.00
263586665,"Kiwak, kołyska amortyzatora tył Yamaha Raptor YFM 700 1S3-2217F-00-00 , 1S3-2217A-00-00",Raptor 700,290.00
263586666,"Kolektor Wydechowy Yamaha Raptor YFM 700 1S3-14621-01-00 , 1S3-14611-00-00",Raptor 700,590.00
263586667,Lampa przód prawa oryginalna Yamaha Raptor YFM 700 5TG-84310-03-00,Raptor 700,229.00
263586668,Bagażnik tył oryginalny Polaris Sportsman 500 HO 2633208-070,SPORTSMAN,690.00
263586669,Mimośród łożysk tylnej osi Yamaha Raptor YFM 700 1S3-25311-01-00,Raptor 700,399.00
263586670,"Mocowanie akumulatora , fartuch Yamaha Raptor YFM 700 1S3-82129-00-00 , 1S3-82128-00-00",Raptor 700,219.00
263586671,"Piasta koła tylnego , oryginalna Yamaha Raptor YFM 700 1PE-F53K0-00-00",AKCESORIA OEM,249.00
263586672,"Środkowa część ramy, banan Yamaha Raptor YFM 700 1S3-21101-18-00",Raptor 700,1690.00
263586694,Zadupek tylna część ramy oryginalna Yamaha Raptor YFM 700 1S3-21190-18-00,Raptor 700,799.00
263703180,Panewka główna CFMOTO CF450 520 800 0800-011102-00011,SILNIK CF MOTO,49.00
265496897,"Stopka lewa, kierowcy Yamaha Raptor YFM 700 Footrest 1S3 27411 10 00",Raptor 700,99.00
265497067,Osłona nóg prawa zapiętek prawy Yamaha Raptor 700 5TG-21691-00-00,Raptor 700,249.00
265497234,Wahacz dolny lewy Yamaha Raptor 700 5TG-23570-61-00,Raptor 700,299.00
265497235,Zacisk hamulcowy prawy przód Yamaha Raptor 700 1S3-2580U-01-00,Raptor 700,290.00
265497236,"Osłona nóg lewa, zapietka Yamaha Raptor 700 5TG-21621-00-00",Raptor 700,249.00
265497237,"Zbiorniczek wyrównawczy płynu Raptor 700 5KM-21871-00-00, 1S3-21875-00-00",Raptor 700,199.00
265497238,Błotnik plastik przód Yamaha Raptor 700 1SE-W2151-01-00,Raptor 700,550.00
265497239,Błotnik plastik tył Yamaha Raptor 700 1S3-W2161-11-00,Raptor 700,490.00
265497629,"Plastik lampy tył, wypełnienie Yamaha Raptor 700 1S3-84716-21-00",Raptor 700,199.00
265497630,Wahacz dolny lewy Yamaha Raptor 700 5TG-23570-61-00,Raptor 700,149.00
265497631,Podwyższenie kierownicy 28mm Raptor 700,Raptor 700,99.00
265497632,Przełącznik biegu wstecznego Yamaha Raptor 700 660 1S3-26150-10-00,Raptor 700,249.00
265497633,"Cewka zapłonowa Yamaha Raptor 700 3TB-82310-00-00, 4DN-82320-01-00",Raptor 700,49.00
265497634,Instalacja elektryczna Yamaha Raptor 700 1S3-82590-21-00,Raptor 700,690.00
265497635,Power commander moduł map zapłonu Yamaha Raptor 700,Raptor 700,890.00
265552241,Lewy błotnik przód Piaggio MP3 500 1B004095,Piaggio,129.00
265552243,Gril przód atrapa Piaggio MP3 500 2B000693,Piaggio,299.00
265552245,Lewy tylny plastik ogon Piaggio MP3 500 1B002010,Piaggio,390.00
265552247,Nadkole lewe przód Piaggio MP3 500 2B000706,Piaggio,59.00
265552249,Nadkole prawe przód Piaggio MP3 500 2B000707,Piaggio,89.00
265560095,Obudowa liczników zegarów Piaggio MP3 500 2B000677,Piaggio,490.00
265560097,"Osłona wydechu , termiczna Piaggio MP3 300 1A005301",Piaggio,190.00
265575499,"Plastik lewy, wypełnienie lewe Piaggio MP3 500 1B002045",Piaggio,99.00
265575500,Plastik wypełnienie pod nogi Piaggio MP3 300 1B005995,Piaggio,299.00
265575501,Czasza przednia Piaggio MP3 500 2B000687,Piaggio,459.00
265969941,Przelotka siedzenia do pasów UTV Moose Utility Polaris RZR S XP 1000,NADWOZIE,189.00
265969942,Wiązka elektryczna wtyczka świateł LED Moose Utility,NADWOZIE,168.00
265969944,Półoś napędowa HD Moose Utility przód Polaris Scrambler XP 1000 S 4X4,NADWOZIE,918.00
265969945,Półoś napędowa HD Moose Utility tył Polaris Scrambler XP 1000 S,NADWOZIE,918.00
265969948,"Podgrzewane manetki ATV Quad Moose Utility komplet 12,5 cm",NADWOZIE,243.00
265969949,Pasy transportowe Moose Utility Heavy-Duty Quad-Pack czarne,NADWOZIE,367.00
265969950,Pasy transportowe Moose Utility Heavy-Duty Ratchet czarne,NADWOZIE,249.00
265969951,Pasy transportowe Moose Utility Heavy-Duty Ratchet niebieskie,NADWOZIE,276.00
265969952,Pasy transportowe Moose Utility Heavy-Duty Ratchet czerwone,NADWOZIE,249.00
265969953,Pasy transportowe Moose Utility Heavy-Duty czarne,NADWOZIE,168.00
265969955,Dętka Moose Utility ATV/UTV 145/70-6 JS87P Heavy-Duty,NADWOZIE,60.00
265969956,Dętka Moose Utility ATV/UTV 16x8-7 TR-6 Heavy-Duty,NADWOZIE,108.00
265969957,Dętka Moose Utility ATV/UTV 18/22x8.5/12-8 TR-6 Heavy-Duty,NADWOZIE,124.00
265969958,Dętka Moose Utility ATV/UTV 18/24x8/11-10/11 TR-6 Heavy-Duty,NADWOZIE,130.00
265969960,Dętka Moose Utility ATV/UTV 19x7-8 TR-6 Heavy-Duty,NADWOZIE,76.00
265969961,Dętka Moose Utility ATV/UTV 20/22x7/8-9 TR-6 Heavy-Duty,NADWOZIE,108.00
265969962,Dętka Moose Utility ATV/UTV 20/25x10/13.5-9 TR-6 Heavy-Duty,NADWOZIE,141.00
265969963,Dętka Moose Utility ATV/UTV 21/23x7/8-10 TR-6 Heavy-Duty,NADWOZIE,108.00
265969964,Dętka Moose Utility ATV/UTV 22/25x7/10.5-11/12 TR-6 Heavy-Duty,NADWOZIE,146.00
265969965,Dętka Moose Utility ATV/UTV 23/25x8/13.5-10 TR-6-Off Heavy-Duty,NADWOZIE,146.00
265969966,Dętka Moose Utility ATV/UTV 24/27x10/12-12 TR-6 Heavy-Duty,NADWOZIE,195.00
265969967,Dętka Moose Utility ATV/UTV 26/27x9/10-12 TR-6 Heavy-Duty,NADWOZIE,195.00
265969968,Dętka Moose Utility ATV/UTV 26x11-14 TR-6 Heavy-Duty,NADWOZIE,205.00
265969969,Dętka Moose Utility ATV/UTV 26x9-14 TR-6 Heavy-Duty,NADWOZIE,151.00
265969973,Wentylator chłodnicy Moose Utility Hi-Performance Yamaha YFZ 450,NADWOZIE,891.00
265969977,Wentylator chłodnicy Moose Utility Hi-Performance Kawasaki KVF 750 I 4X4,NADWOZIE,662.00
265969982,Wentylator chłodnicy Moose Hi-Performance Honda TRX 450 R ER Sportrax,NADWOZIE,891.00
265969990,Wentylator chłodnicy Moose Utility Hi-Performance Yamaha YXC YXE YXM 700,NADWOZIE,1134.00
265969992,Hak holowniczy czterofunkcyjny Moose Utility,NADWOZIE,648.00
265969994,Zaczep do przyczepy ATV Moose Utility Arctic Cat DVX400 2x4,NADWOZIE,249.00
265970002,Zaczep do przyczepy ATV Moose Utility Yamaha YFM 350,NADWOZIE,297.00
265970004,"Zaczep z uchwytem kulowym kula haka ATV/UTV Moose Utility Trio HD 1,25",NADWOZIE,216.00
265970007,Zaczep do przyczepy ATV Moose Utility Honda TRX 250 EX,NADWOZIE,200.00
265970009,Zaczep do przyczepy ATV Moose Utility Honda TRX 400,NADWOZIE,189.00
265970014,Zacisk montażowy akcesoriów na rurę UTV Moose Utility,NADWOZIE,114.00
265970020,"Wąż gumowy Moose Utility 12,7 mm x 122 cm czarny",NADWOZIE,43.00
265970022,"Wąż gumowy Moose Utility 9,5 mm x 178 mm czarny",NADWOZIE,11.00
265970023,Kolanko wymienne do opryskiwaczy punktowych ATV Moose Utility,NADWOZIE,43.00
265970029,Pasy bezpieczeństwa UTV Moose Utility 2X2 czteropunktowe czarne,NADWOZIE,605.00
265970031,Pasy bezpieczeństwa UTV Moose Utility 2X2 czteropunktowe niebieskie,NADWOZIE,605.00
265970033,Pasy bezpieczeństwa UTV Moose Utility 2X2 czteropunktowe szare,NADWOZIE,605.00
265970036,Pasy bezpieczeństwa UTV Moose Utility 2X2 czteropunktowe czerwone,NADWOZIE,605.00
265970040,Wiązka elektryczna biegu jałowego Moose Utility Polaris Ranger 500 4x4,NADWOZIE,162.00
265970044,Wiązka stacyjki przełącznika zapłonu Polaris Ace Magnum Ranger Sportsman,NADWOZIE,195.00
265970050,Stacyjka włącznik zapłonu Moose Utility Polaris Ranger 400 4X4,NADWOZIE,168.00
265970053,Stacyjka włącznik zapłonu Moose Utility Polaris Scrambler 400 4x4,NADWOZIE,168.00
265970056,Stacyjka ATV Moose Utility Arctic Cat H1 550 EFI 4X4,NADWOZIE,162.00
265970062,Stacyjka ATV Moose Utility Honda TRX 300 EX Sportrax,NADWOZIE,114.00
265970065,Stacyjka ATV Moose Utility Honda TRX 300 Fourtrax,NADWOZIE,124.00
265970067,Zündschloss ATV Moose Utility Honda TRX 350 FM 4X4,NADWOZIE,119.00
265970071,Stacyjka ATV Moose Utility Honda TRX 300,NADWOZIE,141.00
265970073,Stacyjka ATV Moose Utility Honda TRX 450 ER Sportrax E-Start,NADWOZIE,119.00
265970075,Stacyjka ATV Moose Utility Kawasaki KFX 700 2X4 Sport,NADWOZIE,124.00
265970077,Pokrywa kluczyka wyłącznika zapłonu Moose Utility,NADWOZIE,38.00
265970079,Stacyjka ATV Moose Utility Polaris Big Boss 250 Trail Boss 250 350,NADWOZIE,124.00
265970082,Stacyjka ATV Moose Utility Polaris Sportsman 850 4x4,NADWOZIE,162.00
265970086,Stacyjka ATV Moose Utility Suzuki LT-Z 400 2X4,NADWOZIE,162.00
265970095,Stacyjka ATV Moose Utility Yamaha YFM 200 DX,NADWOZIE,124.00
265970097,Stacyjka ATV Moose Utility Yamaha YFM 400 A 2x4,NADWOZIE,124.00
265970098,Stacyjka ATV Moose Utility Yamaha YFM 350 R,NADWOZIE,124.00
265970100,Stacyjka ATV Moose Utility Suzuki LT 80 Quadsport,NADWOZIE,162.00
265970102,Stacyjka ATV Moose Utility Yamaha YFM 350 Grizzly,NADWOZIE,162.00
265970104,Stacyjka ATV Moose Utility Arctic Cat 300,NADWOZIE,162.00
265970106,Stacyjka ATV Moose Utility Arctic Cat 400 2x4,NADWOZIE,162.00
266338199,"Kinetyczna lina holownicza 6,1 m Moose Utility",NADWOZIE,270.00
266338202,Kolektor do opryskiwaczy punktowych ATV Moose Utility,NADWOZIE,351.00
266338204,Kompaktowy zaczep trójdrożny Moose Utility stalowy,NADWOZIE,92.00
266338209,Lampy przednie przód LED UTV Moose Utility Polaris Sportsman 800 EFI,NADWOZIE,1874.00
266338211,Lampy przednie przód LED UTV Moose Utility Polaris Sportsman 850 4x4,NADWOZIE,2052.00
266338213,Lampy tylne tył czerwone LED UTV Moose Utility Can Am Commander 800 R EFI,NADWOZIE,589.00
266338214,Lampy tylne tył czerwone LED UTV Moose Utility Can Am Maverick Turbo 900,NADWOZIE,756.00
266338217,Lusterko boczne UTV Moose Utility,NADWOZIE,486.00
266338218,Lusterko boczne z funkcją martwego pola Moose Utility,NADWOZIE,594.00
266338220,Lusterko centralne Elite UTV Moose Utility,NADWOZIE,551.00
266338221,"Lusterko wsteczne 1.75"" UTV Moose Utility",NADWOZIE,124.00
266338230,Opona ATV/UTV Moose Utility Insurgent 25x10-12 TL 8PR 73M,NADWOZIE,999.00
266338231,Opona ATV/UTV Moose Utility Insurgent 25x8-12 TL 8PR 68M,NADWOZIE,918.00
266338232,"Podgrzewane manetki z kciukiem Moose Utility z panelem sterującym 12,5 cm",NADWOZIE,1188.00
266338242,Przedni kufer bagażnika ATV Moose Utility Prospector,NADWOZIE,972.00
266338262,Regulator napięcia prostownik Moose Utility Polaris Ranger RZR S 900 4X4,NADWOZIE,1134.00
266338275,"Szerokokątne lusterko wsteczne 1,75"" UTV Moose Utility modele John Deere",NADWOZIE,270.00
266338284,Tylny kufer bagażnika + oparcie kierowcy ATV Moose Utility Outdoorsman,NADWOZIE,1755.00
266338285,Tylny kufer bagażnika ATV Moose Utility,NADWOZIE,1512.00
266338311,"Zestaw nakrętek kół felg aluminiowych 10x1,25 mm Moose Utility",NADWOZIE,162.00
266338312,"Zestaw nakrętek kół felg aluminiowych 12x1,25 mm Moose Utility",NADWOZIE,162.00
266338313,"Zestaw nakrętek kół felg aluminiowych 12x1,25 mm Moose Utility",NADWOZIE,162.00
266338315,"Zestaw nakrętek kół felg aluminiowych 12x1,5 mm Moose Utility",NADWOZIE,162.00
266338316,"Zestaw nakrętek kół felg aluminiowych 12x1,5 mm Moose Utility",NADWOZIE,162.00
266338317,Zestaw nakrętek kół felg aluminiowych i wentyli 10 mm Moose Utility,NADWOZIE,135.00
266338318,Zestaw nakrętek kół felg aluminiowych i wentyli 10 mm Moose Utility,NADWOZIE,135.00
266338319,"Zestaw nakrętek kół felg aluminiowych i wentyli 12x1,25mm Moose Utility",NADWOZIE,135.00
266338320,"Zestaw nakrętek kół felg aluminiowych i wentyli 12x1,25mm Moose Utility",NADWOZIE,135.00
266338321,"Zestaw nakrętek kół felg aluminiowych i wentyli 12x1,5mm Moose Utility",NADWOZIE,135.00
266338323,"Zestaw nakrętek kół felg aluminiowych i wentyli 3/8"" Moose Utility",NADWOZIE,135.00
266562163,Półoś napędowa Moose Utility przód CAN AM (BRP) MAVERICK TURBO 900,NADWOZIE,810.00
266565270,Półoś napędowa Moose Utility przód prawa CAN AM OUTLANDER 650 800 1000,NADWOZIE,999.00
266567687,Półoś napędowa Moose Utility przód lewa Can Am (BRP) Maverick Turbo 900 R,NADWOZIE,999.00
266584699,Półoś napędowa Moose Utility przód Can Am (BRP) Maverick Turbo 900,NADWOZIE,999.00
266585110,Półoś napędowa Moose Utility tył Can Am (BRP) Maverick Turbo 900,NADWOZIE,999.00
266585624,Półoś napędowa Moose Utility przód lewa CF MOTO CF CFORCE 500 800,NADWOZIE,999.00
266590748,Półoś napędowa Moose Utility tył prawa CF MOTO CF CFORCE 500 800,NADWOZIE,918.00
266596535,Półoś napędowa Moose Utility tył lewa CF MOTO CF CFORCE 500 800,NADWOZIE,999.00
266597281,Półoś napędowa Moose Utility przódPOLARIS SPORTSMAN XP 1000 S 4X4,NADWOZIE,648.00
266605153,Półoś napędowa Moose Utility tył POLARIS SPORTSMAN XP 1000 S 4X4,NADWOZIE,778.00
266609517,Półoś napędowa Moose Utility przód Polaris General Ranger RZR,NADWOZIE,999.00
266609811,Półoś napędowa Moose Utility tył Polaris General Ranger RZR,NADWOZIE,999.00
266612302,Półoś napędowa Moose Utility przód Polaris Sportsman 850 XP 1000,NADWOZIE,999.00
266613410,Półoś napędowa Moose Utility przód POLARIS GENERAL XP  XP4 1000,NADWOZIE,1080.00
266613882,Półoś napędowa Moose Utility tył POLARIS RANGER 570 CREW,NADWOZIE,1080.00
266614455,Półoś napędowa Moose Utility tył POLARIS RZR XP XP4 1000,NADWOZIE,1134.00
266615835,Półoś napędowa Moose Utility przód POLARIS SPORTSMAN 450 570,NADWOZIE,1107.00
266617515,Półoś napędowa Moose Utility przód Polaris RZR PRO XP XP4  1000 TURBO,NADWOZIE,1377.00
266618850,Półoś napędowa Moose Utility przód SUZUKI LT-A 500 750,NADWOZIE,999.00
266619179,Półoś napędowa Moose Utility tył lewa Yamaha YFM 400 FB FBE,NADWOZIE,999.00
266619919,Półoś napędowa Moose Utility przód Yamaha YFM 700,NADWOZIE,999.00
266621333,Półoś napędowa Moose Utility przód prawa Cf Moto CF CFORCE TERRALANDER,NADWOZIE,891.00
266621466,Półoś napędowa Moose Utility tył prawa Cf Moto CF CFORCE  Terralander,NADWOZIE,891.00
266781191,Zestaw do montażu wyciągarki WARN Yamaha YFM 700,NADWOZIE,601.00
266781622,Zestaw do montażu wyciągarki WARN Yamaha YXE 700,NADWOZIE,577.00
266793058,Klocki hamulcowe Moose Utility XCR Polaris,NADWOZIE,162.00
266794209,Klocki hamulcowe Moose Utility XCR Kawasaki Suzuki,NADWOZIE,103.00
266794874,Klocki hamulcowe Moose Utility XCR Suzuki Can Am,NADWOZIE,162.00
266796082,Klocki hamulcowe Moose XCR Can Am Suzuki Maverick Outlander Traxter,NADWOZIE,162.00
266798152,Szczęki hamulcowe Moose Utility Honda TRX,NADWOZIE,184.00
266799157,Szczęki hamulcowe Moose Utility Suzuki Kawasaki,NADWOZIE,216.00
266800942,Klocki hamulcowe Moose Utility XCR Polaris,NADWOZIE,135.00
266803272,Klocki hamulcowe Moose Utility XCR Can Am Kawasaki Suzuki,NADWOZIE,162.00
266804912,Klocki hamulcowe Moose Utility XCR Kawasaki Suzuki Can Am Yamaha,NADWOZIE,135.00
266805113,Klocki hamulcowe Moose XCR Husqvarna KTM Suzuki Kawasaki,NADWOZIE,162.00
266807563,Wyłącznik obwodu napięcia Polaris Magnum Predator SportsmanTrail Xplorer,NADWOZIE,87.00
266809425,Wiązka elektryczna wtrysku paliwa Moose Utility Polaris Sportsman Ace,NADWOZIE,162.00
266811712,Wentylator chłodnicy Moose Utility Hi-Performance Polaris Sportsman XP 850,NADWOZIE,1188.00
266876483,Przekaźnik 20/35A Moose Utility 5 pinów Polaris Brutus 900 4x4,NADWOZIE,119.00
266876485,Przekaźnik 30A Moose Utility Can Am Commander Maverick Outlander Renegade,NADWOZIE,119.00
266876486,Przekaźnik 50A Moose Utility 4 piny Polaris Hawkeye 400 Ranger 700,NADWOZIE,108.00
266876488,Przekaźnik Moose Utility 4 piny Polaris General 1000 4X4,NADWOZIE,108.00
266876489,Przekaźnik Moose Utility 4 piny Polaris Brutus 900 4X4,NADWOZIE,108.00
266876490,Przekaźnik do odblokowania koła tylnego Moose Utility Polaris Ranger 570,NADWOZIE,243.00
266876492,Osłona siewnika Moose Utility,NADWOZIE,108.00
266876493,Zamienne uchwyty do stojaków na broń Moose Utility komplet,NADWOZIE,27.00
266876494,Pistolet opryskiwacza ATV Moose Utility,NADWOZIE,189.00
266876495,Silnik siewnika ATV Moose Utility 12V On/Off,NADWOZIE,972.00
266876496,Pasy do najazdów nylon komplet Moose Utility,NADWOZIE,97.00
266876497,Licznik motogodzin elektroniczny podświetlany Moose Yamaha YZ 80 85 125 250,NADWOZIE,211.00
266876498,Maska przeciwpyłowa do jazdy czarna Moose Utility,NADWOZIE,178.00
266876499,Opona UTV Moose Utility Rigid 28x10-14 Heavy-Duty TL 8PR 59M radialna,NADWOZIE,1458.00
266876500,Opona UTV Moose Utility Rigid 30x10-14 Heavy-Duty TL 8PR 63M radialna,NADWOZIE,1350.00
266876501,Opona UTV Moose Utility Rigid 30x10-15 Heavy-Duty TL 8PR 63M radialna,NADWOZIE,1458.00
266876502,Opona UTV Moose Utility Rigid 32x10-15 Heavy-Duty TL 8PR 66M radialna,NADWOZIE,1350.00
266876507,Dach UTV Moose Utility 89 cm x 161 cm 2-częściowy Polaris Ranger XP 900,NADWOZIE,1188.00
266876512,Gumowy ogranicznik liny wciągarki Moose Utility,NADWOZIE,81.00
266876513,Zaślepka piasty koła plastik Moose Utility Polaris General RZR 1000,NADWOZIE,114.00
266876514,Pokrowiec na siedzenie Heavy-Duty moro Moose Utility modele Arctic Cat,NADWOZIE,303.00
266876517,Pokrowiec na siedzenie Moose Utility Cordura czarny Honda TRX 420,NADWOZIE,227.00
266876530,Pokrowiec na siedzenie Moose Utility Heavy-Duty Yamaha YFS 200,NADWOZIE,249.00
266876531,Pokrowiec na siedzenie Moose Utility Heavy-Duty Honda TRX 450 ES,NADWOZIE,249.00
266876534,Pokrowiec na siedzenie Moose Utility Heavy-Duty Yamaha YFM 660,NADWOZIE,249.00
266876540,Pokrowiec na siedzenie Moose Utility Heavy-Duty Honda TRX 500,NADWOZIE,249.00
266876559,Podgrzewane siedzenie do Quada ATV MATA GRZEWCZA Moose Utility,NADWOZIE,497.00
266876560,Podgrzewane siedzenia do Quada ATV MATA GRZEWCZA Moose Utility,NADWOZIE,659.00
266876561,Silnik sterowania zmianą biegów Moose Utility Honda TRX 400 FA,NADWOZIE,729.00
266876562,Silnik sterowania zmianą biegów Moose Utility Honda SXS 1000 M3 4X4,NADWOZIE,918.00
266876563,Silnik sterowania zmianą biegów Moose Utility Honda TRX 500 FE 4X4,NADWOZIE,999.00
266876565,Silnik sterowania zmianą biegów Moose Utility Honda TRX 450 FE,NADWOZIE,918.00
266876568,Osłona skarpeta amortyzatora czarna Moose Utility,NADWOZIE,81.00
266876573,Obudowa kabiny Moose Utility komplet Polaris RZR S 1000 4X4,NADWOZIE,2160.00
266876578,Dysza środkowa do zestawów wysięgnika ATV Moose Utility 10 mm,NADWOZIE,27.00
266876579,Dysza środkowa wysięgnika opryskiwacza Moose Utility 12 mm,NADWOZIE,162.00
266876585,Fajka świecy zapłonowej z przewodem Moose Utility Sportsman 400 HO 4X4,NADWOZIE,114.00
266876586,Fajka świecy zapłonowej z przewodem Moose Utility Ranger RZR 800 4X4,NADWOZIE,146.00
266999036,Przekaźnik 20A Moose Utility 4 piny Can Am Renegade,NADWOZIE,119.00
266999825,Przekaźnik Moose Utility 5 pinów Arctic Cat Prowler Wildcat,NADWOZIE,108.00
267005976,Silnik sterowania zmianą biegów Moose Utility Honda TRX 500 Fourtrax,NADWOZIE,918.00
267007345,Pianka gąbka siedzenia Moose Utility biała Honda TRX 300,NADWOZIE,513.00
267008432,Pianka gąbka siedzenia Moose Utility biała Yamaha YFM 660,NADWOZIE,621.00
267009380,Pokrowiec na siedzenie Moose Utility Heavy-Duty Suzuki LT-F 400,NADWOZIE,249.00
267009415,Pokrowiec na siedzenie Moose Utility  Polaris Magnum Sportsman Trail boss,NADWOZIE,249.00
267009487,Pokrowiec na siedzenie Moose Utility Heavy-Duty Polaris Sportsman,NADWOZIE,249.00
267009584,Pokrowiec na siedzenie Moose Utility Heavy-Duty Honda TRX 350,NADWOZIE,249.00
267009865,Pokrowiec na siedzenie Moose Utility Heavy-Duty Honda TRX 650 680,NADWOZIE,249.00
267010209,Pokrowiec na siedzenie Moose Heavy-Duty Yamaha YFM 250 350 400 450,NADWOZIE,249.00
267022893,Pokrowiec na siedzenie Moose Utility Cordura czarny Honda TRX 450 500,NADWOZIE,227.00
267023783,Pokrowiec na siedzenie Moose Utility Cordura czarny Honda TRX 420,NADWOZIE,227.00
267026843,Pokrowiec na siedzenie Moose Utility Heavy-Duty Polaris Sportsman XP 550 850,NADWOZIE,303.00
267027662,"Tylna część ramy, zadupek Suzuki LTZ 400 41200-07G20-YD8",LTZ 400,790.00
267027663,Wahacz górny prawy przód Suzuki LTZ 400 52430-07G10-YD8,LTZ 400,349.00
267027664,Wahacz górny lewy przód Suzuki LTZ 400 52440-07G10-YD8,LTZ 400,349.00
267027665,Wahacz dolny lewy przód Suzuki LTZ 400 52420-07G20-YD8,LTZ 400,299.00
267027666,Wahacz dolny prawy przód Suzuki LTZ 400 52410-07G20-YD8,LTZ 400,299.00
267027667,Osłona wydechu kolektora Yamaha Raptor 700 1S3-14628-00-00,Raptor 700,349.00
267027668,Osłona wydechu kolektora Yamaha Raptor 700 nr2 1S3-14628-00-00,Raptor 700,249.00
267027670,Osłona wydechu kolektora Yamaha Raptor 700 nr3 1S3-14628-00-00,Raptor 700,249.00
267027671,Zbiornik oleju Yamaha Raptor 700 1S3-21750-00-00,Raptor 700,499.00
267027672,Felga tylna oryginalna 9x8.0AT Yamaha YFZ 450 5LP-F5390-29-00,YFZ 450,399.00
267028890,Pokrowiec na siedzenie Moose Utility Heavy-Duty Polaris Scrambler 850 XP 1000,NADWOZIE,249.00
267029864,Neoprenowe pokrowce na siedzenie Moose Utility Can Am Defender HD,NADWOZIE,821.00
267031208,Dach UTV Moose Utility 2-częściowy Can Am Commander 800 1000,NADWOZIE,1485.00
267031278,Dach UTV Moose Utility 109 cm x 88 cm Polaris Ranger RZR 570 800 900,NADWOZIE,837.00
267032280,"Dach UTV Moose Utility 84,5 cm x 89 cm Polaris RZR 170",NADWOZIE,675.00
267106285,Adapter przełącznika zatrzaskowego Moose Utility Carling Style,NADWOZIE,49.00
267106287,Bendiks rozrusznika Moose Polaris Ranger 700 800 RZR 800 Sportsman 700 800,NADWOZIE,659.00
267106289,Czujnik prędkościomierza Moose Utility Polaris Magnum Sportsman,NADWOZIE,378.00
267106291,Gumowe stopki opryskiwacza Moose Utility czarne 4szt,NADWOZIE,49.00
267106292,"Kołek obrotowy do opryskiwaczy punktowych ATV Moose Utility 9,5 mm",NADWOZIE,8.00
267106293,"Końcówka węża do opryskiwacza plastik 1/2"" Moose Utility",NADWOZIE,33.00
267106294,"Końcówka węża do opryskiwacza plastik 3/8"" Moose Utility",NADWOZIE,4.00
267106296,Kran zawór obrotowy do opryskiwacza plastik Moose Utility,NADWOZIE,38.00
267106299,Kran zawór odcinający do opryskiwacza plastik Moose Utility,NADWOZIE,43.00
267106302,Mata grzewcza kciuka do manetek Moose Utility,NADWOZIE,243.00
267106306,"Nakrętka do rozsiewacza 1/4"" ATV Moose Utility",NADWOZIE,2.00
267106308,Nakrętka dyszy opryskiwacza plastik Moose Utility,NADWOZIE,22.00
267106310,"Obejma opaska skręcana zaciskowa 3/8"" - 1/2"" Moose Utility",NADWOZIE,6.00
267106312,Pistolet natryskowy końcówka X-26 ATV Moose Utility,NADWOZIE,54.00
267106315,"Podkładka płaska 1/4"" Moose Utility",NADWOZIE,2.00
267106319,Pokrowiec na siedzenie Moose Utility Heavy-Duty Arctic Cat,NADWOZIE,249.00
267106336,Pokrowiec na siedzenie Moose Utility Heavy-Duty Suzuki LT-A 500,NADWOZIE,249.00
267106349,Pokrywa nakrętka zbiornika do opryskiwaczy punktowych ATV Moose Utility,NADWOZIE,81.00
267106351,"Pompa do opryskiwaczy 17 L/min 4,5 GPM Moose Utility",NADWOZIE,918.00
267106353,"Pompa do opryskiwaczy 4,4 L/min 1,2 GPM Moose Utility",NADWOZIE,470.00
267106355,"Pompa do opryskiwaczy 9 L/min 2,4 GPM Moose Utility",NADWOZIE,686.00
267106359,Przekaźnik rozrusznika komplet uniwersalny Moose Utility,NADWOZIE,303.00
267106361,Przekaźnik rozrusznika Moose Utility KTM Adventure 950 990 Duke SM 690,NADWOZIE,243.00
267106363,"Przekaźnik rozrusznika Moose Utility KTM LC4 Adventure 640, SXC 625 EGS 400",NADWOZIE,243.00
267106365,Przełącznik akcesoriów Moose Utility czarno/czerwony LED,NADWOZIE,81.00
267106368,Przełącznik akcesoriów Moose Utility czarno/niebieski LED,NADWOZIE,81.00
267106371,Przełącznik akcesoriów Moose Utility czarno/zielony LED,NADWOZIE,81.00
267106372,Przełącznik AUX ATV Moose Utility niebieski,NADWOZIE,81.00
267106375,Przełącznik kierunkowskazów ATV Moose Utility,NADWOZIE,108.00
267106377,Przełącznik Lightbar LED Moose Utility czarny,NADWOZIE,81.00
267106379,Przełącznik Lightbar LED Moose Utility czerwony,NADWOZIE,81.00
267106381,Przełącznik Rock Light ATV Moose Utility czerwony,NADWOZIE,81.00
267106383,Przełącznik Rock Light ATV Moose Utility niebieski,NADWOZIE,81.00
267106384,Przełącznik sygnału dźwiękowego ATV Moose Utility czerwony,NADWOZIE,81.00
267106386,Przełącznik sygnału dźwiękowego ATV Moose Utility niebieski,NADWOZIE,81.00
267106389,Przełącznik świateł dachowych ATV Moose Utility,NADWOZIE,81.00
267106392,Przełącznik świateł dachowych ATV Moose Utility czerwony,NADWOZIE,81.00
267106394,Przełącznik świateł zombie ATV Moose Utility czerwony,NADWOZIE,81.00
267106396,Przełącznik świateł zombie ATV Moose Utility niebieski,NADWOZIE,81.00
267106400,Przełącznik wciągarki ATV Moose Utility czarny,NADWOZIE,108.00
267106401,Przełącznik wciągarki ATV Moose Utility czerwony,NADWOZIE,108.00
267106404,Przełącznik wentylatora ATV Moose Utility czerwony,NADWOZIE,81.00
267106406,Przełącznik wentylatora ATV Moose Utility niebieski,NADWOZIE,81.00
267106408,Przewód zasilający pompy opryskiwacza ATV Moose Utility,NADWOZIE,119.00
267106410,Rozdzielacz węży opryskiwacza 3/8 HOS Moose Utility,NADWOZIE,243.00
267106420,Rozrusznik elektryczny Moose Arctic Cat H1 550 650 700 H2 1000 Prowler 550,NADWOZIE,864.00
267106422,Rozrusznik elektryczny Moose Can Am Commander  Maverick Outlander 1000,NADWOZIE,972.00
267106426,Rozrusznik elektryczny Moose Utility Can Am Outlander 330 400 HO,NADWOZIE,1026.00
267106429,Rozrusznik elektryczny Moose Utility Can Am Traxter 500 4X4,NADWOZIE,659.00
267106437,Rozrusznik elektryczny Moose Utility Honda TRX 300 Fourtrax,NADWOZIE,864.00
267106443,Rozrusznik elektryczny Moose Utility Honda TRX 650 680 Fourtrax Rincon,NADWOZIE,972.00
267106445,"Rozrusznik elektryczny Moose Utility Kawasaki KFX 80, Suzuki LT 80",NADWOZIE,837.00
267106449,Rozrusznik elektryczny Moose KTM EXC 250 400 520 SX 400 520 XC 450 525,NADWOZIE,756.00
267106451,Rozrusznik elektryczny Moose Utility Kymco KXR 250 MXU 250 300,NADWOZIE,702.00
267106453,Rozrusznik elektryczny Moose Utility Polaris Outlaw Sportsman 90 2X4,NADWOZIE,683.00
267106455,Rozrusznik elektryczny Moose Utility Polaris Phoenix 200 2x4,NADWOZIE,567.00
267106457,Rozrusznik elektryczny Moose Utility Polaris Sportsman Ranger 570,NADWOZIE,1026.00
267106459,Rozrusznik elektryczny Moose Polaris Ranger Sportsman 700 800 RZR 4 800,NADWOZIE,1026.00
267106461,Rozrusznik elektryczny Moose Utility Polaris Ranger RZR XP 900 4X4,NADWOZIE,1566.00
267106466,Rozrusznik elektryczny Moose Utility Polaris Sportsman 550 XP 550,NADWOZIE,1026.00
267106468,Rozrusznik elektryczny Moose Utility Polaris Sportsman XP 850 4x4,NADWOZIE,1404.00
267106470,Rozrusznik elektryczny Moose Suzuki LT 160 230 LT-F 160 250 LT-Z 250,NADWOZIE,837.00
267106472,Rozrusznik elektryczny Moose Utility Suzuki LT-A 450 500 Kingquad,NADWOZIE,659.00
267106474,Rozrusznik elektryczny Moose Utility TGB Blade Target 325 2X4,NADWOZIE,702.00
267106479,"Rozrusznik elektryczny Moose Utility Yamaha YFA 1 Breeze, YFM 125 Grizzly",NADWOZIE,556.00
267106485,Rozrusznik elektryczny Moose Utility Yamaha YFM 350 400,NADWOZIE,708.00
267106488,Rozrusznik elektryczny Moose Utility Yamaha YFM 400 450 660 YXR 660,NADWOZIE,1134.00
267106491,Rozrusznik elektryczny Moose Utility Yamaha YFM 550 700 Grizzly Raptor,NADWOZIE,1134.00
267106494,Rozrusznik elektryczny Moose Utility Yamaha YFZ 450,NADWOZIE,637.00
267106520,Uzwojenie alternatora stator Moose Polaris Sportsman Scrambler Predator 90,NADWOZIE,648.00
267106523,Uzwojenie alternatora stator Moose Utility High-Outpout Suzuki LT-Z 400,NADWOZIE,999.00
267106529,Uzwojenie alternatora stator Moose Utility High-Outpout Yamaha YFM 660 R,NADWOZIE,1188.00
267106533,Uzwojenie alternatora stator Moose Kawasaki KEF 300 Lakota KLF 300 Bayou,NADWOZIE,902.00
267106535,Uzwojenie alternatora stator Moose Utility Kawasaki KVF 650 I 4X4,NADWOZIE,1458.00
267106537,Uzwojenie alternatora stator Moose Polaris Big Boss Magnum Sportsman 500,NADWOZIE,1458.00
267106541,Uzwojenie alternatora stator Moose Polaris Magnum 425 Sportsman 335 400 500,NADWOZIE,1512.00
267106558,Uzwojenie alternatora stator Moose Utility Suzuki LT-R 450 2X4 Quadracer,NADWOZIE,1188.00
267106564,Uzwojenie alternatora stator Moose Utility Yamaha YFM 350,NADWOZIE,1458.00
267106567,Uzwojenie alternatora stator Moose Utility Yamaha YFM 350 Raptor,NADWOZIE,1458.00
267106569,Uzwojenie alternatora stator Moose Utility Yamaha YFM 600 FWA,NADWOZIE,1458.00
267106570,Uzwojenie alternatora stator Moose Utility Yamaha YFZ 350 Banshee,NADWOZIE,1620.00
267106571,Uzwojenie alternatora stator Moose Utility Yamaha YFZ 450,NADWOZIE,999.00
267106572,Wałek rozsiewacza Moose Utility,NADWOZIE,81.00
267106575,"Wąż opryskiwacza 1/2"" poliwęglan Moose Utility",NADWOZIE,22.00
267106576,"Wąż syfonowy Moose Utility Super Siphon 12,7 mm",NADWOZIE,130.00
267106580,Zestaw klinów pod koła i pasków mocujących Moose Utility,NADWOZIE,297.00
267106581,"Zestaw opryskiwacza Moose Utility 56,8 L 9 L/min (2,4 GPM)",NADWOZIE,1512.00
267106583,Zestaw przelotek pompy opryskiwacza Moose Utility,NADWOZIE,65.00
267118146,Pokrowiec na siedzenie Moose Utility Heavy-Duty  Can Am Renegade,NADWOZIE,249.00
267129203,Pokrowiec na siedzenie Moose Utility Heavy-Duty Yamaha YFM 350,NADWOZIE,249.00
268014662,Opona Bridgestone Exedra G 523 57s 100/90-19R nr3,Opony,39.00
268014664,Opona używana do quada ITP Baja Cross 81D 26X10-14,Opony,100.00
268014665,Opona motocyklowa Metzeler Marathon 170-80 15R,Opony,99.00
268014666,Opona motocyklowa Metzeler Marathon 170-80 15R,Opony,99.00
268014667,Opona motocyklowa Metzeler Marathon MBS 140-80 17R,Opony,149.00
268014669,Opona motocyklowa Metzeler Marathon ME880 170-80 15R,Opony,149.00
268014670,Opona motocyklowa Michelin Radial 160-60 18R,Opony,129.00
268014671,Opona motocyklowa Michelin Pilot Power 120-60 17R,Opony,89.00
268014672,Opona motocyklowa Michelin StarCross 110-90 19R,Opony,139.00
268014673,Gril atrapa Polaris ACE 570 5450067 !!!GABARYT!!!,ACE,699.00
268014674,Gril atrapa przód Polaris RZR 800 5436605,RZR,650.00
268014676,Gril atrapa przód Polaris Sportsman 570 Forest 5438559 !!!GABARYT!!!,SPORTSMAN,699.00
268014677,Maskownica plastik przód Polaris Sportsman 500 HO 5436715-498,SPORTSMAN,299.00
268014679,Stopień prawy Polaris Sportsman 500 HO 800 5436932,Sportsman,399.00
269779743,Dolot powietrza Yamaha Raptor 700 1S3-14453-00-00,Raptor 700,150.00
269779744,Kratka chłodnicy Yamaha Raptor 700 1S3-12467-00-00,Raptor 700,89.00
269779745,Felga tył czarna 9x8.0AT Yamaha Raptor 700 660 350 YFZ 450 5LP-F5390-29-00,Raptor 700,390.00
269779746,Osłona obudowa plastik stacyjki Yamaha Raptor 700 1S3-26124-00-00,Raptor 700,59.00
269779747,Przewód hamulcowy przedni Yamaha Raptor 700 5TG-25873-21-00,Raptor 700,149.00
269779748,Ramka lampy prawej tył CF MOTO 850 1000 9AWA-043022,850,49.00
269779749,Pokrywa schowka tył CF MOTO 850 1000 9AWA-043013,850,69.00
269779750,Zwrotnica prawa przód Polaris Sportsman 500 5631507,SPORTSMAN,249.00
269779751,Stopień prawy Polaris Sportsman 500 5436932,SPORTSMAN,349.00
269779752,Zwrotnica tylna Polaris Sportsman 500 563154007,SPORTSMAN,349.00
269779753,Osłona tylnego wahacza prawa Polaris Sportsman 500 800 543500901,SPORTSMAN,90.00
269779974,"Mechanizm hamulca ręcznego komplet Yamaha Raptor 700 1S3-25726-02-00 , 1S3-25727-01-00",Raptor 700,399.00
269779975,Ramka lampy lewej tył CF MOTO 850 1000 9AWA-043021,850,49.00
269780046,Piasta tylna z tarczą Polaris Sportsman 500 800 5631718,SPORTSMAN,399.00
269802833,Lewa osłona wahacza tylnego Polaris Sportsman 500 800 5435008-070,SPORTSMAN,90.00
269802835,"Stelaż akumulatora Can Am Outlander 705203842 , 705201942 , 705202394 gabaryt",Outlander,390.00
269802836,"Atrapa grill plastik przód Can Am Outlander 705003080 , 705002779 , 705002825 , 705002826 , 705002889 , 705002826",Outlander,799.00
269802837,Amortyzator kompletny przód Can Am Outlander 706200658,Outlander,590.00
269802839,Amortyzator tylny Can Am Outlander 400 650 800 706000391,Outlander,349.00
269802840,Stelaż bagażnika bagażnik Can Am Outlander 400 650 800 705002617,Outlander,649.00
269802841,Stelaż bagażnika przód Can Am Outlander 400 650 800 705002616,Outlander,699.00
269802842,Stelaż zderzaka przód bumper Can Am Outlander 400 650 800 705003654,Outlander,890.00
269802844,Pompa hamulcowa przód Can Am Outlander 400 650 800 705600844,Outlander,299.00
269802845,Chłodnica wody Can Am Outlander 400 650 800 709200307,Outlander,599.00
270237128,Drążek kierowniczy kompletny Can Am Outlander 400 650 800 709400485,Outlander,149.00
270237130,Kierownica komplet Can Am Outlander 400 650 800 709401237,Outlander,290.00
270237132,Klakson sygnał z wiązką Can Am Outlander 400 650 800,Outlander,249.00
270237134,Kolumna kierownicza sztyca Can Am Outlander 400 650 800 709401056,Outlander,449.00
270237136,Licznik zegary Can Am Outlander 400 650 800 703500766,Outlander,899.00
270274796,Obudowa kierownicy plastki Can Am Outlander 400 650 800 709400386,Outlander,249.00
270274797,Obudowa licznika plastki Can Am Outlander 400 650 800 709400313,Outlander,249.00
270274800,"Prawy plastik osłona silnika Can Am Outlander 400 650 800 705003502 , 705002664",Outlander,399.00
270297828,Plastik stacyjki obudowa Can Am Outlander 400 650 800 715000789,Outlander,349.00
270297829,Podnóżek lewy stopień Can Am Outlander 400 650 800 705003632,Outlander,449.00
270297830,Podnóżek prawy stopień Can Am Outlander 400 650 800 705002485,Outlander,449.00
270297831,Pokrywa schowka przód Can Am Outlander 400 650 800 705003492,Outlander,299.00
270298044,Pokrywa schowka przód / tył Can Am Outlander 400 650 800 705003492,Outlander,299.00
270378452,Dętka NARUBB 2.75-17 TR4 2MM,NADWOZIE,40.00
270378456,Dętka NARUBB 3.25/3.50-10 JS87,NADWOZIE,24.00
270378459,Dętka NARUBB 3.50/4.00-16 TR4 2MM,NADWOZIE,44.00
270378467,Dętka NARUBB 80/100-21 TR4 4MM,NADWOZIE,72.00
270378469,Dętka NARUBB 90/100-16 TR4 2MM,NADWOZIE,45.00
270378470,Dętka NARUBB 90/90-21 TR4 4MM,NADWOZIE,76.00
270419042,Pompa paliwa Can Am Outlander 400 650 800 703500766,Outlander,699.00
270419043,Siedzenie kanapa Can Am Outlander 400 650 800 708001506,Outlander,499.00
270419044,Wentylator chłodnicy Can Am Outlander 400 650 800 709200371,Outlander,599.00
270419045,Cewka z fajką Can Am Outlander 400 650 800 420665710,Outlander,199.00
270419046,Hak mocowanie kompletne Can Am Outlander 400 650 800 715000286,Outlander,399.00
270419047,"Instalacja, wiązka elektryczna Can Am Outlander 400 650 800 420265838",Outlander,599.00
270419048,"Moduł, komputer ECU Can Am Outlander 400 650 800 420266824",Outlander,1290.00
270419049,Lampa tylna Can Am Outlander 400 650 800 710001203 QUAD ATV,Outlander,99.00
270419050,Lampa przednia lewa EU Can Am Outlander 400 650 800 710001497,Outlander,449.00
270419051,Air Box obudowa filtra powietrza Can Am Outlander 400 650 800 707800262,Outlander,399.00
270419052,Plastik osłona lampy tylnej Can Am Outlander 400 650 800 705003840,Outlander,99.00
270419053,Osłona zderzaka przód Can Am Outlander 400 650 800 705003495,Outlander,199.00
270419054,Lampa przód prawa EU Can Am Outlander 400 650 800 710001496,Outlander,449.00
270419055,"Stelaż podnóżka prawego lewego Can Am Outlander 400 650 800 705202081 , 705201993",Outlander,149.00
270419056,Wahacz tylny lewy Can Am Outlander 400 650 800 706001185,Outlander,399.00
270419057,Oś wahaczy tył Can Am Outlander 400 650 800,Outlander,199.00
270419058,Wydech tłumik Can Am Outlander 400 650 800 707600574,Outlander,449.00
270419059,Zwrotnica przód lewa Can Am 400 650 800 705400816,Outlander,299.00
270475149,Uzwojenie alternatora stator Moose Utility Yamaha YFM 550  700,NADWOZIE,1458.00
270483370,Uzwojenie alternatora stator Moose Utility TGB Blade 425 500 Target 325,NADWOZIE,1080.00
270484553,Uzwojenie alternatora stator Moose Utility TGB Blade Suzuki LT-A 750,NADWOZIE,756.00
270487003,Uzwojenie alternatora stator Moose Utility Arctic Cat 700 H1 H2 Prowler,NADWOZIE,1458.00
270488003,Uzwojenie alternatora stator Moose Utility Honda CR 125 250 R,NADWOZIE,864.00
270491161,Uzwojenie alternatora stator Moose Utility Can Am Renegade Outlander,NADWOZIE,1080.00
270494113,Uzwojenie alternatora stator Polaris Ranger Sportsman 700 800,NADWOZIE,1458.00
270501507,Uzwojenie alternatora stator Moose Utility Suzuki LT-A 700 750,NADWOZIE,1458.00
270504830,Uzwojenie alternatora stator Moose Polaris Scrambler Sportsman Ranger,NADWOZIE,1458.00
270512127,Uzwojenie alternatora stator Moose Utility Polaris Sportsman Ranger 500 EFI,NADWOZIE,1458.00
270514179,Uzwojenie alternatora stator Moose Utility Arctic Cat 400,NADWOZIE,1458.00
270515493,Uzwojenie alternatora stator Moose Utility High-Outpout Yamaha YXR 660,NADWOZIE,999.00
270519580,Uzwojenie alternatora stator Moose Utility Yamaha YFM 400 450,NADWOZIE,1458.00
270521088,Uzwojenie alternatora stator Moose Utility Yamaha YFM 350 400,NADWOZIE,1458.00
270521331,Uzwojenie alternatora stator Moose Utility Yamaha YFM 350,NADWOZIE,1161.00
270522226,Uzwojenie alternatora stator Moose Utility Polaris Sportsman,NADWOZIE,1512.00
270669159,"Szerokokątne lusterko wsteczne 2"" UTV Moose Can Am Commander Maverick",NADWOZIE,254.00
270695604,Wentylator chłodnicy Moose Hi-Performance Kawasaki KFX 400 Suzuki LT-Z 400,NADWOZIE,891.00
270748899,Opona ATV/UTV Moose Utility Insurgent 30x10-14 TL 8PR 63M,NADWOZIE,1242.00
270748900,Opona ATV/UTV Moose Utility Insurgent 27x11-14 TL 8PR 60M,NADWOZIE,1296.00
270748901,Opona ATV/UTV Moose Utility Insurgent 27x9-14 TL 8PR 54M,NADWOZIE,1026.00
270748902,Opona ATV/UTV Moose Utility Insurgent 28x10-14 8PR 59M,NADWOZIE,1242.00
270748903,Opona ATV/UTV Moose Utility Splitter 26x11-12 TL 6PR,NADWOZIE,594.00
270748904,Opona ATV/UTV Moose Utility Switchback 28x10-14 TL 6PR,NADWOZIE,1134.00
270748905,Opona ATV/UTV Moose Utility Switchback 25x10-12 TL 6PR 50J,NADWOZIE,648.00
270748906,Opona ATV/UTV Moose Utility Switchback 25x8-12 TL 6PR 43J,NADWOZIE,567.00
270748907,Opona ATV/UTV Moose Utility Switchback 26x11-12 TL 6PR 55J,NADWOZIE,837.00
270748908,Opona ATV/UTV Moose Utility Switchback 26x9-12 TL 6PR 49J,NADWOZIE,621.00
270748912,Czujnik mapy Moose Utility Polaris Scrambler 850 4x4,NADWOZIE,243.00
270748914,Ściągacz paska napędowego ATV Moose Utility Polaris RZR,NADWOZIE,168.00
270748915,Ściągacz stożka sprzęgła ATV Moose Utility Honda TRX 400 450,NADWOZIE,459.00
270748918,Narzędzie do blokowania nakrętek skrzyni biegów Moose Utility Phoenix 200,NADWOZIE,189.00
270748919,Ściągacz koła zębatego pompy wody ATV Moose Utility modele Polaris,NADWOZIE,702.00
270748920,Dyszel do skrzyni ładunkowej do skuterów śnieżnych Moose Utility,NADWOZIE,378.00
270748922,Pas do holowania Moose Utility Heavy-Duty pomarańczowy,NADWOZIE,135.00
270748924,Tylny kufer bagażnika + siedzenie pasażera ATV Moose Utility Trailblazer,NADWOZIE,2160.00
270748926,Najazd aluminiowy regulowany dla motocykli quadów Moose Utility,NADWOZIE,1350.00
270748927,"Zaczep z uchwytem kulowym kula haka ATV/UTV Moose Utility Trio HD 1,25""",NADWOZIE,303.00
270748929,"Zaczep z uchwytem kulowym kula haka ATV/UTV Moose Utility Trio HD 2""",NADWOZIE,303.00
270748931,"Zaczep z uchwytem kulowym kula haka ATV/UTV Moose Utility Trio HD 1,25""",NADWOZIE,297.00
270748934,Skrzynia ładunkowa sanie transportowe do skuterów śnieżnych Moose Utility,NADWOZIE,1026.00
270748936,Dętka Moose Utility ATV/UTV 33x10x15 TR6 Heavy-Duty,NADWOZIE,157.00
270748938,Dętka Moose Utility ATV/UTV 35x10x15 TR6-Off Heavy-Duty,NADWOZIE,189.00
270748943,Kotwy uchwyty montażowe Moose Utility Twist-N-Lock Polaris General 4 1000,NADWOZIE,276.00
270748944,Kotwy montażowe Moose Utility Twist-N-Lock Polaris Sportsman XP 1000,NADWOZIE,276.00
270748951,Krzyżak przegubu napędowego Moose Utility Type One Suzuki LT-F 300 F 4X4,NADWOZIE,76.00
270748953,Krzyżak przegubu napędowego Moose Type One Can Am Outlander 500 650 800,NADWOZIE,114.00
270748959,Krzyżak przegubu napędowego Moose Type One Can Am Outlander 400 600 800,NADWOZIE,114.00
270748965,Krzyżak przegubu napędowego Moose Can Am Outlander Renegade 1000 800,NADWOZIE,200.00
270748967,Uniwersalny przełącznik dwubiegunowy Moose Utility,NADWOZIE,114.00
270748968,"Lusterka boczne 1.5"" UTV zestaw Moose Utility",NADWOZIE,378.00
270748970,"Lusterka boczne 1.75"" UTV zestaw Moose Utility",NADWOZIE,378.00
270748972,"Lusterka boczne 2"" UTV zestaw Moose Utility",NADWOZIE,378.00
270748976,Zacisk montażowy akcesoriów na rurę UTV 1.5-1.75 Moose Utility,NADWOZIE,189.00
270748977,Lusterka boczne UTV zestaw modele Polaris,NADWOZIE,378.00
270748979,Stojak podwójny na broń UTV Moose Utility V-Grip,NADWOZIE,486.00
270748981,Zamienne uchwyty do stojaków na broń Moose Utility komplet,NADWOZIE,49.00
270748983,Uchwyt na broń na kierownicę UTV Moose Utility V-Grip,NADWOZIE,297.00
270748984,Stojak uchwyt pojedynczy na broń ATV/UTV Moose Utility V-Grip,NADWOZIE,297.00
270763102,Czujnik mapy Moose Utility Can Am Outlander 500  800 100 EFI,NADWOZIE,243.00
270764444,Wiązka elektryczna T-Map Sensor Moose Utility Polaris Ace Ranger Sportsman,NADWOZIE,162.00
270766228,Wiązka elektryczna wtyczka skrzyni biegów Polaris Gereral RZR,NADWOZIE,162.00
270767945,Kotwy uchwyty montażowe Moose Twist-N-Lock Polaris Ranger RZR 170 800 S 800,NADWOZIE,276.00
270770992,Krzyżak przegubu napędowego Moose Type One Kawasaki KRF 750 KAF 620 950,NADWOZIE,114.00
270771104,Krzyżak przegubu napędowego Moose Utility Type One Kawasaki KAF 400 620 950,NADWOZIE,114.00
270771348,Krzyżak przegubu napędowego Moose Utility Type One Yamaha YFM 250 350 400,NADWOZIE,114.00
270771415,Krzyżak przegubu napędowego Moose Utility Type One Suzuki LT-F LT-4WD 250,NADWOZIE,135.00
270771516,Krzyżak przegubu napędowego Moose Utility Type One Arctic Cat 400 500,NADWOZIE,114.00
270774914,Lusterko wsteczne w stylu samochodowym Pro-Fit Polaris Ranger XP XP4 900,NADWOZIE,254.00
270775718,Rozrusznik elektryczny Moose Utility Yamaha YFM 350 400,NADWOZIE,837.00
270778222,Rozrusznik elektryczny Moose Utility Yamaha YFB 250 YFM 200 250 YTM 200 225,NADWOZIE,756.00
271086441,Rozrusznik elektryczny Moose Utility Yamaha YFM 250R Raptor XT250,NADWOZIE,864.00
271152264,Rozrusznik elektryczny Moose Polaris Scrambler Sport Sportsman Xplorer 400,NADWOZIE,837.00
271152311,Felga aluminiowa ATV/UTV Moose Utility 26X 12X7 4/110 Offset 4+3,NADWOZIE,594.00
271152312,Felga aluminiowa ATV/UTV Moose Utility 26X 12X7 4/136 Offset 4+3,NADWOZIE,594.00
271152313,Felga aluminiowa ATV/UTV Moose Utility 26X 12X7 4/156 Offset 4+3,NADWOZIE,594.00
271152314,Felga aluminiowa ATV/UTV Moose Utility 26X 14X7 4/110 Offset 4+3,NADWOZIE,648.00
271152315,Felga aluminiowa ATV/UTV Moose Utility 26X 14X7 4/136 Offset 4+3,NADWOZIE,648.00
271152316,Felga aluminiowa ATV/UTV Moose Utility 26X 14X7 4/156 Offset 4+3,NADWOZIE,648.00
271152317,Felga aluminiowa ATV/UTV Moose Utility 27X 12X7 4/110 Offset 4+3,NADWOZIE,594.00
271152318,Felga aluminiowa ATV/UTV Moose Utility 27X 12X7 4/136 Offset 4+3,NADWOZIE,594.00
271152319,Felga aluminiowa ATV/UTV Moose Utility 27X 12X7 4/156 Offset 4+3,NADWOZIE,594.00
271152320,Felga aluminiowa ATV/UTV Moose Utility 27X 14X7 4/110 Offset 4+3,NADWOZIE,648.00
271152322,Felga aluminiowa ATV/UTV Moose Utility 27X 14X7 4/136 Offset 4+3,NADWOZIE,648.00
271152323,Felga aluminiowa ATV/UTV Moose Utility 27X 14X7 4/156 Offset 4+3,NADWOZIE,648.00
271152324,Felga aluminiowa ATV/UTV Moose Utility 112X 12x7 TR-412 4/110 Offset 4+3,NADWOZIE,702.00
271152325,Felga aluminiowa ATV/UTV Moose Utility 112X 12x7 TR-412 4/136 Offset 4+3,NADWOZIE,702.00
271152326,Felga aluminiowa ATV/UTV Moose Utility 112X 12x7 TR-412 4/156 Offset 4+3,NADWOZIE,702.00
271152329,Felga aluminiowa ATV/UTV Moose Utility 112X 12x8 TR-412 4/156 Offset 4+4,NADWOZIE,700.00
271152330,Felga aluminiowa ATV/UTV Moose Utility 112X 14x7 TR-412 4/110 Offset 4+3,NADWOZIE,864.00
271152331,Felga aluminiowa ATV/UTV Moose Utility 112X 14x7 TR-412 4/136 Offset 4+3,NADWOZIE,864.00
271152333,Felga aluminiowa ATV/UTV Moose Utility 112X 14x8 TR-412 4/110 Offset 4+4,NADWOZIE,756.00
271152334,Felga aluminiowa ATV/UTV Moose Utility 112X 14x8 TR-412 4/156 Offset 4+4,NADWOZIE,864.00
271152335,Felga aluminiowa ATV/UTV Moose Utility 23X 12X7 4/110 Offset 4+3,NADWOZIE,864.00
271152336,Felga aluminiowa ATV/UTV Moose Utility 23X 12X7 4/136 Offset 4+3,NADWOZIE,864.00
271152337,Felga aluminiowa ATV/UTV Moose Utility 23X 12X7 4/156 Offset 4+3,NADWOZIE,864.00
271152338,Felga aluminiowa ATV/UTV Moose Utility 23X 12X8 4/136 Offset 4+4,NADWOZIE,918.00
271152339,Felga aluminiowa ATV/UTV Moose Utility 23X 12X8 4/136 Offset 4+4,NADWOZIE,918.00
271152340,Felga aluminiowa ATV/UTV Moose Utility 23X 12X8 4/156 Offset 4+4,NADWOZIE,918.00
271152341,Felga aluminiowa ATV/UTV Moose Utility 23X 14X7 4/110 Offset 5+2,NADWOZIE,1026.00
271152342,Felga aluminiowa ATV/UTV Moose Utility 23X 14X7 4/136 Offset 5+2,NADWOZIE,1026.00
271152343,Felga aluminiowa ATV/UTV Moose Utility 23X 14X7 4/156 Offset 5+2,NADWOZIE,1026.00
271152344,Felga aluminiowa ATV/UTV Moose Utility 361X 12X7 4/110 Offset 4+3,NADWOZIE,843.00
271152345,Felga aluminiowa ATV/UTV Moose Utility 361X 12X7 4/136 Offset 4+3,NADWOZIE,843.00
271152346,Felga aluminiowa ATV/UTV Moose Utility 361X 12X7 4/156 Offset 4+3,NADWOZIE,843.00
271152347,Felga aluminiowa ATV/UTV Moose Utility 361X 12X8 4/110 Offset 4+3,NADWOZIE,843.00
271152348,Felga aluminiowa ATV/UTV Moose Utility 361X 12X8 4/136 Offset 4+3,NADWOZIE,843.00
271152349,Felga aluminiowa ATV/UTV Moose Utility 361X 12X8 4/156 Offset 4+3,NADWOZIE,843.00
271152351,Felga aluminiowa ATV/UTV Moose Utility 361X 14X7 4/110 Offset 5+2,NADWOZIE,972.00
271152352,Felga aluminiowa ATV/UTV Moose Utility 361X 14X7 4/136 Offset 5+2,NADWOZIE,972.00
271152353,Felga aluminiowa ATV/UTV Moose Utility 361X 14X7 4/136 Offset 4+3,NADWOZIE,972.00
271152354,Felga aluminiowa ATV/UTV Moose Utility 361X 14X7 4/156 Offset 5+2,NADWOZIE,972.00
271152355,Felga aluminiowa ATV/UTV Moose Utility 361X 14X7 4/156 Offset 4+3,NADWOZIE,972.00
271152356,Felga aluminiowa ATV/UTV Moose Utility 361X 15X7 4/110 Offset 5+2,NADWOZIE,1015.00
271152357,Felga aluminiowa ATV/UTV Moose Utility 361X 15X7 4/136 Offset 5+2,NADWOZIE,1015.00
271152358,Felga aluminiowa ATV/UTV Moose Utility 361X 15X7 4/156 Offset 5+2,NADWOZIE,1015.00
271152359,Felga aluminiowa ATV/UTV Moose Utility 387X 12x7 TR-412 4/136 Offset 4+3,NADWOZIE,621.00
271152360,Felga aluminiowa ATV/UTV Moose Utility 387X 12X7 TR-412 4/156 Offset 4+3,NADWOZIE,783.00
271152361,Felga aluminiowa ATV/UTV Moose Utility 387X 12X8 TR-412 4/136 Offset 4+4,NADWOZIE,648.00
271152362,Felga aluminiowa ATV/UTV Moose Utility 387X 14X7 TR-412 4/136 Offset 4+3,NADWOZIE,891.00
271152363,Felga aluminiowa ATV/UTV Moose Utility 387X 14X7 TR-412 4/156 Offset 4+3,NADWOZIE,864.00
271152364,Felga aluminiowa ATV/UTV Moose Utility 387X 14X8 TR-412 4/136 Offset 4+4,NADWOZIE,864.00
271152365,Felga aluminiowa ATV/UTV Moose Utility 387X 14X8 TR-412 4/156 Offset 4+4,NADWOZIE,864.00
271152366,Felga aluminiowa ATV/UTV Moose Utility 387X 12X7 TR-412 4/136 Offset 4+3,NADWOZIE,702.00
271152367,Felga aluminiowa ATV/UTV Moose Utility 387X 12X7 TR-412 4/156 Offset 4+3,NADWOZIE,702.00
271152368,Felga aluminiowa ATV/UTV Moose Utility 387X 12X8 TR-412 4/136 Offset 4+4,NADWOZIE,675.00
271152369,Felga aluminiowa ATV/UTV Moose Utility 387X 12X8 TR-412 4/156 Offset 4+4,NADWOZIE,702.00
271152370,Felga aluminiowa ATV/UTV Moose Utility 387X 14X7 TR-412 4/136 Offset 4+3,NADWOZIE,891.00
271152372,Felga aluminiowa ATV/UTV Moose Utility 387X 14X8 TR-412 4/136 Offset 4+4,NADWOZIE,783.00
271152373,Felga aluminiowa ATV/UTV Moose Utility 387X 14X8 TR-412 4/156 Offset 4+4,NADWOZIE,783.00
271152374,Felga aluminiowa ATV/UTV Moose Utility 387X 12X7 TR-412 4/110 Offset 4+3,NADWOZIE,648.00
271152375,Felga aluminiowa ATV/UTV Moose Utility 387X 12X7 TR-412 4/110 Offset 4+3,NADWOZIE,675.00
271152377,Felga aluminiowa ATV/UTV Moose Utility 387X 12X8 TR-412 4/110 Offset 4+4,NADWOZIE,729.00
271152378,Felga aluminiowa ATV/UTV Moose Utility 387X 14X7 TR-412 4/110 Offset 4+3,NADWOZIE,810.00
271152380,Felga aluminiowa ATV/UTV Moose Utility 387X 14X8 TR-412 4/110 Offset 4+4,NADWOZIE,783.00
271152381,Felga aluminiowa ATV/UTV Moose Utility 387X 14X8 TR-412 4/110 Offset 4+4,NADWOZIE,783.00
271152382,Felga aluminiowa ATV/UTV Moose Utility 387X 12X7 TR-412 4/136 Offset 4+3,NADWOZIE,470.00
271152385,Felga aluminiowa ATV/UTV Moose Utility 387X 12X8 TR-412 4/156 Offset 4+4,NADWOZIE,470.00
271360771,"Zestaw serwisowy Motul, filtr oleju, powietrza YAMAHA XVS650 DRAG-STAR",Brak danych,229.00
271437366,Felga aluminiowa ATV/UTV Moose Utility 393X 12x8 TR-412 4/136 Offset 4+4,NADWOZIE,519.00
271437372,Felga aluminiowa ATV/UTV Moose Utility 399X 12x8 TR-412 4/156 Offset 4+4,NADWOZIE,427.00
271437377,Felga aluminiowa ATV/UTV Moose Utility 399X 14x8 TR-412 4/136 Offset 4+4,NADWOZIE,816.00
271437378,Felga aluminiowa ATV/UTV Moose Utility 399X 14x8 TR-412 4/156 Offset 4+4,NADWOZIE,816.00
271437379,Felga aluminiowa ATV/UTV Moose Utility 415X 12x7 4/110 Offset 4+3,NADWOZIE,772.00
271437380,Felga aluminiowa ATV/UTV Moose Utility 415X 12x7 4/136 Offset 4+3,NADWOZIE,772.00
271437381,Felga aluminiowa ATV/UTV Moose Utility 415X 12x7 4/156 Offset 4+3,NADWOZIE,772.00
271437382,Felga aluminiowa ATV/UTV Moose Utility 415X 12x8 4/110 Offset 4+4,NADWOZIE,772.00
271437383,Felga aluminiowa ATV/UTV Moose Utility 415X 12x8 4/136 Offset 4+4,NADWOZIE,772.00
271437384,Felga aluminiowa ATV/UTV Moose Utility 415X 12x8 4/156 Offset 4+4,NADWOZIE,772.00
271437385,Felga aluminiowa ATV/UTV Moose Utility 415X 14x7 4/110 Offset 4+3,NADWOZIE,924.00
271437386,Felga aluminiowa ATV/UTV Moose Utility 415X 14x7 4/110 Offset 5+2,NADWOZIE,924.00
271437387,Felga aluminiowa ATV/UTV Moose Utility 415X 14x7 4/136 Offset 4+3,NADWOZIE,924.00
271437388,Felga aluminiowa ATV/UTV Moose Utility 415X 14x7 4/136 Offset 5+2,NADWOZIE,924.00
271437389,Felga aluminiowa ATV/UTV Moose Utility 415X 14x7 4/156 Offset 4+3,NADWOZIE,924.00
271437390,Felga aluminiowa ATV/UTV Moose Utility 415X 14x7 4/156 Offset 5+2,NADWOZIE,924.00
271437393,Felga aluminiowa ATV/UTV Moose Utility 416X 12x7 4/156 Offset 4+3,NADWOZIE,648.00
271437394,Felga aluminiowa ATV/UTV Moose Utility 416X 12x8 4/110 Offset 4+4,NADWOZIE,648.00
271437396,Felga aluminiowa ATV/UTV Moose Utility 416X 12x8 4/156 Offset 4+4,NADWOZIE,648.00
271437398,Felga aluminiowa ATV/UTV Moose Utility 416X 14x7 4/110 Offset 5+2,NADWOZIE,756.00
271437401,Felga aluminiowa ATV/UTV Moose Utility 416X 14x7 4/136 Offset 5+2,NADWOZIE,756.00
271437403,Felga aluminiowa ATV/UTV Moose Utility 416X 14x7 4/156 Offset 4+3,NADWOZIE,756.00
271437404,Felga aluminiowa ATV/UTV Moose Utility 416X 14x7 4/156 Offset 5+2,NADWOZIE,772.00
271437406,Felga aluminiowa ATV/UTV Moose Utility 416X 14x8 4/110 Offset 4+4,NADWOZIE,880.00
271437410,Felga aluminiowa ATV/UTV Moose Utility 416X 15x7 4/110 Offset 5+2,NADWOZIE,1221.00
271437412,Felga aluminiowa ATV/UTV Moose Utility 416X 15x7 4/136 Offset 5+2,NADWOZIE,1221.00
271437414,Felga aluminiowa ATV/UTV Moose Utility 416X 15x7 4/156 Offset 5+2,NADWOZIE,1221.00
271437418,Felga aluminiowa ATV/UTV Moose Utility 416X 12x7 4/136 Offset 4+3,NADWOZIE,675.00
271437420,Felga aluminiowa ATV/UTV Moose Utility 416X 12x7 4/156 Offset 4+3,NADWOZIE,675.00
271437422,Felga aluminiowa ATV/UTV Moose Utility 416X 12x8 4/110 Offset 4+4,NADWOZIE,675.00
271437426,Felga aluminiowa ATV/UTV Moose Utility 416X 12x8 4/156 Offset 4+4,NADWOZIE,675.00
271437431,Felga aluminiowa ATV/UTV Moose Utility 416X 14x7 4/136 Offset 4+3,NADWOZIE,756.00
271437433,Felga aluminiowa ATV/UTV Moose Utility 416X 14x7 4/136 Offset 5+2,NADWOZIE,756.00
271437437,Felga aluminiowa ATV/UTV Moose Utility 416X 14x7 4/156 Offset 5+2,NADWOZIE,756.00
271437438,Felga aluminiowa ATV/UTV Moose Utility 416X 14x8 4/110 Offset 4+4,NADWOZIE,756.00
271437440,Felga aluminiowa ATV/UTV Moose Utility 416X 14x8 4/136 Offset 4+4,NADWOZIE,756.00
271437442,Felga aluminiowa ATV/UTV Moose Utility 416X 14x8 4/156 Offset 4+4,NADWOZIE,756.00
271437444,Felga aluminiowa ATV/UTV Moose Utility 416X 15x7 4/110 Offset 5+2,NADWOZIE,1242.00
271437446,Felga aluminiowa ATV/UTV Moose Utility 416X 15x7 4/136 Offset 5+2,NADWOZIE,1242.00
271437447,Felga aluminiowa ATV/UTV Moose Utility 416X 15x7 4/156 Offset 5+2,NADWOZIE,1242.00
271437451,Felga aluminiowa ATV/UTV Moose Utility 416X 12x7 4/136 Offset 4+3,NADWOZIE,702.00
271437453,Felga aluminiowa ATV/UTV Moose Utility 416X 12x7 4/156 Offset 4+3,NADWOZIE,648.00
271437458,Felga aluminiowa ATV/UTV Moose Utility 416X 12x8 4/156 Offset 4+4,NADWOZIE,648.00
271437462,Felga aluminiowa ATV/UTV Moose Utility 416X 14x7 4/110 Offset 5+2,NADWOZIE,864.00
271437464,Felga aluminiowa ATV/UTV Moose Utility 416X 14x7 4/136 Offset 4+3,NADWOZIE,729.00
271437465,Felga aluminiowa ATV/UTV Moose Utility 416X 14x7 4/136 Offset 5+2,NADWOZIE,729.00
271437469,Felga aluminiowa ATV/UTV Moose Utility 416X 14x7 4/156 Offset 5+2,NADWOZIE,772.00
271437472,Felga aluminiowa ATV/UTV Moose Utility 416X 14X8 4/136 Offset 4+4,NADWOZIE,972.00
271437474,Felga aluminiowa ATV/UTV Moose Utility 416X 14X8 4/156 Offset 4+4,NADWOZIE,972.00
271437476,Felga aluminiowa ATV/UTV Moose Utility 416X 15X7 4/110 Offset 5+2,NADWOZIE,1231.00
271437478,Felga aluminiowa ATV/UTV Moose Utility 416X 15X7 4/136 Offset 5+2,NADWOZIE,1231.00
271437480,Felga aluminiowa ATV/UTV Moose Utility 416X 15x7 4/156 Offset 5+2,NADWOZIE,1231.00
271444759,Rozrusznik elektryczny Moose Utility Honda TRX 350 4X4 Fourtrax,NADWOZIE,864.00
271451458,Rozrusznik elektryczny Moose Utility Can Am DS 70 90 2X4,NADWOZIE,567.00
271644571,"Rozrusznik elektryczny Moose Arctic Cat 336 375 400, Suzuki LT-A LT-F 400",NADWOZIE,837.00
271648962,Felga aluminiowa ATV/UTV Moose Utility 544X 14x7 TR-412 4/110 Offset 5+2,NADWOZIE,1404.00
271648965,Felga aluminiowa ATV/UTV Moose Utility 544X 14x7 TR-412 4/136 Offset 5+2,NADWOZIE,1620.00
271648969,Felga aluminiowa ATV/UTV Moose Utility 544X 14x7 TR-412 4/156 Offset 5+2,NADWOZIE,1771.00
271648971,Felga aluminiowa ATV/UTV Moose Utility 545X 14x7 TR-412 4/110 Offset 5+2,NADWOZIE,756.00
271648979,Felga aluminiowa ATV/UTV Moose Utility 545X 14x7 TR-412 4/136 Offset 5+2,NADWOZIE,756.00
271648985,Felga aluminiowa ATV/UTV Moose Utility 545X 14x7 TR-412 4/156 Offset 5+2,NADWOZIE,870.00
271648995,Felga aluminiowa ATV/UTV Moose Utility 545X 15x7 TR-412 4/156 Offset 4+3,NADWOZIE,924.00
271648999,Felga stalowa ATV Moose Utility 110X 12x7 4/110 Offset 2+5,NADWOZIE,486.00
271649006,Felga stalowa ATV Moose Utility 110X 12x7 4/110 Offset 4+3,NADWOZIE,486.00
271649010,Felga stalowa ATV Moose Utility 110X 12x7 4/156 Offset 4+3,NADWOZIE,486.00
271649012,Felga aluminiowa ATV/UTV Moose Utility 24X 12x7 4/110 Offset 4+3,NADWOZIE,648.00
271649016,Felga aluminiowa ATV/UTV Moose Utility 24X 12x7 4/136 Offset 4+3,NADWOZIE,648.00
271649019,Felga aluminiowa ATV/UTV Moose Utility 24X 12x7 4/156 Offset 4+3,NADWOZIE,648.00
271649023,Felga aluminiowa ATV/UTV Moose Utility 24X 12x8 4/110 Offset 4+4,NADWOZIE,756.00
271649025,Felga aluminiowa ATV/UTV Moose Utility 24X 12x8 4/136 Offset 4+4,NADWOZIE,756.00
271649029,Felga aluminiowa ATV/UTV Moose Utility 24X 12x8 4/156 Offset 4+4,NADWOZIE,756.00
271649032,Felga aluminiowa ATV/UTV Moose Utility 24X 14x7 4/110 Offset 5+2,NADWOZIE,756.00
271649036,Felga aluminiowa ATV/UTV Moose Utility 24X 14x7 4/136 Offset 5+2,NADWOZIE,756.00
271649039,Felga aluminiowa ATV/UTV Moose Utility 24X 14x7 4/156 Offset 5+2,NADWOZIE,756.00
271649042,Felga aluminiowa ATV/UTV Moose Utility 24X 12x7 4/110 Offset 4+3,NADWOZIE,702.00
271649046,Felga aluminiowa ATV/UTV Moose Utility 24X 12x7 4/136 Offset 4+3,NADWOZIE,702.00
271649049,Felga aluminiowa ATV/UTV Moose Utility 24X 12x7 4/156 Offset 4+3,NADWOZIE,702.00
271649053,Felga aluminiowa ATV/UTV Moose Utility 24X 12x8 4/110 Offset 4+4,NADWOZIE,756.00
271649056,Felga aluminiowa ATV/UTV Moose Utility 24X 12x8 4/136 Offset 4+4,NADWOZIE,756.00
271649059,Felga aluminiowa ATV/UTV Moose Utility 24X 12x8 4/156 Offset 4+4,NADWOZIE,756.00
271649062,Felga aluminiowa ATV/UTV Moose Utility 24X 14x7 4/110 Offset 5+2,NADWOZIE,810.00
271649066,Felga aluminiowa ATV/UTV Moose Utility 24X 14x7 4/136 Offset 5+2,NADWOZIE,810.00
271649068,Felga aluminiowa ATV/UTV Moose Utility 24X 14x7 4/156 Offset 5+2,NADWOZIE,810.00
271774983,Dystanse poszerzenia kół Moose Utility 4/110 M12x1.25 mm 51 mm 2 szt,NADWOZIE,459.00
271774989,"Dystanse poszerzenia kół Moose Utility 4/115 M10x1.25 mm 25,4 mm 2 szt",NADWOZIE,405.00
271774992,"Dystanse poszerzenia kół Moose Utility 4/137 M12x1.25 mm 25,4 mm 2 szt",NADWOZIE,405.00
271774996,Dystanse poszerzenia kół Moose Utility 4/137 M12x1.25 mm 51 mm 2 szt,NADWOZIE,459.00
271774998,"Dystanse poszerzenia kół Moose Utility 4/156 M12x1.5 mm 25,4 mm 2 szt",NADWOZIE,405.00
271775002,"Dystanse poszerzenia kół Moose Utility 4/156 M9,5 mm 38 mm 2 szt",NADWOZIE,405.00
271775005,Dystanse poszerzenia kół Moose Utility 4/156 M12x1.25 mm 51 mm 2 szt,NADWOZIE,567.00
271775008,Dystanse poszerzenia kół Moose Utility 4/156 M12x1.5 mm 51 mm 2 szt,NADWOZIE,567.00
271775011,"Dystanse poszerzenia kół Moose Utility 4/156 M9,5 mm 51 mm 2 szt",NADWOZIE,567.00
271775014,"Dystanse poszerzenia kół Moose Utility 4/156 M9,5 mm 63,5 mm 2 szt",NADWOZIE,605.00
271775025,"Dystanse poszerzenia kół Moose Utility 4/110 M10 mm 63,5 mm 2 szt",NADWOZIE,594.00
271775027,Dystanse poszerzenia kół Moose Utility 4/115 M10 mm 38 mm 2 szt,NADWOZIE,378.00
271775031,Dystanse poszerzenia kół Moose Utility 4/115 M10 mm 51 mm 2 szt,NADWOZIE,459.00
271775034,"Dystanse poszerzenia kół Moose Utility 4/115 M10 mm 63,5 mm 2 szt",NADWOZIE,594.00
271775038,Dystanse poszerzenia kół Moose Utility 4/137 M10x1.25 mm 38 mm 2 szt,NADWOZIE,405.00
271775040,Dystanse poszerzenia kół Moose Utility 4/137 M10 mm 51 mm 2 szt,NADWOZIE,459.00
271775044,"Dystanse poszerzenia kół Moose Utility 4/137 M10 mm 63,5 mm 2 szt",NADWOZIE,605.00
271775046,Dystanse poszerzenia kół Moose Utility 4/110 M12x1.25 mm 38 mm 2 szt,NADWOZIE,378.00
271775050,Dystanse poszerzenia kół Moose Utility 4/110 M12x1.5 mm 38 mm 2 szt,NADWOZIE,378.00
271775055,"Dystanse poszerzenia kół Moose Utility 4/110 M12x1.5 mm 63,5 mm 2 szt",NADWOZIE,594.00
271775059,Dystanse poszerzenia kół Moose Utility 4/137 M12x1.25 mm 38 mm 2 szt,NADWOZIE,405.00
271775061,"Dystanse poszerzenia kół Moose Utility 4/137 M12x1.25 mm 63,5 mm 2 szt",NADWOZIE,421.00
271775065,Dystanse poszerzenia kół Moose Utility 4/156 M12x1.25 mm 38 mm 2 szt,NADWOZIE,405.00
271775068,Dystanse poszerzenia kół Moose Utility 4/156 M12x1.5 mm 38 mm 2 szt,NADWOZIE,405.00
271775072,"Dystanse poszerzenia kół Moose Utility 4/156 M12x1.25 mm 63,5 mm 2 szt",NADWOZIE,470.00
271775074,"Dystanse poszerzenia kół Moose Utility 4/156 M12x1.5 mm 63,5 mm 2 szt",NADWOZIE,605.00
271784489,Zestaw naprawczy cylinderka hamulcowego Moose Suzuki LT-4WD LT-F 250,NADWOZIE,222.00
272112677,"Zestaw serwisowy olej Motul, filtry do Piaggio X9 125 Amalfi (2001-2003)",Brak danych,130.00
272117227,"Zestaw serwisowy olej Motul, filtry do Piaggio X9 125 Amalfi (2001-2003)",Brak danych,99.00
272117375,"Zestaw serwisowy olej Motul, filtr oleju do Piaggio X9 125 Amalfi (2001-2003)",Brak danych,74.00
272117778,Zestaw serwisowy olej Motul filtr oleju świeca KYMCO 125 200 300 DOWN-TOWN,Brak danych,139.00
272118956,"Zestaw serwisowy olej Motul, filtr oleju do KYMCO 125 200 300 DOWN-TOWN I.E.",Brak danych,114.00
272119503,"Zestaw serwisowy olej Motul, filtr, świeca SUZUKI AN 400 BURGMAN",Brak danych,181.00
272119974,"Zestaw serwisowy olej Motul, filtry, do SUZUKI AN 400 BURGMAN",Brak danych,156.00
272120535,"Zestaw serwisowy olej Motul, filtr oleju do SUZUKI AN 400 BURGMAN",Brak danych,113.00
272121854,"Zestaw serwisowy olej Motul, filtr oleju,świeca do YAMAHA XV 125 VIRAGO 97-01",Brak danych,143.00
272123156,"Zestaw serwisowy olej Motul, filtr oleju do YAMAHA XV 125 VIRAGO 97-01",Brak danych,118.00
272123417,"Zestaw serwisowy Olej Motul, filtr oleju, świeca zapłonowa do YAMAHA WR 125 X/R 09-14",Brak danych,98.00
272123738,"Zestaw serwisowy olej Motul, filtr oleju do YAMAHA WR 125 X / R 09-14",Brak danych,69.00
272125330,"Zestaw serwisowy olej Motul, filtr oleju, świece do SUZUKI GN 125 82-00",Brak danych,77.00
272126261,"Zestaw serwisowy olej Motul, filtr oleju do SUZUKI GN 125 82-00",Brak danych,79.00
272126778,"Zestaw serwisowy olej Motul, filtr oleju do HONDA CB 500 (PC32) / CBF 500",Brak danych,77.00
272131210,"Zestaw serwisowy olej Motul, filtry, świece KAWASAKI VN-15 VN 1500 VULCAN",Brak danych,261.00
272132736,"Zestaw serwisowy olej Motul, filtry KAWASAKI VN-15 VN 1500 VULCAN",Brak danych,227.00
272133564,"Zestaw serwisowy olej Motul, filtr oleju KAWASAKI VN-15 VN 1500 VULCAN",Brak danych,180.00
272135439,"Zestaw serwisowy olej Motul, filtry, świecy do KAWASAKI EL250 B / F ELIMINATOR",Brak danych,199.00
272137273,"Zestaw serwisowy olej Motul, filtry do KAWASAKI EL250 B / F ELIMINATOR",Brak danych,169.00
272137671,"Zestaw serwisowy olej Motul, filtr oleju do KAWASAKI EL250 B / F ELIMINATOR",Brak danych,119.00
272182393,"Zestaw serwisowy olej Motul, filtry,swieca do SUZUKI GZ 125 MARAUDER",Brak danych,199.00
272182451,"Zestaw serwisowy olej Motul, filtry do SUZUKI GZ 125 MARAUDER",Brak danych,149.00
272182534,"Zestaw serwisowy olej Motul, filtr do SUZUKI GZ 125 MARAUDER",Brak danych,69.00
272182879,"Zestaw serwisowy olej Motul, filtry, świece do SUZUKI DL 650 V-STROM",Brak danych,389.00
272187019,"Zestaw serwisowy olej Motul, filtry do SUZUKI DL 650 V-STROM",Brak danych,277.00
272187107,"Zestaw serwisowy olej Motul, filtr oleju do SUZUKI DL 650 V-STROM",Brak danych,179.00
272188544,"Zestaw serwisowy olej Motul, filtr oleju, świece do YAMAHA XV 750 VIRAGO",Brak danych,219.00
272188669,"Zestaw serwisowy olej Motul, filtr oleju do YAMAHA XV 750 VIRAGO",Brak danych,191.00
272189830,Zestaw serwisowy olej Motul filtr oleju świeca APRILIA PEGASO 650 I.E. CUBE,Brak danych,244.00
272189872,"Zestaw serwisowy olej Motul, filtr oleju do APRILIA PEGASO 650 I.E. CUBE ML",Brak danych,169.00
272190721,Zestaw serwisowy olej Motul filtr oleju świece YAMAHA BT 1100 BULL-DOG,Brak danych,321.00
272190960,"Zestaw serwisowy olej Motul, filtr oleju do YAMAHA BT 1100 BULL-DOG 01-07",Brak danych,198.00
272191211,Zestaw serwisowy olej Motul filtr oleju świece HONDA XL 1000 V VARADERO,Brak danych,339.00
272191509,"Zestaw serwisowy olej Motul, filtr oleju do HONDA XL 1000 V VARADERO 03-13",Brak danych,206.00
272192588,"Zestaw serwisowy olej Motul, filtry, świece do SUZUKI GSF 600 BANDIT 95-99",Brak danych,381.00
272193619,"Zestaw serwisowy olej Motul, filtry do SUZUKI GSF 600 BANDIT 95-99",Brak danych,286.00
272194021,"Zestaw serwisowy olej Motul, filtr oleju do SUZUKI GSF 600 BANDIT 95-99",Brak danych,207.00
272194371,"Zestaw serwisowy olej Motul,filtry,swieca do KTM 525 SX MXC EXC XC XC-W SMR",Brak danych,159.00
272194571,"Zestaw serwisowy olej Motul, filtry do KTM 525 SX MXC EXC XC XC-W SMR",Brak danych,139.00
272195337,"Zestaw serwisowy olej Motul, filtr oleju, świece BMW R 1100 R / RT / S / GS",Brak danych,281.00
272195731,"Zestaw serwisowy olej Motul, filtr oleju do BMW R 1100 R / RT / S / GS",Brak danych,211.00
272198085,"Zestaw serwisowy olej Motul, filtr, świecе do SUZUKI DL 650 V-STROM K4-K6",Brak danych,241.00
272198136,"Zestaw serwisowy olej Motul, filtr do SUZUKI DL 650 V-STROM K4-K6",Brak danych,184.00
272198460,"Zestaw serwisowy olej Motul, filtr, świeca KAWASAKI BN 125 ELIMINATOR 98-09",Brak danych,138.00
272198527,"Zestaw serwisowy olej Motul, filtr do KAWASAKI BN 125 ELIMINATOR 98-09",Brak danych,112.00
272198692,"Zestaw serwisowy olej Motul, filtry YAMAHA XVS650 DRAG-STAR CLASSIC",Brak danych,255.00
272200322,"Zestaw serwisowy olej Motul, filtr, świece do KAWASAKI KLE 650 VERSYS",Brak danych,256.00
272200719,"Zestaw serwisowy olej Motul, filtr do KAWASAKI KLE 650 VERSYS",Brak danych,133.00
272478035,Półoś napędowa przód lewa Moose Arctic Cat 400 500 700 H1 H2  V2,NADWOZIE,810.00
272478037,Półoś napędowa przód lewa prawa Moose Utility Arctic Cat 400 500 700 H1,NADWOZIE,810.00
272478038,Półoś napędowa przód lewa prawa Moose Utility Arctic Cat 400 4x4,NADWOZIE,810.00
272478040,Półoś napędowa przód lewa prawaMoose Utility Arctic Cat Wildcat 1000 EFI,NADWOZIE,524.00
272478042,Półoś napędowa przód tył lewa prawa Moose Utility Arctic Cat 400 4x4,NADWOZIE,810.00
272478044,Półoś napędowa tył lewa prawa Moose Utility Arctic Cat Prowler 1000 EFI,NADWOZIE,810.00
272478046,Półoś napędowa tył lewa prawa Moose Utility Arctic Cat Wildcat 1000 EFI,NADWOZIE,810.00
272478049,Półoś napędowa przód lewa Moose Utility Can Am Commander 800 1000,NADWOZIE,810.00
272478055,Półoś napędowa przód lewa Moose Utility Can Am Outlander Renagade,NADWOZIE,810.00
272478058,Półoś napędowa przód lewa Moose Can Am Outlander 450 500 570 800,NADWOZIE,810.00
272478059,Półoś napędowa przód prawa Moose Utility Can Am Commander 800 1000,NADWOZIE,810.00
272478063,Półoś napędowa przód prawa Moose Utility Can Am Maverick Turbo,NADWOZIE,486.00
272478065,Półoś napędowa przód prawa Moose Utility Can Am Outlander 400 500 650,NADWOZIE,810.00
272478066,Półoś napędowa tył lewa Moose Utility Can Am Outlander 330 400 HO,NADWOZIE,810.00
272478068,Półoś napędowa tył lewa prawa Moose Utility Can Am Commander 800 1000,NADWOZIE,810.00
272478070,Półoś napędowa tył lewa prawa Moose Utility Can Am Maverick 1000 R EFI,NADWOZIE,810.00
272478071,Półoś napędowa tył lewa prawa Moose Utility Can Am Maverick 1000 R EFI,NADWOZIE,810.00
272478075,Półoś napędowa tył lewa prawa Moose Utility Can Am Maverick Turbo 900 R,NADWOZIE,810.00
272478076,Półoś napędowa tył lewa prawa Moose Can Am Outlander 650 800 850 1000,NADWOZIE,810.00
272478079,Półoś napędowa tył prawa Moose Utility Can Am Outlander 330 400 HO,NADWOZIE,810.00
272478080,Półoś napędowa tył prawa Moose Utility Can Am Outlander 400,NADWOZIE,810.00
272478087,Półoś napędowa przód lewa prawa Moose Utility Honda TRX 300 FW 4X4,NADWOZIE,810.00
272478092,Półoś napędowa przód lewa prawa Moose  Honda TRX 400 500 650 680,NADWOZIE,810.00
272478094,Półoś napędowa przód prawa Moose Utility Honda TRX 500 FA,NADWOZIE,810.00
272478096,Półoś napędowa tył lewa prawa Moose Utility Honda TRX 650,NADWOZIE,810.00
272478098,Półoś napędowa przód prawa Moose Utility Kawasaki KVF 650 I 4X4,NADWOZIE,810.00
272478101,Półoś napędowa tył lewa prawa Moose Utility Kawasaki KVF 650 750,NADWOZIE,810.00
272478103,Półoś napędowa przód lewa Moose Utility Kymco MXU 500 700,NADWOZIE,648.00
272478107,Półoś napędowa tył prawa Moose Utility Kymco UXV 500 700,NADWOZIE,810.00
272478108,Półoś napędowa przód lewa prawa Moose Utility Polaris General Ranger RZR,NADWOZIE,810.00
272478111,Półoś napędowa przód lewa prawa Moose Polaris Ranger 570  900 1000,NADWOZIE,810.00
272478115,Półoś napędowa przód lewa prawa Moose Utility Polaris Ranger 500 700,NADWOZIE,810.00
272478120,Półoś napędowa przód lewa prawa Moose Utility Polaris Ranger 500 800,NADWOZIE,810.00
272478122,Półoś napędowa przód lewa prawa Moose Utility Polaris Ranger RZR 570 800,NADWOZIE,810.00
272478123,Półoś napędowa przód lewa prawa Moose Utility Polaris Ranger RZR 900,NADWOZIE,810.00
272478126,Półoś napędowa przód lewa prawa Moose Utility Polaris RZR XP XP4 1000,NADWOZIE,810.00
272478131,Półoś napędowa przód lewa prawa Moose Utility Polaris Sportsman 500 700 800,NADWOZIE,810.00
272478134,Półoś napędowa przód lewa prawa Moose Utility Polaris Sportsman 570 800,NADWOZIE,810.00
272478136,Półoś napędowa przód lewa prawa Moose Utility Polaris Sportsman 500 800,NADWOZIE,810.00
272478138,Półoś napędowa tył lewa Moose Utility Polaris Ranger 500 700 800,NADWOZIE,810.00
272478139,Półoś napędowa tył lewa prawa Moose Utility Polaris 455 Sportsman 400 500,NADWOZIE,810.00
272478142,Półoś napędowa tył lewa prawa Moose Utility Polaris 455 Sportsman 335,NADWOZIE,810.00
272478146,Półoś napędowa tył lewa prawa Moose Utility Polaris Sportsman 500 570 800,NADWOZIE,810.00
272478151,Półoś napędowa tył lewa prawa Moose Utility Polaris Ranger 500 800 4x4,NADWOZIE,810.00
272478152,Półoś napędowa tył lewa prawa Moose Utility Polaris Ranger RZR S 800 4X4,NADWOZIE,810.00
272478155,Półoś napędowa tył Moose Utility Polaris Ranger RZR 570 Sportsman ACE 570,NADWOZIE,810.00
272478157,Półoś napędowa tył lewa prawa Moose Utility Polaris Ranger RZR 800 4X4,NADWOZIE,810.00
272478159,Półoś napędowa tył lewa prawa Moose Utility Polaris Ranger RZR 900 XP 4 900,NADWOZIE,810.00
272478163,Półoś napędowa tył lewa prawa Moose Utility Polaris Sportsman 550 850 XP850,NADWOZIE,810.00
272478165,Półoś napędowa tył lewa prawa Moose Utility Polaris Sportsman 700 4X4,NADWOZIE,810.00
272478169,Półoś napędowa przód lewa Moose Utility Suzuki LT-A 400 Kingquad,NADWOZIE,810.00
272478171,Półoś napędowa przód prawa Moose Utility Suzuki LT-A 400 LT-F 400 Kingquad,NADWOZIE,810.00
272478172,Półoś napędowa tył lewa prawa Moose Utility Suzuki LT-A 450 500 750 4X4,NADWOZIE,810.00
272478174,Półoś napędowa przód lewa Moose Utility Yamaha YFM 350 400,NADWOZIE,810.00
272478177,Półoś napędowa przód lewa prawa Moose Utility Yamaha YFB 250 YFM 350 400,NADWOZIE,810.00
272478178,Półoś napędowa przód lewa prawa Moose Utility Yamaha YFM 350 400 4x4,NADWOZIE,810.00
272478181,Półoś napędowa przód lewa prawa Moose Utility Yamaha YFM 550 700 4x4,NADWOZIE,810.00
272478182,Półoś napędowa przód prawa Moose Utility Yamaha YFM 350 400 450,NADWOZIE,810.00
272478184,Półoś napędowa przód prawa Moose Utility Yamaha YFM 660 F 4X4,NADWOZIE,810.00
272478188,Półoś napędowa tył lewa prawa Moose Utility Yamaha YFM 550 700,NADWOZIE,810.00
272478190,Półoś napędowa tył prawa Moose Utility Yamaha YFM 660 F 4X4,NADWOZIE,810.00
272480821,Półoś napędowa przód lewa HD Moose Utility Can Am Maverick 1000 R EFI 4X4,NADWOZIE,659.00
272480825,Półoś napędowa przód lewa prawa HD Moose Polaris General Ranger RZR,NADWOZIE,1026.00
272480837,Półoś napędowa przód prawa HD Moose Utility Can Am Maverick 1000 R EFI 4X4,NADWOZIE,708.00
272480838,Półoś napędowa przód prawa HD Moose Utility Can Am Maverick Turbo 1000,NADWOZIE,662.00
272480841,Półoś napędowa przód prawa HD Moose Utility Can Am Outlander 450 1000 EFI,NADWOZIE,1026.00
272480844,Półoś napędowa tył lewa prawa HD Moose Utility Can Am Maverick 1000 R EFI,NADWOZIE,1080.00
272480845,Półoś napędowa tył lewa prawa HD Moose Utility Can Am Maverick Turbo 900 R,NADWOZIE,1026.00
272480847,Półoś napędowa tył lewa prawa HD Moose Utility Polaris Ranger,NADWOZIE,1026.00
272480849,Półoś napędowa tył lewa prawa HD Moose Utility Polaris Ranger 800,NADWOZIE,605.00
272480853,Półoś napędowa tył lewa prawa HD Moose Polaris Scrambler Sportsman,NADWOZIE,1026.00
272480855,Półoś napędowa tył lewa prawa HD Moose Utility Yamaha YXZ 1000,NADWOZIE,1080.00
272494076,"Dystanse poszerzenia kół Moose Utility 4/137 12x1,50 mm 51 mm 2 szt",NADWOZIE,486.00
272868939,Podświetlenie pojazdu komplet 6 punktowe RGB,NADWOZIE,522.00
272868940,Air box Odes 800 21040401001,NADWOZIE,130.00
272868942,Aktuator przedniego dyferencjału Yamaha Grizzly 450 660 5KM-4616A-02-00,NADWOZIE,440.00
272868943,Aktuator przedniego dyferencjału Yamaha Kodiak Grizzly 350 400 450 600,NADWOZIE,493.00
272868947,Aktuator dyferencjału przedniego CF Moto 625 800 1000 Q890-314000-10000,NADWOZIE,440.00
272868949,Aktuator dyferencjału przedniego CF Moto 800 Q800-314000,NADWOZIE,463.00
272868953,Cewka zapłonowa Odes 800 21040400201,NADWOZIE,107.00
272868961,Cylinder Linhai 600 71022,NADWOZIE,626.00
272868963,Cylinder Odes 800 21040109001,NADWOZIE,319.00
272868968,Cylinder Segway Snarler AT6  F01A30100001,NADWOZIE,309.00
272868974,Czujnik ciśnienia Odes 800 21040114601,NADWOZIE,98.00
272868982,Czujnik położenia wału Odes 800 21040110901,NADWOZIE,104.00
272868986,Czujnik prędkości - położenia wału Odes 800 21040200101,NADWOZIE,145.00
272868988,Czujnik temperatury wody Odes 800 1000 21040103001,NADWOZIE,48.00
272868990,Czujnik temperatury wody Polaris Sportsman 400 500 3085352,NADWOZIE,79.00
272868997,Drążek kierowniczy Segway Snarler AT6 A03F12100001,NADWOZIE,208.00
272869000,Dyferencjał tylny Can Am Outlander Renegade 450 570 705501419,NADWOZIE,2970.00
272869002,Dyferencjał tylny Polaris Sportsman Scrambler 550 850 1000 1332914 1332802,NADWOZIE,2726.00
272869012,Felga aluminiowa AR104 14x7 offset 4+3 otwory 4/136 Can Am,NADWOZIE,579.00
272869015,Filtr oleju Can Am DS450 420256455,NADWOZIE,23.00
272869018,Filtr oleju TGB Blade 1000  910146,NADWOZIE,57.00
272869020,Uszczelniacze dyferencjału Can Am tył 25-2068-5,NADWOZIE,80.00
272869022,Filtr powietrza Arctic Cat 400 500 650 0470-494 0470-663,NADWOZIE,56.00
272869023,Filtr powietrza Arctic Cat Wildcat 0470-942,NADWOZIE,71.00
272869025,Filtr powietrza Odes 800 1000 21040401012,NADWOZIE,103.00
272869028,Zestaw naprawczy wahacza TYŁ Kawasaki Bruteforce 650 750 50-1043,NADWOZIE,344.00
272869030,Filtr powietrza Yamaha Rhino 700 5B4-E4451-00-00,NADWOZIE,72.00
272869033,Gniazdo wałka dyferencjału tylnego Yamaha Grizzly 660 5KM-46144-01-00,NADWOZIE,264.00
272869036,Gniazdo wału  napędowego Yamaha Grizzly 660 5KM-67839-01-00,NADWOZIE,313.00
272869038,Gniazdo wału napędowego Yamaha Rhino 450 660 700 5UG-46212-00-00,NADWOZIE,289.00
272869042,Guma stabilizatora Polaris Sportsman 500 700 800 5432598 5432119 5435323,NADWOZIE,28.00
272869044,Gumka kluczyka Polaris 5431964 5433534,NADWOZIE,14.00
272869046,Jarzmo wału napędowego Segway Snarler AT6  U01P22200001,NADWOZIE,359.00
272869053,Kask camo camouflage AFX rozm XL,NADWOZIE,626.00
272869055,Kierunkowskazy led dynamiczne 2 szt pomarańczowe + białe homolgacja E54,NADWOZIE,57.00
272869057,Kierunkowskazy led dynamiczne 2 szt pomarańczowe + czerwone homolgacja E54,NADWOZIE,57.00
272869058,Kierunkowskazy led dynamiczne 2 szt pomarańczowe homolgacja E54,NADWOZIE,62.00
272869060,Klocki hamulcowe przednie Odes 800 1000 17006010060,NADWOZIE,127.00
272869063,Klocki hamulcowe tylne Odes 800 1000 17006010080,NADWOZIE,103.00
272869064,Końcówka drążka kierowniczego Odes 10905100081,NADWOZIE,57.00
272869066,Zestaw naprawczy zawieszenia tylnego Suzuki LTA 450 X KING QUAD 50-1045,NADWOZIE,344.00
272869068,Końcówki drążków kierowniczych Polaris 51-1021 QUAD ATV,NADWOZIE,128.00
272869071,Końcówki drążków kierowniczych Yamaha 51-1016,NADWOZIE,122.00
272869072,Kompresor sprężyny sprzęgła Polaris RZR Turbo,NADWOZIE,220.00
272869074,Korek magnetyczny przedniego dyferencjału Can Am Maverick X3 705501889,NADWOZIE,154.00
272869076,Korek wlewu paliwa Odes 13204020000,NADWOZIE,37.00
272869077,Króciec ssący Polaris Sportsman 570 5414598 5415524,NADWOZIE,127.00
272869080,Kranik paliwa Suzuki LTA LTF 250 300 44300-19B23 44300-19B22,NADWOZIE,69.00
272869082,Łączniki stabilizatora przód Can Am Maverick X3 706202764 706202765,NADWOZIE,528.00
272869083,Łączniki stabilizatora tylnego Polaris RZR 1543740 1544194,NADWOZIE,289.00
272869085,Łożysko koła Linhai 260 300 10095 Koyo,NADWOZIE,92.00
272869087,Łożysko piasty koła na tył Kawasaki Bruteforce KVF 750 92045-0094 25-1536,NADWOZIE,159.00
272869089,Łożysko piasty zwrotnicy przy kole KOYO Yamaha Grizzly Kodiak 400 450 660 70,NADWOZIE,139.00
272869091,"Lampa led Aurora LED 2"" 30W ALO-2-D1D1",NADWOZIE,162.00
272869093,Lampa tylna Yamaha Grizzly Kodiak Viking 3FA-84710-00-00 5KM-84710-00-00,NADWOZIE,150.00
272869094,"Listwa panel Aurora LED 20"" 150W dwukolorowa  ALO-D6-20-P23H1",NADWOZIE,517.00
272869096,"Listwa panel Aurora LED 6"" 25W RGB ALO-S5D1-6-R5Q",NADWOZIE,331.00
272869099,"Listwa panel LED 30"" 300W model scene E12",NADWOZIE,881.00
272869100,"Listwa panel LED 40"" 400W model scene E12",NADWOZIE,1043.00
272869102,"Listwa panel LED 6"" 60W combo",NADWOZIE,336.00
272869104,Ściągacz tulei sprzęgła Can Am Maverick X3,NADWOZIE,366.00
272869110,Ściągacz wariatora Polaris 2870903,NADWOZIE,92.00
272869111,Ściągacz końcówki drążka Can Am Maverick X3,NADWOZIE,220.00
272869115,Ściagacz sprzęgła Polaris RZR XP Turbo,NADWOZIE,250.00
272869117,Ściagacz wariatora Polaris Sportsman scrambler 850 1000 Ranger RZR,NADWOZIE,127.00
272869121,Manszeta tylna wewnętrzna Odes 800 17010240050,NADWOZIE,57.00
272869123,Maskownica schowka Sea Doo Spark Trixx 295100865,NADWOZIE,371.00
272869124,Membrana gaźnika Yamaha Grizzly Kodiak 350 400 450 600 660 5GH-14940-10-00,NADWOZIE,111.00
272869130,Narzędzie do kompresji wariatora Can Am Maverick X3 Turbo RR,NADWOZIE,203.00
272869132,Narzędzie do montażu i ściągania łożysk kół Can Am Maverick X3 Turbo RR,NADWOZIE,366.00
272869134,Nasadka do rozbierania wariatora Polaris RZR XP Turbo,NADWOZIE,220.00
272869142,Półoś przód prawa Can Am Outlander Renegade 450 500 570 L 15-17 705401116,NADWOZIE,695.00
272869143,Półoś Can Am Outlander Renegade G2 XMR 2019-2024 705503024 tylna prawa,NADWOZIE,545.00
272869145,Półoś Can Am Outlander Renegade G2 XMR 2019-2024 705503025 tylna lewa,NADWOZIE,545.00
272869150,Półoś Can Am Commander tylna 705501481 ATV-CA-8-306,NADWOZIE,685.00
272869151,Półoś przód prawa Can Am Outlander Renegade 400 500 650 800 ATV-CA-8-211,NADWOZIE,569.00
272869153,Półoś napędowa przednia lewa Odes 1000 17001220000 QUAD ATV,NADWOZIE,579.00
272869156,Półoś napędowa przednia lewa Odes 800 13601220000,NADWOZIE,579.00
272869158,Półoś przednia lewa Segway Snarler AT6  A02P11000002,NADWOZIE,737.00
272869161,Półoś przednia prawa Odes 800 13601230000,NADWOZIE,545.00
272869163,Półoś przednia prawa Segway Snarler AT6  A02P12000001,NADWOZIE,737.00
272869167,Półoś tylna lewa Odes 800 13601240000,NADWOZIE,649.00
272869173,Półoś tylna prawa Odes 800 13601250000,NADWOZIE,579.00
272869176,Półos tylna lewa CF Moto Cforce 550 9CR6-280100-50001,NADWOZIE,742.00
272869178,Półos tylna prawa CF Moto Cforce 550 9CR6-280200-50001,NADWOZIE,742.00
272869183,Pestki wariatora Can Am Outlander Renegade 500 650 800 G1 G2 420281296,NADWOZIE,192.00
272869189,Piasta tarczy hamulcowej Linhai 260 300 21012,NADWOZIE,155.00
272869193,Półos przednia lewa / prawa Yamaha Grizzly 700 2014-2015 ATV-YA-8-316,NADWOZIE,569.00
272869196,Póloś przednia lewa Can Am Commander 705401105 ATV-CA-8-113,NADWOZIE,695.00
272869198,Poduszki silnika Can Am Maverick X3 707001807 707001808,NADWOZIE,296.00
272869205,Pompa hamulcowa prawa Odes 800 1000 17006010360,NADWOZIE,178.00
272869207,Pompa paliwa Can Am Outlander Renegade G2 709000287 709000758,NADWOZIE,579.00
272869209,Prowadnica łańcucha rozrządu Odes 800 21040101901,NADWOZIE,45.00
272869211,Prowadnica łańcucha rozrządu Odes 800 21040102001,NADWOZIE,36.00
272869213,Przedni kufer Tesseract CFMOTO CForce 800 1000 EPS G3 010_178 ATV QUAD,NADWOZIE,1334.00
272869216,Przedni wał napędowy CF Moto Cforce 800 7020-290100,NADWOZIE,482.00
272869219,Przedni wał napędowy Segway Snarler AT6  A01P21100002,NADWOZIE,447.00
272869221,Przedni wał napedowy CFMoto Cforce 500 550 600 9CR6-290100,NADWOZIE,626.00
272869223,Przedni wał napedowy Odes 13603110000,NADWOZIE,435.00
272869226,Przednie klocki hamulcowe Segway Snarler AT6  A03E11120001,NADWOZIE,122.00
272869229,Przegub przedni wewnętrzny lewy Odes 650 800 1000 17001220110,NADWOZIE,296.00
272869231,Przegub przedni wewnętrzny prawy Odes 650 800 1000 17001230110,NADWOZIE,296.00
272869233,Przegub przedni zewnętrzny Odes 1000 17001220140,NADWOZIE,296.00
272869234,Przegub tylny wewnętrzny Odes 800 17010240040,NADWOZIE,273.00
272869237,Przełącznik na kierownice z przewodami,NADWOZIE,185.00
272869240,Przełącznik zespolony na kierownice Odes 10909320000,NADWOZIE,163.00
272869242,Przełącznik zespolony Odes 800 13609190081,NADWOZIE,197.00
272869245,Przewód wysokiego napięcia Polaris Sportsman 570 RZR 900 4014296 4017695,NADWOZIE,112.00
272869250,"Przewody elektryczne do lamp LED Aurora 30"" 40"" 50""",NADWOZIE,93.00
272869252,"Przewody elektryczne do lamp led aurora 4"" 6"" 10 "" 20""",NADWOZIE,76.00
272869254,"Przewody elektryczne podwójne do lamp led aurora 2"" 4"" 6"" 10 "" 20""",NADWOZIE,93.00
272869259,Rękawice tekstylne Pro-biker rozmiar L,NADWOZIE,63.00
272869260,Rękawice tekstylne Pro-biker rozmiar M,NADWOZIE,63.00
272869262,Rękawice tekstylne Pro-biker rozmiar XL,NADWOZIE,63.00
272869268,"Rolki wariatora CF Moto 500 800 X5, 0180-051100-0003 8szt",NADWOZIE,99.00
272869270,Rozrusznik Odes 800 21040109114,NADWOZIE,319.00
272869272,Rozrusznik Segway Fulgeman F02J10000001,NADWOZIE,371.00
272869274,Rozrusznik Segway Snarler AT6  E01J10000001,NADWOZIE,266.00
272869275,Schowek Sea Doo Spark Trixx 295100864,NADWOZIE,927.00
272869277,Silnik zmiany biegów Honda Trx 420 500 31300-HP5-601,NADWOZIE,347.00
272869280,Sonda lambda Odes 800 21040400701,NADWOZIE,203.00
272869281,Sprzęgło jednokierunkowe Segway Snarler AT6  E01J30010001,NADWOZIE,223.00
272869283,Sprzęgło mokre Yamaha Grizzly 700 16-24 2MB-E6620-00-00 2PG-16620-00-00,NADWOZIE,598.00
272869287,Stacyjka Odes Dominator 10709030000,NADWOZIE,127.00
272869289,Stator uzwojenie alternatora Odes 800 1000 21040109703,NADWOZIE,452.00
272869291,Sworzeń wahacza dolnego Odes Pathcross 10401180000,NADWOZIE,65.00
272869292,Sworzeń wahacza dolny Segway Snarler AT6  A01D12010001,NADWOZIE,122.00
272869295,Termostat Polaris Polaris RZR 1000 5632421 7052600,NADWOZIE,220.00
272869299,"Tłok 90,55 mm Odes 1000 21050400600",NADWOZIE,132.00
272869301,Tłok Odes 800 21040108201,NADWOZIE,112.00
272869302,Tuleja mocowania silnika Linhai 260 300 400 24206,NADWOZIE,40.00
272869306,Tuleja stabilizatora Polaris Sportsman 450 570 5438901 5432169 5433413,NADWOZIE,46.00
272869308,Tuleja wahacza tylnego Polaris Sportsman 450 570 5438902,NADWOZIE,16.00
272869309,Tylna lewa tarcza hamulcowa Odes 800 13206010340,NADWOZIE,93.00
272869312,Tylne klocki hamulcowe Segway Snarler AT6  A03E11320001,NADWOZIE,122.00
272869313,Tylny dyferencjał kompletny Can Am Outlander Renegade 400 500 703501033,NADWOZIE,3479.00
272869315,Tylny dyferencjał kompletny Yamaha Grizzly 660 5KM-46101-12-00 QUAD ATV,NADWOZIE,3073.00
272869316,Tylny wał napędowy Segway Snarler AT6  A02P22100001,NADWOZIE,463.00
272869317,Tylny wał napedowy Odes 800 13603130000,NADWOZIE,424.00
272869320,Uszczelka pod dekiel pokrywy zaworowej Odes 800 1000 21040103801,NADWOZIE,54.00
272869323,Uszczelka pokrywy magneta Can Am Maverick X3 420431640,NADWOZIE,71.00
272869325,Uszczelka pokrywy paska napędowego Odes 1000 21050800701,NADWOZIE,72.00
272869326,Uszczelka pokrywy paska napędowego Odes 800 21040302101,NADWOZIE,84.00
272869327,Uszczelka silnika Can Am Maverick X3 420431845,NADWOZIE,71.00
272869328,Uszczelka silnika Odes 1000 21050301601,NADWOZIE,57.00
272869330,Uszczelka silnika Odes 21040106401,NADWOZIE,55.00
272869331,Uszczelka silnika Odes 21040106901,NADWOZIE,55.00
272869332,Uszczelka wydechu Linhai 260 300 23403,NADWOZIE,18.00
272869335,Uszczelka wydechu Odes 800 21040400101,NADWOZIE,16.00
272869336,Uszczelniacz pompy wody Odes 800 1000 21040113901,NADWOZIE,54.00
272869337,Uszczelniacz tylnego dyferencjału Polaris Sportsman 570 850 1000 3235052,NADWOZIE,46.00
272869338,Uszczelniacze zaworowe Odes 800 21040100901 4 szt,NADWOZIE,41.00
272869340,Zestaw wkładek i śrub do felg Cyklon kolor czerwony,NADWOZIE,81.00
272869341,Zestaw wkładek i śrub do felg Cyklon kolor żółty,NADWOZIE,81.00
272869342,Wał korbowy CF Moto Cforce 450 0GQ0-041100-00012 A,NADWOZIE,1325.00
272869343,Wał korbowy Polaris Sportsman RZR Ranger 800 2205112 1204334 2202916,NADWOZIE,2319.00
272869345,Wał korbowy Segway Snarler AT6  E01B10000001,NADWOZIE,1484.00
272869346,Zestaw wkładek i śrub do felg Cyklon kolor niebieski,NADWOZIE,81.00
272869347,Wariator Polaris Sportsman Scrambler 850 1000 1323123 1323378 1323341,NADWOZIE,1623.00
272869350,Wentylator chłodnicy CF Moto Cforce 500 800 1000 7020-181400,NADWOZIE,492.00
272869351,Wentylator chłodnicy CF Moto Cforce 500 800 1000 7020-181400-1000,NADWOZIE,492.00
272869352,Wentylator Polaris Sportsman 400 500 2410383,NADWOZIE,463.00
272869355,Wtryskiwacz wtrysk paliwa Arctic Cat 700 3403-120,NADWOZIE,382.00
272869356,Wycieraczka automatyczna z zasobnikiem i spryskiwaczem,NADWOZIE,336.00
272869358,Zapięcie zamek kufra Polaris Sportsman 400 500 700 800 7081421,NADWOZIE,76.00
272869360,Zestaw naprawczy rozrusznika ręcznego szarpaka Polaris 3084822 3084743 QUAD ATV,NADWOZIE,203.00
272869361,Zestaw naprawczy wariatora Polaris RZR Turbo 17-20,NADWOZIE,463.00
272869362,Zestaw naprawczy wariatora Polaris RZR XP1000 13-14,NADWOZIE,463.00
272869365,Zestaw naprawczy wariatora Polaris Sportsman 800 08-14,NADWOZIE,463.00
272869366,Zestaw naprawczy wariatora Polaris Sportsman Scrambler 1000,NADWOZIE,463.00
272869367,Zestaw tłokowy Linhai 260 70 mm 22505 22507 22508,NADWOZIE,130.00
272869368,"Zestaw tłokowy Linhai 300 22505a 22507, 22508",NADWOZIE,139.00
272964017,Wentylator chłodnicy Moose Hi-Performance Yamaha YFM 550 700 Grizzly,NADWOZIE,891.00
272965454,Wentylator chłodnicy Moose Utility Hi-Performance Yamaha YFM 700 Raptor,NADWOZIE,891.00
272971891,Wentylator chłodnicy Moose Hi-Performance Suzuki LT-A 450 500 700 750,NADWOZIE,891.00
273281862,Wentylator chłodnicy Moose Hi-Performance Can Am Outlander 400 500 650 800,NADWOZIE,729.00
273303502,Amortyzator gazowy tył Moose Utility Polaris Ranger XP 1000 900,NADWOZIE,1026.00
273304365,Amortyzator gazowy tył Moose Utility Polaris Ranger 400 500 570 800,NADWOZIE,1026.00
273305118,Amortyzator gazowy tył Moose Utility CF Moto Uforce 500 800 4X4,NADWOZIE,1053.00
273306849,Amortyzator gazowy tył Moose Utility Polaris Sportsman 550 850 XP 1000,NADWOZIE,1037.00
273307913,Amortyzator gazowy tył Moose Utility Kawasaki KVF 300 360 400 4X4 Prairie,NADWOZIE,978.00
273309293,Amortyzator gazowy tył Moose Utility Yamaha YFM 550 700 Grizzly,NADWOZIE,799.00
273310165,Amortyzator gazowy tył Moose Utility Honda TRX 420 500 520 Fourtrax,NADWOZIE,799.00
273314236,Amortyzator gazowy tył Moose Utility Suzuki LT-A 700 750 4X4 Kingquad,NADWOZIE,778.00
273322000,Amortyzator gazowy tył Moose Utility Polaris Sportsman 400 500 600 700 800,NADWOZIE,843.00
273323517,Amortyzator gazowy tył Moose Utility Polaris Sportsman 500 800 Ranger 500,NADWOZIE,837.00
273342872,Amortyzator gazowy tył Moose Utility Can Am Outlander 330 400,NADWOZIE,789.00
273344520,Amortyzator gazowy tył Moose Utility Goes Cobalt 625 Iron 500,NADWOZIE,756.00
273345144,Amortyzator gazowy tył Moose Utility Yamaha YFM 400 450 Kodiak,NADWOZIE,735.00
273347189,Amortyzator gazowy tył Moose Utility Polaris 300 TRAIL BOSS 250 350,NADWOZIE,708.00
273349341,Amortyzator gazowy tył Moose Utility Can Am Outlander 1000 450 570 650,NADWOZIE,675.00
273351475,Amortyzator gazowy tył Moose Utility CF Moto CF 500 CFORCE 500 600 EFI,NADWOZIE,756.00
273353044,Amortyzator gazowy tył Moose Utility Kawasaki KVF 650 750 I Brute Force,NADWOZIE,675.00
273378543,Amortyzator gazowy tył Moose Utility Yamaha YXR 450 660 Rhino,NADWOZIE,627.00
273392849,Amortyzator gazowy tył Moose Utility Yamaha YFM 350 450 Grizzly,NADWOZIE,589.00
273431278,Amortyzator gazowy przód Moose Utility Honda TRX 500 FA FGA Fourtrax,NADWOZIE,411.00
273433457,Amortyzator gazowy przód Moose Utility Honda TRX 420 FM TE TM,NADWOZIE,454.00
273438512,Amortyzator gazowy przód Moose Utility Yamaha YFM 350 450,NADWOZIE,567.00
273439994,Amortyzator gazowy przód Moose Utility Honda TRX 420 FA FPA,NADWOZIE,573.00
273441279,Amortyzator gazowy przód Moose Utility Kawasaki KVF 650 750 I Brute Force,NADWOZIE,648.00
273443267,Amortyzator gazowy przód Moose Utility Honda TRX 650 680,NADWOZIE,621.00
273523652,Amortyzator gazowy przód Moose Utility Yamaha YXR 450 660 Rhino,NADWOZIE,751.00
273523868,Amortyzator gazowy przód Moose Utility  Arctic Cat 400 450 500 550 700 1000,NADWOZIE,648.00
273523960,Amortyzator gazowy przód Moose Utility Yamaha YFM 400 450 FA FAH,NADWOZIE,729.00
273524932,Amortyzator gazowy przód Moose Utility Honda TRX 300 350,NADWOZIE,702.00
273525378,Amortyzator gazowy przód Moose Utility Honda TRX 420 500 520 Fourtrax,NADWOZIE,708.00
273529883,Amortyzator gazowy przód Moose Utility Arctic Cat 400 H2 1000 Alterra 700,NADWOZIE,724.00
273530134,Amortyzator gazowy przód Moose Utility Yamaha YFM 700 KD KPS KPX Kodiak,NADWOZIE,783.00
273530706,Amortyzator gazowy przód Moose Utility Polaris SPORTSMAN 400 500 570,NADWOZIE,427.00
273531108,Amortyzator gazowy przód Moose Utility YAMAHA YFM 660 GOES IRON 500,NADWOZIE,740.00
273532736,Amortyzator gazowy przód Moose Utility Honda SXS 700 M2 M2D M4 M4D Pioneer,NADWOZIE,502.00
273537416,Amortyzator gazowy przód Moose Polaris SPORTSMAN 550 850 XP 850 1000,NADWOZIE,756.00
273538136,Amortyzator gazowy przód Moose Utility CF Moto CFORCE 500 EFI,NADWOZIE,729.00
273542428,Amortyzator gazowy przód Moose Utility Polaris Ranger 400 500 570 800,NADWOZIE,913.00
273546814,Amortyzator gazowy przód Moose Can Am Outlander Renegade 1000 450 570 850,NADWOZIE,972.00
273551780,Amortyzator gazowy przód Moose Utility CF Moto Uforce 500 800 EFI 4X4,NADWOZIE,918.00
273556660,Amortyzator gazowy przód Moose Utility Polaris Ranger XP 1000 900,NADWOZIE,853.00
273569274,Amortyzator gazowy tył Moose Utility Honda TRX 350 FE FM TM,NADWOZIE,486.00
273592805,Amortyzator gazowy tył Moose Yamaha YFM 350 400 FW 4X4 Big Bear Kodiak,NADWOZIE,513.00
273595089,Amortyzator gazowy tył Moose Utility Honda TRX 500 FA FGA Fourtrax Foreman,NADWOZIE,513.00
273596907,Amortyzator gazowy tył Moose Utility Honda TRX 420 FA FPA Fourtrax Rancher,NADWOZIE,540.00
273647650,Amortyzator gazowy tył Moose Utility Honda TRX 420 FE FM TE TM,NADWOZIE,702.00
274081367,Licznik motogodzin elektroniczny Moose podświetlany CAN AM OUTLANDER,NADWOZIE,184.00
274088863,Piasta wewnętrzna sprzęgła Moose 4X4 Polaris Sportsman Scrambler Magnum,NADWOZIE,805.00
274107172,Stacyjka włącznik zapłonu Moose Sportsman 300 400 500 570 800 XP 850 1000,NADWOZIE,168.00
274111740,Stacyjka włącznik zapłonu Moose Polaris Magnum Predator Scrambler 500,NADWOZIE,168.00
274114323,Stacyjka włącznik zapłonu Moose Polaris Big Boss Scrambler 400 Magnum 425,NADWOZIE,168.00
274221823,Zębatka pompy oleju podwójna CF MOTO 520 450 550 600 0GR0-070005,Układ paliwowy - CF MOTO,139.00
274221825,Linka gazu cf moto 1000 AYV-100500-2800,Układ napędowy - CF MOTO,59.00
274221826,Reperaturka uszczelniacz pompy wody CF MOTO 520 450 500 550 600 625 800 820 0700-081200,Układ chłodzenia - CF MOTO,89.00
274221830,OSŁONA FILTRA POWIETRZA CF MOTO 800 1000 LEWA SZARA 9AWA-041034-0BQ00,nadwozie CF MOTO,199.00
274221832,TYLNA OSŁONA SILNIKA CF MOTO 450 500 520 550 9CR6-044023,nadwozie CF MOTO,169.00
274221833,PRZEDNIA OSŁONA SILNIKA CF MOTO 450 500 520 550 9AWA-044021,nadwozie CF MOTO,189.00
274221834,KIEROWNICA CF MOTO 800 OD 2012 DO 2018 7020-100100,Układ napędowy - CF MOTO,190.00
274296869,Stacyjka ATV Moose Utility Polaris Sportsman 850 XP 1000,NADWOZIE,145.00
274297512,Stacyjka ATV Moose Utility Suzuki LT-F 250 300 LT 300,NADWOZIE,162.00
274298439,Crash Pad przód SW-MOTECH Triumph Daytona 675 765,NADWOZIE,244.00
274299881,Ślizg liny długi do wyciągarki WARN,NADWOZIE,323.00
274367934,Zestaw sliderów ramy SW-MOTECH STP.00.590.10001/B,NADWOZIE,227.00
274383304,Stacyjka ATV Moose Utility Kawasaki KEF KLF 300 KVF 300 400,NADWOZIE,162.00
274580601,Łożysko jednokierunkowe Honda TRX Suzuki Kingquad  Yamaha Grizzly,NADWOZIE,139.00
275371693,Przednie lampy LED z ringiem 2szt Can-Am Outlander G2,NADWOZIE,879.00
275383010,Amortyzator tylny Yamaha Grizzly 660,NADWOZIE,409.00
275388033,"Uchwyt montażowy mocowanie kuli haka 2""x2"" Yamaha Grizzly 700 2016-19 can-am outlander CF Moto 84161-1",NADWOZIE,99.00
275497657,Filtr paliwa Honda TRX 420 TRX 500 TRX 680 16706-HN8-A62,NADWOZIE,30.00
275601632,Przełącznik zespolony lewy Yamaha YFZ450 Raptor Grizzly 125 4KB-83973-21-00,NADWOZIE,279.00
275602325,Zestaw sprzęgłowy tarcze przekładki sprężyny Yamaha Raptor 700,NADWOZIE,295.00
275602461,Przełącznik zespolony lewy i prawy,NADWOZIE,67.00
275603282,Łożysko koła Linhai 260 300 10095,NADWOZIE,44.00
275608218,Cewka zapłonowa z fajka prostą Yamaha Grizzly Kodiak 400 450 660 3KJ-82310-10-00,NADWOZIE,72.00
275614735,Manszeta guma przegubu neoprenowa Polaris Sportsman 500 570 700,NADWOZIE,45.00
275619057,Szkło lampy tylnej Yamaha Grizzly 450,NADWOZIE,79.00
275620656,Komplet lusterek uniwersalne z homologacją Yamaha Can-Am Polaris CF Moto,NADWOZIE,134.00
275627384,Wahacz przedni górny lewy Yamaha Raptor 660,NADWOZIE,389.00
275628994,Lusterka czarne z uchwytami na kierownice LU8125 M10,NADWOZIE,57.00
275635605,Pierścień łożyska Can-Am Renegade 500 800,NADWOZIE,34.00
275639566,Lusterka kpl czarne z uchwytami na kierownice do quadów Polaris,NADWOZIE,51.00
275685290,Stator uzwojenie alternatora CF MOTO 450 520 550 0GR0-032000-1000,NADWOZIE,381.00
275685517,"Końcówka wewnętrzna drążka kierowniczego Kawasaki Bruteforce KVF 750 39112-0010 Honda TRX 450R 53158-HP1-003, 51-1006 LH, 41-1008",NADWOZIE,61.00
275838387,Półoś napędowa przód lewa Moose Utility Can Am Outlander 330 400 HO,NADWOZIE,810.00
275883621,Półoś napędowa przód lewa Moose Utility Honda TRX 420 500 520,NADWOZIE,810.00
275982547,Klocki hamulcowe FA84R DB2070 Yamaha Raptor 250 350 660 QUAD ATV,NADWOZIE,57.60
275995101,Półoś napędowa przód lewa prawa Moose Utility Honda TRX 350 420,NADWOZIE,810.00
276516179,Zestaw naprawczy wahacza przód Moose Offroad Arctic Cat Wildcat Trail 700,NADWOZIE,162.00
276516183,Zestaw naprawczy wahacza przód Moose Offroad Honda TRX 300 400 450,NADWOZIE,308.00
276516185,Zestaw naprawczy wahacza przód Moose Offroad Arctic Cat 400 Suzuki LT-Z 400,NADWOZIE,178.00
276516187,Zestaw naprawczy wahacza przód Moose Offroad Arctic Cat 400 Suzuki LT-Z 400,NADWOZIE,286.00
276516188,Zestaw naprawczy wahacza przód Moose Offroad Suzuki LT-R 450 Quadracer,NADWOZIE,319.00
276516190,Zestaw naprawczy wahacza przód Moose Offroad Yamaha YFM 660 R Raptor,NADWOZIE,195.00
276516191,Zestaw naprawczy wahacza przód Moose Offroad Yamaha YFM 250 700 YFZ 350 400,NADWOZIE,184.00
276516192,Zestaw naprawczy wahacza przód Moose Offroad Yamaha YFS 200 Blaster,NADWOZIE,178.00
276516193,Zestaw naprawczy wahacza przód Moose Offroad Yamaha YFM 125 350 700 YFS 200,NADWOZIE,308.00
276516195,Zestaw naprawczy wahacza przód Moose Offroad Kawasaki KFX 450 KVF 650 750,NADWOZIE,259.00
276516197,Zestaw naprawczy wahacza przód Moose Offroad Honda TRX 420 500 680 Fourtrax,NADWOZIE,189.00
276516209,Filtr powietrza Moose Offroad 3-40-01 dwuwarstwowy Kawasaki KLF 185 200,NADWOZIE,124.00
276516210,Filtr powietrza Moose Offroad 3-70-06 dwuwarstwowy Suzuki LT 250 LT-F 250,NADWOZIE,124.00
276516212,Filtr powietrza Moose Offroad 3-20-19 dwuwarstwowy Honda TRX 350 Fourtrax,NADWOZIE,124.00
276516213,Filtr powietrza Moose Offroad 3-80-12 dwuwarstwowy Yamaha YFM 660 R Raptor,NADWOZIE,124.00
276516216,Filtr powietrza Moose Offroad CF-900 podwójny CF Moto Zforce 950 EFI 4X4,NADWOZIE,281.00
276516218,Filtr powietrza Moose Offroad 3-70-11 dwuwarstwowy Arctic Cat 400 2x4,NADWOZIE,124.00
276516219,Filtr powietrza Moose Offroad 3-40-06 dwuwarstwowy Kawasaki KLF 300 Bayou,NADWOZIE,87.00
276516221,Filtr powietrza Moose Offroad 3-80-09 dwuwarstwowy Yamaha YFM 400,NADWOZIE,114.00
276516222,Filtr powietrza Moose Offroad 1-50-07 dwuwarstwowy KTM SX 50 Husqvarna TC50,NADWOZIE,43.00
276516223,Filtr powietrza Moose Offroad 3-40-13 dwuwarstwowy Kawasaki KVF 360 Prairie,NADWOZIE,87.00
276516224,Filtr powietrza Moose Offroad 3-40-09 dwuwarstwowy Kawasaki KVF 300 400,NADWOZIE,87.00
276516225,Filtr powietrza Moose 3-70-03 dwuwarstwowy Kawasaki KFX 80 Suzuki LT 80,NADWOZIE,124.00
276516226,Filtr powietrza Moose Offroad 3-15-05 dwuwarstwowy Scrambler Sportsman,NADWOZIE,130.00
276516227,Filtr powietrza Moose Offroad P3-10-04 naoliwiony Arctic Cat 400 500 H1 650,NADWOZIE,108.00
276516229,Filtr powietrza Moose Offroad P3-40-12 naoliwiony Kawasaki KFX 700 KVF 650,NADWOZIE,151.00
276516230,Filtr powietrza Moose Offroad P3-15-06 naoliwiony Polaris Sportsman 50,NADWOZIE,97.00
276516232,Filtr powietrza Moose Offroad 3-15-05TRI trójwarstwowy Sportsman 500 800,NADWOZIE,216.00
276516237,Filtr powietrza Moose Offroad 3-70-10 dwuwarstwowy Suzuki,NADWOZIE,114.00
276516238,Filtr powietrza Moose Offroad 3-80-15 dwuwarstwowy Yamaha YFM 350 Bruin,NADWOZIE,87.00
276516239,Filtr powietrza Moose Offroad 3-80-13 dwuwarstwowy Yamaha YFM 350 400 450,NADWOZIE,87.00
276516240,Filtr powietrza Moose Offroad 3-70-12 dwuwarstwowy Suzuki LT-F 250,NADWOZIE,119.00
276516241,Filtr powietrza Moose Offroad 3-10-01 dwuwarstwowy Arctic Cat 250 300,NADWOZIE,124.00
276516242,Filtr powietrza Moose Offroad 3-10-02 dwuwarstwowy Arctic Cat 250 300 400,NADWOZIE,124.00
276516244,Filtr powietrza Moose Offroad 3-10-03 dwuwarstwowy Arctic Cat 400 500,NADWOZIE,124.00
276516245,Filtr powietrza Moose Offroad 3-35-01 dwuwarstwowy Can Am DS 650 2X4,NADWOZIE,162.00
276516251,Filtr powietrza Moose Offroad 3-80-04 dwuwarstwowy Yamaha YFM 350 660,NADWOZIE,114.00
276516252,Filtr powietrza Moose Offroad 1-80-40 dwuwarstwowy Yamaha YZ 250 490,NADWOZIE,130.00
276516294,Sworzeń wahacza górny Moose Offroad Arctic Cat 400 2x4,NADWOZIE,141.00
276516878,Zestaw naprawczy wahacza przód Moose Offroad Polaris General RZR,NADWOZIE,189.00
276517812,Zestaw naprawczy wahacza przód Moose Offroad Polaris,NADWOZIE,400.00
276518135,Zestaw naprawczy wahacza przód Moose Offroad Can Am Maverick Trail Turbo 900 1000,NADWOZIE,249.00
276518378,Zestaw naprawczy wahacza przód Moose Offroad Yamaha YXZ 1000 R,NADWOZIE,292.00
276518512,Półoś napędowa tył lewa prawa HD Moose Utility Can Am Commander 800 R EFI,NADWOZIE,603.00
276518578,Zestaw naprawczy wahacza przód Moose Polaris Ace 500 Sportsman,NADWOZIE,173.00
276518971,Zestaw naprawczy wahacza przód Moose Offroad Arctic Cat Wildcat Sport Trail 700,NADWOZIE,227.00
276519850,Zestaw naprawczy wahacza przód Moose Offroad Polaris RZR XP,NADWOZIE,189.00
276532858,Zestaw naprawczy wahacza przód Moose Offroad Arctic Cat Wildcat,NADWOZIE,232.00
276533018,Półoś napędowa przód lewa prawa HD Moose Polaris Scrambler Sportsman,NADWOZIE,870.00
276533523,Zestaw naprawczy wahacza przód Moose Offroad Arctic Cat,NADWOZIE,81.00
276534931,Zestaw naprawczy wahacza przód Moose Polaris Brutus Ranger Sportsman,NADWOZIE,184.00
276537866,Zestaw naprawczy wahacza przód Moose Offroad Polaris,NADWOZIE,222.00
276539318,Zestaw naprawczy wahacza przód Moose Offroad Polaris Ranger RZR,NADWOZIE,97.00
276737838,Półoś napędowa tył lewa prawa Moose Utility Yamaha YFM 450,NADWOZIE,810.00
277076361,Górny wspornik silnika Can Am Outlander 400 650 800 707000224,Outlander,99.00
277076363,Lewy kierunkowskaz uniwersalny z uchwytem do Can Am Outlander 400 650 800 50R004007,Outlander,49.00
277076364,Prawy kierunkowskaz uniwersalny z uchwytem do Can Am Outlander 400 650 800 50R004007,Outlander,49.00
277076366,Osłona tłumika wydechu Can Am Outlander 400 650 800 707600700,Outlander,99.00
277076368,Osłona termiczna baku Can Am Outlander 400 650 800 707600621,Outlander,49.00
277076369,Stelaż akumulatora Can Am Outlander 400 650 800 705201942,Outlander,140.00
277076370,Wahacz lewy przedni z osłoną Can Am Outlander 400 650 800 706201050,Outlander,299.00
277076372,Wahacz przedni Can Am Outlander 400 650 800 706201050,Outlander,250.00
277076374,Zwrotnica przód lewa Can Am Outlander 400 650 800 705400342,Outlander,299.00
277076375,Zwrotnica przód prawa Can Am Outlander 400 650 800 705400346,Outlander,299.00
277076376,Zwrotnica przód prawa Can Am Outlander 400 650 800 705400346,Outlander,299.00
277076379,Osłona przedniego lewego wahacza  Can-am Outlander 850 800 650 570 500 450 400 706200213,Outlander,49.00
277076381,Osłna przedniego prawego wahacza Can-am Outlander 850 800 650 570 500 450 400 706200214,Outlander,49.00
277076384,Piasta Can-am Outlander 850 800 650 570 500 450 400 705501713,Outlander,90.00
277076386,Felga 12x6 przednia Can-am Outlander 850 800 650 570 500 450 400 705400355,Outlander,320.00
277076388,Felga 12x6 przednia uszkodzona  Can-am Outlander 850 800 650 570 500 450 400 705400355,Outlander,99.00
277076389,Felga 12x7.5 tylnia Can-am Outlander 850 800 650 570 500 450 400 705500495,Outlander,320.00
277076391,Mocowanie kierownicy Can-Am Outlander 400 709400586,Outlander,149.00
277076394,PRZEŁĄCZNIK ZESPOLONY Z HOMOLOGACJĄ CAN-AM OUTLANDER 1000 850 800 650 570 500 450 400 RENEGADE 1000 800 710004040,Outlander,299.00
277333559,Amortyzator tylni Yamaha raptor 700 1S3-22210-01-00,Raptor 700,799.00
277333560,Amortyzatory przednie Yamaha raptor 700 1S3-23350-00-00,Raptor 700,650.00
277333562,Osłona przedniego amortyzatora Yamaha raptor 700,Raptor 700,60.00
277333564,Zębatka sprzęgła rozrusznika Yamaha Raptor 700 1S3155170100,Raptor 700,90.00
277333565,Zbiornik oleju kompletny Yamaha Raptor 700 1S3217500000,Raptor 700,599.00
277333567,Tryb rozrusznika Yamaha Raptor 700 1S3155600100,Raptor 700,199.00
277333568,Rozrusznik Yamaha Raptor 700 1S3818900000,Raptor 700,449.00
277333570,Stator uzwojenie Yamaha Raptor 700 1S3814100000,Raptor 700,449.00
277333571,Pompa wody Yamaha Raptor 700 1S3124200000,Raptor 700,249.00
277333573,Pokrywka dekiel głowicy Yamaha Raptor 700 1S3111860000,Raptor 700,99.00
277333574,Pokrywa dekiel wałka rozrządu Yamaha Raptor 700 1S3111851000,Raptor 700,90.00
277333575,Pokrywa dekiel sprzegła Yamaha Raptor 700 1S3154310000,Raptor 700,599.00
277333578,Pokrywa dekiel alternatora Yamaha Raptor 700 1S3154110000,Raptor 700,349.00
277333579,Napinacz łańcuszka rozrządu Yamaha Raptor 700 3TB122100000,Raptor 700,149.00
277333580,Magistrala olejowa Yamaha Raptor 700 1S3131710000,Raptor 700,149.00
277333582,Króciec wodny Yamaha Raptor 700 1S3124690000,Raptor 700,49.00
277333584,Kosz sprzęgłowy kompletny Yamaha Raptor 700 1S3161500000,Raptor 700,680.00
277333585,Dekiel pokrywa pompy wody Yamaha Raptor 700 1S3124220000,Raptor 700,159.00
277333587,Przełącznik zespolony Yamaha Raptor YFM 700 YFZ450R 1S3-83973-11-00,Raptor 700,299.00
277333589,Magneto Koło Magnesowe Yamaha Raptor 700 1S3-81450-00-00,Raptor 700,349.00
277333590,Koło zębate rozrusznika Yamaha Raptor 700 1S3-15515-00-00,Raptor 700,199.00
277342439,Zestaw naprawczy wahacza przód Moose Offroad Suzuki LT-A 450 700 X,NADWOZIE,184.00
277762846,Potencjometr aktuatora Kawasaki KVF 360 650 700 750 16172-0039,NADWOZIE,195.00
277773049,Czujnik stopu hamulca nożnego Yamaha Raptor 700 1S3825301100,Raptor 700,199.00
277773050,Instalacja czujnika biegów Yamaha Raptor 700 1S3825410000,Raptor 700,69.00
277773051,"Yamaha Raptor 700 pompa oleju komplet Oem 5LP133000000, 3AJ133250000",Raptor 700,349.00
277773052,Programator skrzyni biegów komplet Yamaha Raptor 700 1S3185410100,Raptor 700,599.00
277773053,Przewód masowy Yamaha Raptor 700 1S3821161000,Raptor 700,69.00
277773054,"Rozrząd ślizgi Yamaha Raptor 700 5VK122310000 ,1S3122410100 ,945915712600",Raptor 700,349.00
277773055,"Skrzynia biegów Yamaha Raptor 700 1S3174020000, 1S3174010000, 1S3174300000",Raptor 700,1490.00
277773056,Wał korbowy Yamaha Raptor 700 1PE114000000,Raptor 700,699.00
277773057,Wałek równowagi balanser 1 przedni Yamaha Raptor 700 1S3114540000,Raptor 700,399.00
277773058,Wałek równowagi balanser 2 tylny Yamaha Raptor 700 1S3114640000,Raptor 700,299.00
277773059,Wybierak skrzyni biegów Yamaha Raptor 700 1S3181011000,Raptor 700,169.00
277773060,Zębatka wałka równowagi balansera Yamaha Raptor 700 1S3115310000,Raptor 700,299.00
277999736,Odprężnik wałka rozrządu Yamaha Raptor 700 1S3122800100,Raptor 700,89.00
277999737,Czujnik temperatury głowicy Yamaha Raptor 700 5PS857900000,Raptor 700,50.00
277999738,Króciec olejowy Yamaha Raptor 700 1S3134160000,Raptor 700,99.00
277999739,"Nakrętka klin wału korbowego Yamaha Raptor 700 902820700300 , 901702027400",Raptor 700,49.00
277999740,Nakrętka kosza sprzęgłowego Yamaha Raptor 700 901792000700,Raptor 700,30.00
277999741,"Nakrętka tuleja wałka zdawczego Yamaha Raptor 700 903872800900 , 1S3174710000 , 901792201100",Raptor 700,99.00
277999742,Smok olejowy silnika Yamaha Raptor 700 1S3134100000,Raptor 700,129.00
277999743,Śruba magistrali olejowej Yamaha Raptor 700 1S3131320000,Raptor 700,25.00
277999744,Wąż odmy Yamaha Raptor 700 1S3111660000,Raptor 700,75.00
277999745,Zabezpieczenie łożyska bloku silnika Yamaha Raptor 700 1S3111650000,Raptor 700,35.00
277999746,Zębatka kosza sprzęgłowego Yamaha Raptor 700 1S3161110000,Raptor 700,210.00
277999747,Zębatka wałka rozrządu Yamaha Raptor 700 1S3121760000,Raptor 700,100.00
277999748,Zębatka napędzająca pompę wody Yamaha Raptor 700 1S3124360000,Raptor 700,90.00
277999749,Zębatka wału nr 1 Yamaha Raptor 700 1S3115360000,Raptor 700,249.00
278616946,4RIDE Łożyska koła przedniego z uszczelniaczami Kawasaki ZX-6 ZR-7S GPZ ZZR,NADWOZIE,63.99
279227891,Crash Pad ramy SW-Motech Triumph Speed Triple 1050 STP.11.590.10300/B,NADWOZIE,590.40
279537922,Osłona regulatora napięcia Cam Am Outlander Renegade G1 705004036,Renegade,79.00
279537924,Okular lampy lewej przedniej Can Am Commander 800 1000 705002885,Outlander,90.00
279537925,Air Box Can Am Outlander G1 707800266 707800263,Outlander,329.00
279537926,Amortyzator tylny Can Am Outlander G1 706000391,Outlander,349.00
279537928,Chłodnica Can-Am Outlander G1 709200307,Outlander,459.00
279537930,Drążek kierowniczy komplet Can Am Outlander G1 709400485,Outlander,149.00
279537931,Górny wąż chłodnicy Can Am Outlander G1 709200077,Outlander,70.00
279537932,Kanał rura chłodzenia przekładni CVT Can Am Outlander G1 707000540,Outlander,99.00
279537933,Kapsel koła Can Am Outlander G1 705400563,Outlander,19.00
279537936,Kierownica Can Am Outlander G1 709401237,Outlander,199.00
279537937,Lewy boczek plastik Can Am Outlander G1 705003499,Outlander,299.00
279537938,Lewy uchwyt błotnika przedniego Can Am Outlander G1 705002925,Outlander,95.00
279537941,Pompa hamulcowa tylna Can Am Outlander G1 705600063,Outlander,220.00
279537942,Prawy uchwyt błotnika przedniego Can Am Outlander G1 705002926,Outlander,95.00
279537943,Tarcza hamulcowa przednia Can Am Outlander G1 705600603,Outlander,80.00
279537944,Wąż chłodnicy dolny Can Am Outlander G1 709200198,Outlander,70.00
279537947,Zacisk hamulcowy lewy przód Can Am Outlander G1 705600576,Outlander,250.00
279537948,Zderzak stelaż przedni Can Am Outlander G1 705003654,Outlander,699.00
279537949,Dźwignia hamulca nożnego Can Am Outlander Renegade G1 705600784,Outlander,59.00
279537950,"Osłona tylnego mostu Can Am Outlander Renegade G1 704900766 , 703500722",Outlander,50.00
279537953,Półoś prawa przód Can Am Outlander Renegade G1 705401579,Outlander,349.00
279537955,Pompa paliwa Can Am Outlander Renegade G1  703500766,Outlander,649.00
279689655,4RIDE Szpilki i nakrętki koła przedniego  Arctic Cat  Suzuki  Kawasaki,Zawieszenie i Koła,79.00
279690076,4RIDE Zestaw łożysk koła 25-1238 tył AB25-1238 Yamaha FZ FZR RZ TDM XJ XTZ,NADWOZIE,159.99
279690470,4RIDE Zestaw łożysk koła 25-1255 tył z uszczelniaczami Suzuki RM 125 250,NADWOZIE,89.99
279690667,4RIDE Zestaw łożysk koła 25-1510 przód Honda CB CBR CRF FSC RVF VFR VTR,NADWOZIE,69.99
279697892,4RIDE Zestaw łożysk koła AB25-1168 tył Suzuki RM Yamaha YZ,NADWOZIE,45.99
279707499,4RIDE Zestaw łożysk koła AB25-1482 przód Kawasaki KX Suzuki RM Yamaha YZ,NADWOZIE,74.99
279730229,4RIDE Zestaw łożysk koła AB25-1224 tył Kawasaki KX 125 250 500,NADWOZIE,69.99
279737137,Zestaw łożysk koła AB25-1042 przód Arctic Cat DVX Kawasaki KFX Suzuki LT,NADWOZIE,44.99
279739370,4RIDE Zestaw łożysk koła AB25-1250 tył Honda CR CRF; Suzuki RM-X RM-Z,NADWOZIE,82.99
279744045,4RIDE Zestaw łożysk koła AB25-1081 przód Honda CR KTM Adventure EXC LC4 SX,NADWOZIE,59.99
279744091,4RIDE Zestaw łożysk koła AB25-1402 przód Beta Husqvarna KTM Duke Adventure,NADWOZIE,84.99
279745207,ALL BALLS Łożyska koła tył 25-1536 Kawasaki KVF 650 750 Mule TERYX,Brak danych,119.99
279745213,ALL BALLS Zestaw łożysk koła 25-1172 przód tył Simson S SR Suzuki DR RG TS,NADWOZIE,33.25
279745240,ALL BALLS Zestaw łożysk koła przód tył Honda CH Suzuki DR-Z Yamaha TT-R	YZ,NADWOZIE,48.99
279746050,ALL BALLS Zestaw naprawczy zawieszenia 28-1072 Yamaha WR YZ 250 426 450,NADWOZIE,239.99
279746102,ALL BALLS Zestaw łożysk koła 25-1406 przód tył Aprilia Kawasaki KTM Suzuki,NADWOZIE,84.99
279746131,"Wyciągarka komplet Can Am Outlander Renegade G1 705003296 , 705002505",Outlander,1190.00
279746132,Zbiornik paliwa Can Am Outlander Renegade G1 709000220,Outlander,590.00
279746133,Zbiornik wyrównawczy płynu chłodzącego Can Am Outlander Renegade G1 709200099,Outlander,125.00
279746134,Regulator napięcia Can Am Outlander Renegade 710001103,Outlander,399.00
279746135,Wentylator chłodnicy Can Am Outlander Renegade G1 709200371,Outlander,499.00
279746136,Zbiorniczek płynu chłodniczego Can Am Outlander Renagade G1 709200099,Outlander,125.00
279746137,Piasta koła tylnego Yamaha Grizzly 300 1SCF53830000,Grizzly 600,350.00
279746138,Wypełnienie plastik przód prawy Can Am Outlander G1 705002640,Outlander,90.00
279746139,Gniazdo pilota wyciągarki Can Am Outlander,Outlander,69.00
279746140,Osłona plastikowa przekładni CVT Can Am Outlander G1 707000697,Outlander,50.00
279746141,Zaślepka amortyzatora przedniego Can Am Outlander G1 705001999,Outlander,50.00
279746142,Piasta koła Can Am Outlander G1 705500596,Outlander,119.00
279746143,Stelaż podnóżka lewy prawy Can Am Outlander G1 705202081 705201993,Outlander,129.00
279885822,Opona Goldspeed M-948F SX 21X7-10 YELLOW,Opony,633.00
279913457,PROX Łożyska koła przedniego 23.S110092 (25-1092) Yamaha YZ WR 125 250 450,NADWOZIE,87.99
279916319,PROX Tulejki dystansowe koła przedniego Yamaha WR 250F 426F 450F 26.710073,NADWOZIE,39.99
279918668,4RIDE Zestaw naprawczy zawieszenia AB28-1128 Honda CRF 450 R X 250R,NADWOZIE,259.99
280068986,4RIDE Łożysko koła 25-1628 przód tył Polaris ACE Brutus Ranger RZR General,NADWOZIE,99.00
280071313,4RIDE Podpora wału napędowego AB25-1792 Arctic Cat Wildcat; Polaris,NADWOZIE,89.99
280078802,Sworzeń przegub kulowy wahacza dół Polaris Ranger Magnum Scrambler ACE,NADWOZIE,79.99
280081620,Zestaw łożysk i uszczelniaczy dyferencjału przód General Sportsman RZR,NADWOZIE,419.00
280083180,Zestaw łożyska koła łożyska koła przód Polaris Big Boss Scrambler Magnum,NADWOZIE,90.00
280092702,Zestaw uszczelniaczy dyferencjału AB25-2044-5 Yamaha YFM 3550 400 550 700,NADWOZIE,64.99
280097036,Zestaw uszczelniaczy dyferencjału przód Polaris Ranger Scrambler Sportsman,NADWOZIE,69.00
280100940,Zestaw uszczelniaczy dyferencjału przód Polaris Ranger Scrambler Sportsman,NADWOZIE,69.99
280104526,4RIDE Zestaw uszczelniaczy wałka zdawczego AB25-4001 Husaberg Husqvarna KTM,NADWOZIE,69.00
280179837,ALL BALLS Łożyska koła 25-1527 tył (z uszczelniaczami) Kymco MXU KXR Maxxer,NADWOZIE,129.00
280180005,ALL BALLS Łożysko koła z uszczelniaczami przód 25-1068 Yamaha YFM YFZ,NADWOZIE,49.99
280180275,ALL BALLS Łożysko koła tył 25-1788 Polaris Brutus Forest Hawkeye Ranger RZR,NADWOZIE,119.99
280180639,ALL BALLS Sworzeń (przegub kulowy) wahacza 42-1062 góra CF Moto 400 500 800,NADWOZIE,134.99
280180826,ALL BALLS Sworzeń wahacza 42-1019 dół góra Arctic Cat Suzuki Kawasaki,NADWOZIE,99.99
280181400,ALL BALLS Zestaw naprawczy dyferencjału tył 25-2043 Arctic Cat 375 400 500,NADWOZIE,229.99
280239289,ALL BALLS Zestaw naprawczy zawieszenia 50-1009 dół góra Yamaha YFA YFM YFZ,NADWOZIE,179.00
280242365,ALL BALLS Zestaw naprawczy zawieszenia 28-1159 Yamaha YFM 700R Raptor 06-17,NADWOZIE,90.00
280242863,ALL BALLS Zestaw naprawczy zawieszenia 28-1027 Yamaha YFM 350 Warrior,NADWOZIE,99.00
280243451,ALL BALLS Łożyska koła 25-1218 przód z uszczelniaczami KAWASAKI SUZUKI,NADWOZIE,64.99
280271496,PIVOT WORKS Łożyska koła przód tył 2 szt Kymco MXU 550 iRS,NADWOZIE,199.00
280272540,Sworzeń wahacza (przegub kulowy) 42-1029 dół góra Suzuki LT-Z; Yamaha YFM,NADWOZIE,70.00
280276867,Zestaw naprawczy łącznika przegubu wahacza PWLK-Y08-040 Yamaha YFZ 450,NADWOZIE,199.00
280278421,"Zestaw naprawczy mocowania amortyzatora tył Arctic Cat, Kawasaki, Suzuki",NADWOZIE,89.00
280279570,"PROX Łożyska koła przód tył (25-1496) Arctic Cat, CF MOTO, Yamaha, Kymco",NADWOZIE,79.00
280282098,Lampa przednia lewa CF MOTO GOES 500  9010-160110,520,249.00
280282113,Lampa przednia prawa CF MOTO Goes 500 9010-160210,520,249.00
280966841,Osłona silnika czarna Acerbis ProMX do KTM SX EXC 250 300 i HVA TC TE 06-16,NADWOZIE,240.00
280967182,Osłony Ramy Acerbis X-Grip do KTM SX SXF EXC EXC-F Husqvarna TC FC TE 16-20,NADWOZIE,159.00
280967427,Owiewka lampy Acerbis do KTM EXC 125-500 2017,NADWOZIE,140.00
280967701,Ślizg łańcucha Acerbis do KTM / Husqvarna Motocykl cross enduro,NADWOZIE,175.00
280967913,Wytrzymała płyta osłona silnika Acerbis KTM SXF 250 350 Husqvarna FC,NADWOZIE,279.00
280975488,"Prowadnica przelotka przewodu hamulcowego czarna Honda, Kawasaki, Yamaha",nadwozie,35.00
281003479,Owiewka lampy przód czarna OEM KTM EXC EXC-F XC-W 7800800100030,nadwozie,140.00
281021813,Owiewka lampy przód biała OEM KTM EXC EXC-F 7800800100028,-KTM,117.00
281024073,Przedni błotnik OEM KTM 15 EXC XCF SX 79008010000EB,-KTM,122.00
281043977,Błotnik tył pomarańczowy OEM KTM SX 11 7720801300004,-KTM,222.00
281056278,Osłona filtra powietrza KTM SX 85 17/14 KTM SX 85 19/16 KTM SXS 85 17/14,-KTM,169.00
281064212,Mocowanie lampy tył/tablicy OEM KTM EXC XC-W XCF 78108016000,Brak danych,118.00
281069011,Listki osłony dłoni handbary KTM XC EXC SX-F 7810297905004,-KTM,180.00
281078633,OSŁONA FILTRA POWIETRZA PRAWA OEM KTM SX/SXS 4710600101004,-KTM,94.00
281085091,Osłony ramy OEM KTM SXS SX SX-F EXC EXC-F XC-W 54803094100,-KTM,90.00
281254523,Osłony ramy plastikowe OEM KTM EXC XC-W EXC-F SX SX-F 77203094000,-KTM,145.00
281255928,Prowadnica łańcucha OEM KTM EXC EXC-F SX SX-F XC XC-W EXC-F 77304070310,-KTM,180.00
281290040,Dyfuzor  OEM KTM EXC SX SXS XC XC-W EXC-E MXC 54805007300,-KTM,1090.00
281326475,Amortyzator przód Polaris Sportsman 500 HO Oem 7041762,SPORTSMAN,399.00
281326476,"Amortyzator tył Polaris Sportsman 500 HO Oem 7043100, 7043091",SPORTSMAN,349.00
281326477,Obudowa Dolna Lampy Centralnej Polaris Sportsman 500 HO Oem 5433366,SPORTSMAN,349.00
281326478,Przepustnica Polaris Sportsman 500 HO Oem 3131689,SPORTSMAN,859.00
281326479,Przewód hamulcowy przód Polaris Sportsman 500 HO,SPORTSMAN,499.00
281326480,Przewód Lampy Sportsman Polaris 500,SPORTSMAN,49.00
281326481,Przewód masowy Oem Polaris Sportsman 500 HO 4010895,SPORTSMAN,25.00
281326482,Przewód hamulcowy pompy ręcznej Polaris Sportsman 500 HO,SPORTSMAN,50.00
281326483,Zbiornik oleju Polaris Sportsman Scrambler 400 500 EFI Oem 1261653,SPORTSMAN,349.00
281326484,Przekaźnik Przerywacz Kierunkowskazów Polaris Sportsman  500 HO Oem 4011553,SPORTSMAN,249.00
281326485,Regulator Napięcia Polaris Sportsman 500 HO Oem 4012192,SPORTSMAN,499.00
281326486,Przełącznik świateł zespolony z homologacja Polaris Sportsman 500 HO,SPORTSMAN,249.00
281326487,"Wlew płynu chłodzącego z korkiem Polaris Sportsman 500 HO Oem 5412402, 1240508",SPORTSMAN,89.00
281326488,Zwrotnica przód lewa McPerson Polaris Sportsman 500 HO Oem 1822825,SPORTSMAN,249.00
281326489,Zbiorniczek wyrównawczy płynu chodzącego Polaris Sportsman 500 HO Oem 5436936,SPORTSMAN,75.00
281326490,Zwrotnica przód prawa McPerson Polaris Sportsman 500 HO Oem 1822826,SPORTSMAN,249.00
281326491,Wąż Chłodnicy Polaris Sportsman 500 HO Oem 5521793-51,SPORTSMAN,40.00
281326492,Przełącznik napędów kciuk gaz Polaris Sportsman 500 HO Oem 2010336,SPORTSMAN,299.00
281326493,"Kciuk gaz z linką przełącznik napędów Polaris Sportsman 500 HO Oem 2010334, 7081550",SPORTSMAN,349.00
281326494,Dolny wąż chłodnicy Polaris Sportsman 500 HO Oem 5413676,SPORTSMAN,40.00
281326495,Kierunkowskaz Prawy Przód / Lewy Tył Polaris Sportsman 500 HO,SPORTSMAN,49.00
281326496,Mocowanie Uchwyt Wlewu Płynu Chłodniczego Polaris Sportsman 500 HO Oem 5246754,SPORTSMAN,49.00
281326497,"Dźwignia hamulca nożnego Polaris Sportsman 500 HO  Oem 1911047-067, 1911047",SPORTSMAN,79.00
281326498,Cewka zapłonowa Polaris Sportsman 500 HO Oem 3089239,SPORTSMAN,99.00
281326499,Chłodnica Polaris Sportsman 500 HO Oem 1241477,SPORTSMAN,299.00
281326500,Kierunkowskaz Lewy Przód/Prawy Tył Polaris Sportsman 500 HO,SPORTSMAN,49.00
281326501,Pompa paliwa do gaźnika Polaris Sportsman 500 HO Oem 2520227,SPORTSMAN,169.00
281326502,Wentylator Polaris Sportsman 500 HO Oem 2410383  QUAD ATV,SPORTSMAN,349.00
281326503,Zacisk Hamulcowy Prawy Przód Polaris Sportsman 500 HO Oem 1911538,SPORTSMAN,249.00
282037841,Tarcza hamulcowa tylna Polaris Sportsman 500 HO OEM 5252766 QUAD ATV,SPORTSMAN,120.00
282038836,Lampa tylna lewa EU Polaris Sportsman Oem 2410578 QUAD ATV,SPORTSMAN,299.00
282040877,Lampa przednia prawa EU Polaris Sportsman 500 HO Oem 2410510 QUAD ATV,SPORTSMAN,399.00
282042054,Obudowa maskownica pod lampą centralną Polaris Sportsman 500 HO Oem 5436717-464 QUAD ATV,SPORTSMAN,249.00
282042583,Piasta koła przedniego Polaris Sportsman 500 HO Oem 5143612 QUAD ATV,Brak danych,399.00
282043123,Piasta koła tył Polaris Sportsman 500 HO Oem 5143629 QUAD ATV,SPORTSMAN,299.00
282043688,Osłona wahacza prawy tył Polaris Sportsman 500 HO 5435029-070 QUAD ATV,Brak danych,80.00
282043886,Osłona wahacza lewy tył Polaris Sportsman 500 HO Oem 5435008 QUAD ATV,SPORTSMAN,80.00
282045890,Zacisk hamulcowy lewy przód Polaris Sportsman 500 HO Oem 1910877 QUAD ATV,SPORTSMAN,249.00
282046493,Wahacz tył dolnyn lewy Polaris Sportsman 500 HO 1015888-067 QUAD ATV,SPORTSMAN,299.00
282046738,Gniazdo pilota wyciągarki Polaris Sportsman 500 HO QUAD ATV,SPORTSMAN,59.00
282047073,Przełącznik wyciągarki z instalacją warn Polaris Sportsman 500 HO QUAD ATV,SPORTSMAN,149.00
282047166,Przełącznik zespolony EU z homologacją Polaris Sportsman 500 HO QUAD ATV,Brak danych,249.00
282098782,Osłona tylnego wahacza lewy przód Polaris Sportsman 500 HO Oem 5435008-070 QUAD ATV,SPORTSMAN,49.00
282101431,Osłona przedniego wahacza prawy przód Polaris Sportsman 500 HO Oem 5435009-070 QUAD ATV,SPORTSMAN,49.00
282104108,Lampa tylna prawa EU Polaris Sportsman OEM 2410579 QUAD ATV,SPORTSMAN,299.00
282104344,"Mocowanie akumulatora guma + hak Polaris Sportsman 500 HO OEM 5418182, 7010032 QUAD ATV",SPORTSMAN,20.00
282104502,Chłodnica Polaris Sportsman 500 HO OEM 1241477 nr2,SPORTSMAN,349.00
282105312,Czujnik temperatury cieczy POLARIS SPORTSMAN 500 HO OEM 3089892,SPORTSMAN,49.00
282106204,Lampa przednia lewa EU Polaris Sportsman 500 HO OEM 2410509 QUAD ATV,SPORTSMAN,399.00
282106739,Łącznik Stabilizatora Polaris Sportsman OEM 5020827 5432598 QUAD ATV,SPORTSMAN,69.00
282109129,Pokrywa alternatora / boczna CF Moto 1000 9AWV-00101-2E01 QUAD ATV,części zamienne nowe CF MOTO,85.00
282828184,Chłodnica Yamaha Raptor 700 1PEWE2460000 QUAD ATV,Raptor 700,690.00
282828188,Wentylator Chłodnicy Yamaha Raptor 700 1S3124050000 QUAD ATV,Raptor 700,449.00
282828192,Zacisk hamulcowy tył Can Am Outlander Renegade G1 OEM 705600791,Outlander,250.00
282828194,Zacisk hamulcowy prawy przedni Can Am Outlander Renegade G1 OEM 705600728,Outlander,249.00
282898544,Tarcza hamulcowa tył Can Am Outlander Renegade G1 OEM 705600604 QUAD ATV,Outlander,99.00
282898546,Tarcza hamulcowa przód Can Am Outlander Renegade G1 OEM 705600603 QUAD ATV,Outlander,99.00
282898549,Półoś prawa tył Can Am Outlander Renegade G1 OEM 705500977 QUAD ATV,Outlander,499.00
282898551,Dyfer tył most Can Am Outlander Renegade G1 OEM 703501033 QUAD ATV,Outlander,2290.00
282943523,Półoś lewa tył Can Am Outlander Renegade G1 OEM 705500976,Outlander,400.00
282943524,"Flansza tylnego dyfra Can Am Outlander Commander G1 OEM 705500351, 705500762",Outlander,499.00
282943526,Półoś lewy przód Can Am Outlander Renegade G1 OEM 705401578,Outlander,499.00
282943529,Półoś przód prawa  Can Am Outlander Renegade G1 OEM 705401579,Outlander,299.00
282943531,Wahacz tył prawy dół Polaris Sportsman 500 EFI HO OEM 1015889-067,SPORTSMAN,349.00
282944060,Dyfer przedni most przód Can Am Outlander Renegade G1 OEM 705400772,Outlander,1889.00
284509770,Pług do Quada ATV CF Moto 450 500 520 800 850 1000 do odśnieżania śniegu,PŁUGI,1850.00
286357181,MOTUL HD 80W90 1L olej przekładniowy mineralny (GEARBOX),Oleje przekładniowe,39.00
286363867,"MOTUL MOTYLGEAR 75W90 1L olej przekładniowy, półsyntetyczny",Oleje przekładniowe,65.00
286372328,HIFLOFILTRO filtr oleju HF204 HONDA/ KAWASAKI/ YAMAHA (50),Filtry oleju,35.00
286408010,Manetki podgrzewane Oxford Essential ATV QUAD z panelem sterującym,NADWOZIE,335.00
286409987,Manetki podgrzewane BRONCO ATV QUAD podgrzewacz kciuka czarny sterownik,NADWOZIE,335.00
286626138,Zestaw Serwisu Olejowego MOTUL Filtr CF MOTO 450 520 550 625 QUAD,Oleje do quadów,188.00
286637516,Dystanse przód 4x156 45mm Yamaha Raptor,Raptor 700,249.00
286637518,Kapsel osłona łożyska koła przedniego Yamaha Raptor 700 OEM 5GT2512A00,Raptor 700,24.00
286637521,Osłona plastikowa tarczy hamulcowej przód Yamaha Raptor 700 OEM 5TG2514A0000,Raptor 700,29.00
286637523,Piasta Koła Przedniego Yamaha Raptor 700 OEM 1S3251110000,Raptor 700,290.00
286637525,Tarcza Hamulcowa Przednia Yamaha Raptor 700 OEM 3GD2582T1000,Raptor 700,150.00
286637527,Uchwyt Lampy Przedniej Lewa Yamaha Raptor 700 OEM 1S3215130000,Raptor 700,399.00
286637529,Uchwyt Lampy Przedniej Prawy Yamaha Raptor 700 OEM 1S3215140000,Raptor 700,399.00
286637531,Wahacz Dolny Lewy Przód Yamaha Raptor 700 OEM 5TG235702100,Raptor 700,390.00
286637533,Wahacz Dolny Prawy Przód Yamaha Raptor 700 OEM 5TG235802000,Raptor 700,390.00
286637535,Wahacz Górny Lewy Przód Yamaha Raptor 700 OEM 5TG-23540-22-00,Raptor 700,190.00
286637537,Wahacz Górny Prawy Przód Yamaha Raptor 700 OEM 5TG-23550-22-00,Raptor 700,190.00
286637539,Zwrotnica Lewa Yamaha Raptor 700 OEM 1S3-23501-00-00,Raptor 700,899.00
286637540,Zwrotnica Prawa Yamaha Raptor 700 OEM 1S3-23502-00-00,Raptor 700,899.00
286640520,Zestaw serwisowy olej Motul + filtry do QUADA ATV CF MOTO 1000 C-FORCE,Oleje do quadów,323.00
286642030,"Zestaw serwisowy olej Motul, filtry podkładka do quada CF MOTO 1000 C-FORCE",Oleje do quadów,278.00
286643027,"Zestaw serwisowy olej Motul, filtry, podkładka do quada CF MOTO 850 C-FORCE",Oleje do quadów,249.00
286643314,"Zestaw serwisowy olej Motul, filtr do quada CF MOTO 850 1000 C-FORCE",Oleje do quadów,188.00
286644061,"Zestaw serwisowy olej Motul, filtry, do quada CF MOTO 450 520 550 625",Oleje do quadów,243.00
286657073,FELGA MOOSE UTILITY 548M 12X8 4/110 QUAD ATV,Felgi,429.00
287858240,Zestaw Serwisu Olejowego Motul Filtr Świeca YAMAHA YFM 700 R RAPTOR,Oleje do quadów,168.00
287860960,Oxford Manetki Podgrzewane Premium Sport z Trybem Oszczędzania Akumulatora 22mm Długość 114/123mm,Motoryzacja/Części i wyposażenie motocyklowe/Części motocyklowe/Elementy nadwozia/Pozostałe,420.00
287872591,"Oxford Manetki Podgrzewane Premium Adventure z Trybem Oszczędzania Akumulatora 22mm, Długość 122/132mm",Motoryzacja/Części i wyposażenie motocyklowe/Części motocyklowe/Elementy nadwozia/Pozostałe,399.00
288290884,Wypełnienie nadkole lewe przód Can Am Outlander G1 705000652,Outlander,90.00
289481547,Chlapacz w zestawie KTM SX/EXC 77303094100,nadwozie KTM,89.00
289482211,Osłona lampy przód KTM EXC / EXC-F / XC-W / XCF-W 17-19,nadwozie KTM,88.00
289482407,"Osłona pokrywy sprzęgła Polisport, pomarańczowa, KTM XC/SX/EXC/XCW 250/300 13-16",nadwozie KTM,104.00
289482627,"Osłony teleskopów Polisport, białe KTM, Honda 06-16 / Gas Gas 06-17 / KTM 06-15",nadwozie KTM,99.00
289483857,"Panel przedni Polisport, biały KTM, KTM SX/SX-F 07-12 / XC/XC-F 08-12",nadwozie KTM,77.00
289512198,Łańcucha Polisport Prowadnica dla Kawasaki KX 250 F 4T 09-18,Układ napędowy - KTM,120.00
289512199,Ślizg łańcucha POLISPORT do HONDA CRF 250 450 8983400001,Układ napędowy - KTM,65.00
289515219,"Ślizg Łańcucha Napędowego POLISPORT, Pomarańczowy, KTM SX / SX-F / XC / XC-F 16-17, Husqvarna 16-17",Układ napędowy - KTM,32.00
289515221,"Ślizg Łańcucha  POLISPORT, Czarny, Honda CR 125-250 02-07 / CRF 250 R 04-09 / CRF 450 R 02-08",Układ napędowy - KTM,65.00
289515223,"Ślizg Łańcucha POLISPORT, Czarny, Honda CRF 250 R 10-13 / CRF 450 R 09-12",Układ napędowy,75.00
289515225,"Ślizg Łańcucha POLISPORT, Pomarańczowy, KTM SX 12-17 / SX-F 11-17 / Husqvarna TC/FC/TE/FE 14-17",Układ napędowy,64.00
289527413,"Osłony Chłodnicy POLISPORT , Pomarańczowe, KTM SX/EXC/XC 07-16",NADWOZIE,85.00
289527415,Prowadnica i Ślizg Łańcucha POLISPORT KTM SX 07-10,Układ napędowy - KTM,190.00
289527417,Prowadnica łańcucha kolor czarny pasuje do KTM EXC SX XC,Układ napędowy,85.00
289527419,RTECH Osłona Chłodnicy KTM Czarna EXC 08-11 / SX 07-10 / EXC 250 F 4T,NADWOZIE,174.00
289527421,UFO Błotnik Przód Yamaha WRF 250 '06-'14 Niebieski YA03879089,NADWOZIE,74.00
289540071,UFO Boczki Tylne Honda CR 125/250 '02-'07,NADWOZIE,160.00
289540074,"UFO Osłona Amortyzatora Tylnego KTM SX '98-'06, EXC '98-'07, 4T '93-'99 Czarna",NADWOZIE,54.00
289540075,"UFO Osłona Amortyzatora Tylnego RMZ 250 '10-'17, Czarna",NADWOZIE,45.00
289540077,"UFO OsłonaKTM SX '07-'15, EXC '08-'15 2T",NADWOZIE,57.00
289934043,UFO Osłona Lampy Przód KTM EXC/EXCF TPI 17-19 Biały,NADWOZIE,90.00
289934044,UFO Osłona Chłodnicy Suzuki RM 85 '00-'11 - Żółte,NADWOZIE,123.00
289934045,UFO Osłony Chłodnicy Honda CR 125/250 '02-'07 - Czerwone,NADWOZIE,156.00
289934046,UFO Osłona Filtra Powietrza KTM SX 85 '13-'17 (Lewy) - Czarna,NADWOZIE,80.00
289934047,"UFO Prowadnica Łańcucha Kawasaki KX 125/250 '03-'17, KXF 250 '04-'05 - Czarna",NADWOZIE,67.00
289934048,"UFO Prowadnica Łańcucha Kawasaki KX 125/250 '03-'17, KXF 250 '04-'05 - Niebieska",NADWOZIE,74.00
289934049,UFO Prowadnica Łańcucha KTM SX 85 '04-'14,NADWOZIE,78.00
289934050,UFO Prowadnica Łańcucha Honda CRF 250R/250X/450R/450X/CR 125/250 Czerwona - HO04623070,Układ napędowy,65.00
289934051,UFO Prowadnica Łańcucha Yamaha YZ/YZF/WRF 125-450 '07-'20 Czarna,Układ napędowy,65.00
289934052,"UFO Prowadnica Łańcucha Yamaha YZ 125/250 '97-'01, YZF/WRF '98-'02, YZF '04-'06 - Czarna",Układ napędowy,64.00
289957952,"UFO Ślizg Łańcucha Honda CR 80/85, 1996-2021",Układ napędowy,67.00
289957953,"UFO Ślizg Łańcucha Honda CRF 250R '10-'13, CRF 450R '09-'12 - Czarny",Układ napędowy,59.00
289957954,UFO ŚLIZG ŁAŃCUCHA HONDA CRF 450R 09 12 CRF 250R 10 13 CZERWONY,Układ napędowy,69.00
289957958,UFO Ślizg Łańcucha Yamaha YZ 85 '02-'18 - Czarny,Układ napędowy,59.00
290006190,"UFO Tablica na Numer Startowy KTM SX '03-'06, EXC '03-'07 - Czarna",Układ napędowy,99.00
290006192,UFO Tablica na Numer Startowy KTM SX 85 '04-'12 - Czarna,Układ napędowy,69.00
290006194,UFO Tablica na Numer Startowy Suzuki RM 85 '00-'23 - Biała,Układ napędowy,82.00
290006198,UFO Osłony Boczki Tylne Suzuki RM 85 '00-'13 - Białe,Układ napędowy,140.00
290006200,"UFO Osłony Chłodnicy Honda CR 125 '98-'99, CR 250 '97-'99 - Czerwone",Układ napędowy,174.00
290473579,Stelaż Ramka Bagażnika Tył Cf Moto 850 1000 9AWA-142000-20000,Stelaż,399.00
290473778,Cylinder Works  Cylinder Polaris RZR 800 08-14 Standard 80mm,Silnik,1399.00
290861029,Komplet łożysk główki ramy Yamaha WR 250 - Pivot Works,Zawieszenie i Koła,220.00
290861030,Komplet łożysk główki ramy YAMAHA YFM 700 Pivot Works,Zawieszenie i Koła,115.00
290861031,"Końcówki Drążka Kierowniczego Polaris Magnum, Sportsman 325/330/425/500, 400/500/600/700/800",Zawieszenie i Koła,219.80
290861034,Krzyżak wału napędowego CAN-AM CF MOTO,Zawieszenie i Koła,89.00
290861036,Krzyżak Wału Napędowego POLARIS SPORTSMAN,Zawieszenie i Koła,98.00
290861039,Krzyżak wału napędowego Yamaha Grizzly,Zawieszenie i Koła,85.00
290861040,ŁOZYSKA GŁÓWKI RAMY HONDA CRF450RX,Zawieszenie i Koła,130.00
290861041,ŁOŻYSKA KOŁA PRZEDNIEGO Z USZCZELNIACZAMI BMW K1200/R1150 I TYLNEGO HONDA GL,Zawieszenie i Koła,115.00
290861042,Łożysko kolumny kierowniczej z uszczelniaczami Kymco Kawasaki,Zawieszenie i Koła,40.00
290872495,Filtr powietrza Twin Air 152912 Yamaha YFM 550 700 Grizzly  QUAD ATV,NADWOZIE,48.00
290872496,Filtr powietrza Twin Air 151802 Kawasaki KFX 450 R 2x4,NADWOZIE,94.00
290872499,Filtr powietrza Twin Air 152909FR Yamaha YFM 700,NADWOZIE,141.00
290872502,Filtr powietrza Twin Air 151801 Kawasaki KFX 400 2X4,NADWOZIE,86.00
290872503,Filtr powietrza Twin Air 153511 Suzuki LT-Z 250 2X4 Quadsport,NADWOZIE,86.00
290872504,Filtr powietrza Twin Air 151910 Kawasaki KLF 300 Bayou KVF 300 400 Prairie,NADWOZIE,86.00
290872506,Filtr powietrza Twin Air 152908 Yamaha YFM 700 Raptor,NADWOZIE,94.00
290872507,Filtr powietrza Twin Air 152903 Yamaha YFM 350 Raptor Warrior 660 Grizzly,NADWOZIE,86.00
290872508,Filtr powietrza Twin Air 152902 Yamaha YFZ 450,NADWOZIE,94.00
290872509,Filtr powietrza Twin Air 152617 Yamaha YXC YXE YXM 700,NADWOZIE,86.00
290872511,"Filtr powietrza Twin Air 153908 Arctic Cat 400, Suzuki LT-A LT-F LT-Z 400",NADWOZIE,86.00
290872512,Filtr powietrza naoliwiony Twin Air 153908X Suzuki LT,NADWOZIE,105.00
290872513,Filtr powietrza Twin Air 156052FR Can Am Outlander Renegade,NADWOZIE,131.00
290872515,Filtr powietrza Twin Air 156061P Can Am Outlander,NADWOZIE,277.00
290872518,Filtr powietrza Uni Filter NU-3212ST Yamaha YFM 550 700 Grizzly,NADWOZIE,186.00
290872519,Filtr powietrza Uni Filter NU-3241ST Yamaha YFM 660 R Raptor,NADWOZIE,232.00
290872521,Filtr powietrza Uni Filter NU-3256ST Yamaha YFM 700 Raptor,NADWOZIE,155.00
290872522,Filtr powietrza Uni Filter NU-3252ST Yamaha YFZ 450,NADWOZIE,193.00
290872526,Filtr powietrza Uni Filter NU-8703ST Can Am Outlander,NADWOZIE,219.00
290872527,Filtr powietrza Uni Filter NU-8503ST Polaris Scrambler 500 Sportsman,NADWOZIE,195.00
290872528,Filtr powietrza Uni Filter NU-8518ST Polaris Scrambler 850 XP 1000,NADWOZIE,192.00
290872529,Filtr powietrza Uni Filter NU-8708ST Can Am Outlander Renegade,NADWOZIE,242.00
290874932,Filtr powietrza Twin Air 152904 Yamaha YFM 660 R Raptor,NADWOZIE,86.00
290880164,Osłona przegubu CAN AM Outlander Renegade G2,Zawieszenie i Koła,54.00
290880178,Osłona przegubu przód/wewnątrz/zewnątrz CAN-AM POLARIS,Zawieszenie i Koła,46.00
290880181,Osłona przegubu YAMAHA Grizzly Honda Pioneer Kawasaki Brute Force Su,Zawieszenie i Koła,59.99
290888210,Filtr powietrza Uni Filter NU-2483ST Arctic Cat Kawasaki KFX Suzuki LT,NADWOZIE,200.00
290890796,Filtr powietrza Twin Air 156140 Polaris Sportsman 400 450 500 700 800 850,NADWOZIE,131.00
290905578,Filtr powietrza Uni Filter NU-8518ST Polaris Sportsman 550 850 XP 1000,NADWOZIE,192.00
290967859,Zestaw Serwisu Olejowego Motul Filtry Do QUADA CF MOTO 1000 C-FORCE,Oleje do quadów,389.00
290969560,Zestaw Serwisu Olejowego Motul Filtry Do Quada CF MOTO 1000 C-FORCE,Oleje do quadów,345.00
290974210,Zestaw Serwisu Olejowego Motul Filtr Do Quada CF MOTO 850 1000 C-FORCE,Oleje do quadów,255.00
290976641,Zestaw Serwisu Olejowego Motul Filtry Do Quada CF MOTO 850 C-FORCE,Oleje do quadów,329.00
290977690,Zestaw Serwisu Olejowego Motul filtry Do Quada CF MOTO 450 520 550 625,Oleje do quadów,329.00
291003553,Zestaw Serwisu Olejowego MOTUL Filtr CF MOTO 450 520 550 625 QUAD,Oleje do quadów,255.00
291015085,Zestaw Serwisu Olejowego MOTUL Filtr CF MOTO 450 520 550 625 QUAD,Oleje do quadów,199.00
291016188,Zestaw Serwisu Olejowego MOTUL Filtr CF MOTO 850 1000 QUAD,Oleje do quadów,199.00
291043050,Zestaw Serwisu Olejowego Motul Filtr Do Quada YAMAHA YFM 450 F GRIZZLY,Oleje do quadów,213.00
291089504,Zestaw Serwisu Olejowego Motul Filtr CAN-AM RENEGADE OUTLANDER 800 / 1000,Oleje do quadów,379.00
291099526,Zestaw Serwisu Olejowego Motul Filtr Do Quada YAMAHA YFM 350 R RAPTOR,Oleje do quadów,212.00
291129399,Osłona guma przegubu manszeta All Balls 19-5002 Can Am Commander,NADWOZIE,97.00
291129400,Osłona guma przegubu manszeta All Balls 19-5004 CanAm Honda Kawasaki Yamaha,NADWOZIE,97.00
291129401,Osłona guma przegubu manszeta All Balls 19-5005 Can Am Kawasaki Polaris,NADWOZIE,97.00
291129402,Osłona guma przegubu manszeta All Balls 19-5009 Honda Kawasaki Yamaha,NADWOZIE,97.00
291129403,Osłona guma przegubu manszeta All Balls 19-5010 Honda Arctic Cat Kawasaki,NADWOZIE,92.00
291129404,Osłona guma przegubu manszeta All Balls 19-5011 Honda Suzuki Yamaha,NADWOZIE,92.00
291129406,Osłona guma przegubu manszeta All Balls 19-5017 Can Am Yamaha Polaris,NADWOZIE,97.00
291129407,Osłona guma przegubu manszeta All Balls 19-5021 CF Moto Polaris Honda,NADWOZIE,97.00
291129408,Osłona guma przegubu manszeta All Balls 19-5023 Yamaha YXC YXE YXM YXR 700,NADWOZIE,97.00
291129409,Osłona guma przegubu manszeta All Balls 19-5024 Arctic Cat Polaris RZR,NADWOZIE,97.00
291129411,Osłona guma przegubu manszeta All Balls 19-5026 Honda Kawasaki Poolaris,NADWOZIE,97.00
291129412,Osłona guma przegubu manszeta All Balls 19-5027 Can Am Commander Outlander,NADWOZIE,97.00
291129413,Osłona guma przegubu manszeta All Balls 19-5028 Can Am Kawasaki Polaris,NADWOZIE,97.00
291129414,Osłona guma przegubu manszeta All Balls 19-5029 Honda Suzuki Yamaha,NADWOZIE,97.00
291129415,Osłona guma przegubu manszeta All Balls 19-5030 CF Moto Honda Suzuki Yamaha,NADWOZIE,97.00
291129416,Osłona guma przegubu manszeta All Balls 19-5038 Yamaha Kawasaki Suzuki Can-Am,NADWOZIE,221.00
291129417,Osłona guma przegubu manszeta All Balls 19-5037 Can Am Maverick Turbo 900,NADWOZIE,124.00
291129418,Osłona guma przegubu manszeta All Balls 19-5054 Polaris RZR,NADWOZIE,114.00
291129420,Osłona guma przegubu manszeta All Balls 19-5057 Polaris RZR XP,NADWOZIE,114.00
291129421,Osłona guma przegubu manszeta All Balls 19-5061 Polaris Ranger 1000,NADWOZIE,114.00
291384258,Zestaw Serwisu Olejowego Motul Filtr YAMAHA YFM 700 R RAPTOR,Oleje do quadów,138.00
291386099,Osłona guma przegubu manszeta All Balls 19-5055 Polaris RZR PRO,NADWOZIE,114.00
291419749,Osłona guma przegubu manszeta All Balls 19-5013 Kawasaki Honda TRX,NADWOZIE,97.00
291457695,Zestaw Serwisu Olejowego Motul filtr świeca do quada YAMAHA YFM 660 R RAPTOR,Oleje do quadów,244.00
291458083,Zestaw Serwisu Olejowego Motul Filtr Świeca YAMAHA YFM 660 R RAPTOR,Oleje do quadów,175.00
291458865,Zestaw Serwisu Olejowego Motul Filtr YAMAHA YFM 660 R RAPTOR,Oleje do quadów,159.00
292283198,Zestaw Serwisu Olejowego Motul Filtr SUZUKI LT-Z 400 K QUAD-SPORT,Oleje do quadów,194.70
292283435,Zestaw Serwisu Olejowego Motul Filtr Świeca SUZUKI LT-Z 400 K QUAD-SPORT,Oleje do quadów,225.00
292283852,Zestaw Serwisu Olejowego Motul Filtry Świeca SUZUKI LT-Z 400 K QUAD-SPORT,Oleje do quadów,299.00
292284052,Zestaw Serwisu Olejowego Motul Filtr YAMAHA YFM 700 F GRIZZLY,Oleje do quadów,213.00
292284077,Zestaw Serwisu Olejowego Motul Filt Świeca YAMAHA YFM 700 F GRIZZLY,Oleje do quadów,238.00
292284335,Zestaw Serwisu Olejowego Motul Filty Świeca YAMAHA YFM 700 F GRIZZLY,Oleje do quadów,278.00
292284382,Zestaw Serwisu Olejowego Motul Filtr YAMAHA YFM 660 F GRIZZLY,Oleje do quadów,154.00
292284423,Zestaw Serwisu Olejowego Motul Filty Świeca YAMAHA YFM 660 F GRIZZLY,Oleje do quadów,169.00
292284507,Zestaw Serwisu Olejowego Motul filtr świeca YAMAHA YFM 350 R RAPTOR,Oleje do quadów,227.00
292284708,Zestaw Serwisu Olejowego Motul filtry świeca YAMAHA YFM 350 R RAPTOR,Oleje do quadów,299.00
292343616,Dystanse 45mm 4/110 dla CF Moto,Brak danych,670.00
292387884,Dystanse Kół 40mm 4/144 45mm  4/110 Suzuki LTZ 450,Brak danych,770.00
292395969,Dystanse 40mm 4/144 45 mm  4/110 Suzuki LTR 450,Brak danych,770.00
292396779,Dystanse 30mm 4/156 30mm 4/115  dla Yamaha Raptor,Brak danych,695.00
292399438,Dystanse Kół  45mm/45mm 4/100 dla Yamaha Grizzly,Brak danych,770.00
292402005,Dystanse Kół  45mm/ 45mm 4/110 dla Yamaha Kodiak,Brak danych,770.00
292402685,Dystanse Kół  45mm/45mm 4/110 dla Kawasaki,Brak danych,770.00
292404883,Dystanse Kół  30mm/30mm 4/156 dla Polaris,Brak danych,719.00
292405993,Dystanse Kół  45mm/45mm 4/136 dla Can Am Outlander,Brak danych,756.00
292430037,Zestaw Serwisu Olejowego Motul filtry Świeca YAMAHA YFM 700 R RAPTOR,Oleje do quadów,249.00
292430145,Zestaw uszczelniaczy wałka zdawczego Yamaha YZ450F 03-22,Zawieszenie i Koła,85.00
292430149,Zestaw uszczelniaczy wałka zdawczego KAWASAKI KX100,Zawieszenie i Koła,75.00
292430152,Zestaw uszczelniaczy wałka zdawczego Kawasaki KLX400R,Zawieszenie i Koła,74.00
292430736,Zestaw uszczelniaczy wałka zdawczego HUSQVARNA 85 KTM 105 85 85BW,Zawieszenie i Koła,74.00
292430741,Zestaw naprawczy zawieszenia Suzuki LTR 450,Zawieszenie i Koła,220.00
292430747,ZESTAW NAPRAWCZY ZACISKU HAMULCOWEGO YAMAHA RAPTOR MOOSE UTILITY 1702-0080,Układ hamulcowy,99.00
292475839,Podgrzewane siedzenie do quada motocykla skutera,NADWOZIE,92.00
292491027,Mata grzewcza podgrzewane siedzenie QUAD ATV Motocykl Skuter QUAD ATV,NADWOZIE,115.00
292887697,Dystanse Kół  45mm/45mm 4/136 dla Can-Am Renegade,Brak danych,756.00
292890020,Dystanse Kół  30mm/ 30mm 4/156 dla Polaris RZR,Brak danych,673.00
292918095,Dystanse 30mm/30mm 4/136 dla  Can-Am Maverick,Brak danych,696.00
292934177,Dystanse Kół 45mm/45mm 4/156 dla Polaris RZR,Brak danych,759.00
293000089,"Zestaw Naprawczy Zacisku Hamulcowego Przód Honda TRX 400EX, Kawasaki KFX, Suzuki LTZ400, Yamaha YFM",Układ hamulcowy,70.00
293000090,"Zestaw Naprawczy Zacisku Hamulcowego Przód Honda TRX 300EX/400EX, Kawasaki KEF/KFX, Suzuki LTZ400, Yamaha YFM/Y",Układ hamulcowy,79.00
293000091,Zestaw naprawczy zacisku hamulcowego KAWASAKI Tourmax BCF-425,Układ hamulcowy,87.00
293000092,Zestaw naprawczy zacisku hamulca YAMAHA YFM 550/700 2007-2015 18-3042,Układ hamulcowy,80.00
293000093,Zestaw naprawczy zacisku hamulca tył SUZUKI YAMAHA 18-3035,Układ hamulcowy,74.00
293000094,Zestaw naprawczy zacisku hamulca tył KAWASAKI SUZUKI YAMAHA 18-3033,Układ hamulcowy,85.00
293000095,Zestaw naprawczy zacisku hamulca POLARIS 18-3248,Układ hamulcowy,80.00
293000098,Zestaw naprawczy zacisku hamulca 18-3046 HONDA HUSABERG HUSQVARNA KTM,Układ hamulcowy,49.00
293300311,"Zestaw Naprawczy Wałka Zdawczego Yamaha YFZ450R/X 09-22, YFM700 Raptor 06-22",Układ napędowy,65.00
293300312,Zestaw Naprawczy Wałka Zdawczego Yamaha YFZ 450,Układ napędowy,89.00
293300315,Zestaw Naprawczy Wałka Zdawczego Yamaha WR400F YFZ450,Układ napędowy,74.00
293300316,Zestaw Naprawczy Wałka Zdawczego KTM SX-F,Układ napędowy,75.00
293300317,Zestaw naprawczy wahacza YAMAHA Raptor 700 Pivot Works,Układ napędowy,249.00
293300318,Zestaw naprawczy siłownika sprzęgła KTM EXC MXC SX SXS XC 18-6008,Układ napędowy,130.00
293300319,Zestaw Naprawczy Pompy Wody Yamaha YZF 250 01-13 WR 250F 01-14,UKŁAD CHŁODZENIA,90.00
293300321,Zestaw Naprawczy Pompy Wody Yamaha WR 450F 03-15,UKŁAD CHŁODZENIA,89.00
293300322,Zestaw Naprawczy Pompy Wody Honda CR 125R,UKŁAD CHŁODZENIA,90.00
293300326,Zestaw naprawczy zaciski hamulcowe Yamaha YFZ450 MOOSE UTILITY,Układ hamulcowy,95.00
293376802,Zestaw Naprawczy Pompy Hamulcowej Yamaha YZ/YZF/WRF Tourmax MSR-217,Układ napędowy,160.00
293376805,Zestaw Naprawczy Pompy Hamulcowej Tył Yamaha Tourmax MSR-214,Układ hamulcowy,130.00
293376807,Zestaw Naprawczy Pompy Hamulcowej Przód/Tył Honda/Yamaha/Kawasaki/Suzuki,Układ hamulcowy,72.00
293376810,Zestaw naprawczy pompy hamulcowej HONDA 18-1008,Układ hamulcowy,65.00
293376812,Zestaw Naprawczy Mocowania Amortyzatora Suzuki LT-R450 06-11,Zawieszenie i Koła,159.00
293376815,Zestaw Naprawczy Mocowania Amortyzatora KTM EXC,Zawieszenie i Koła,154.00
293376818,Zestaw Naprawczy Mocowania Amortyzatora Arctic Cat,Części zamienne &gt; Nowe &gt; Zawieszenie i Koła &gt; Zawieszenie i Koła - POLARIS,55.00
293376820,Zestaw naprawczy gaźnika SUZUKI 26-1464,układ paliwowy,210.00
293376822,Zestaw naprawczy amortyzatora Yamaha YFM700R Raptor,Zawieszenie i Koła,145.00
293376825,Zestaw naprawczy amortyzatora Kawasaki KFX450R,Zawieszenie i Koła,145.00
293376832,Zestaw końcówek drążka kierowniczego Arctic Cat,Zawieszenie i Koła,119.00
293376834,"Tłoczek Zacisku Hamulcowego Honda TRX, Suzuki LT-F Moose Utility",Układ hamulcowy,174.00
293376836,Tłoczek Zacisku Hamulcowego Yamaha Raptor 700 OEM 5UG-W0057-00-00,Układ hamulcowy,250.00
293953553,Szpilki i Nakrętki Koła Yamaha Raptor 08-13,Zawieszenie i Koła,79.00
293953556,"Szpilki i Nakrętki Koła M10 x 1,25 Yamaha Raptor 04-06, Warrior 89-04",Zawieszenie i Koła,85.00
293953559,"Szpilki i Nakrętki Koła M10 x 1,25 Polaris",Zawieszenie i Koła,90.00
293953561,"Szpilki i Nakrętki Koła M10 x 1,25 Arctic Cat Wildcat MudPro",Zawieszenie i Koła,80.00
293953564,Szpilki i nakrętki do koła Suzuki Kawasaki,Zawieszenie i Koła,85.00
293953567,Sworzeń Przegubu Kulowego Wahacza Dół POLARIS All Balls 42-1030,Zawieszenie i Koła,108.50
293953569,Rolka prowadząca łańcuch dół/góra ARCTIC CAT YAMAHA HONDA HUSQVARNA KAWASAKI SUZUKI,Układ napędowy,65.00
293953571,Rolka Prowadząca 34/8mm 24mm HONDA / SUZUKI / YAMAHA,Układ napędowy,49.00
293953574,Rolka Łańcucha Napędowego ARCTIC CAT / HONDA / HUSQVARNA / KAWASAKI / POLARIS / SUZUKI,Układ napędowy,59.00
293953577,Rolka łańcucha góra/dół Yamaha Raptor Honda CR,Układ napędowy,75.00
294483545,Tłoczek Zacisku Hamulcowego Honda ATC TRX Yamaha YFZ YFM,Układ hamulcowy,224.00
294483548,Blokada Manetki do Quada i Motocykla GRIP LOCK KOVIX,NADWOZIE,190.00
294483551,Lampa przód LED KTM EXC-F Acerbis 4320 Lumenów,Układ Elektryczny,429.00
294483553,Osłony dłoni Acerbis X-FACTORY handbary listki ProMX,Zawieszenie i Koła,334.00
294483556,Okleina Naklejki na Felgi Cross Enduro Szara,Zawieszenie i Koła,119.00
294483559,Pokrowiec siedzenia Blackbird Honda CRF 250 10-13/450 09-12,NADWOZIE,240.00
294483561,Pokrowiec siedzenia Blackbird Honda CRF 450 05-08,NADWOZIE,240.00
294483564,Pokrowiec siedzenia Blackbird Suzuki RMZ 450 08-17,NADWOZIE,240.00
294483566,Zestaw Naklejek Honda Racing,NADWOZIE,89.00
294485661,Komplet Naklejek Oklein KTM SX-SXF 07-10 EXC 08-11,NADWOZIE,250.00
294755198,Regulator napięcia CFMOTO,Układ elektryczny - CF MOTO,599.00
295388233,Regulator napięcia prostownik Polaris Sportsman Ace 325 570 900 RZR XP 1000,NADWOZIE,1134.00
295388309,Regulator napięcia prostownik Moose Utility Kawasaki  KRF KRT KVF 750 800,NADWOZIE,999.00
295389356,Blokada Amortyzatora  do transportu Acerbis 28cm Czarna,Zawieszenie i Koła,95.00
295389357,"Blokada amortyzatora transportowa Accel 21,5cm kolor czarny",Zawieszenie i Koła,45.00
295389359,Blokada Amortyzatora Transportowa UFO 29cm Czarna,Zawieszenie i Koła,74.00
295389360,Filtr Zbiornika Paliwa TWIN AIR KTM SX-F 450,układ paliwowy,115.00
295389361,KOREK SPUSTOWY OLEJU ACCEL HONDA CRF 150 R 07-16,NADWOZIE,42.00
295389362,KOREK SPUSTOWY OLEJU ACCEL HONDA CRF 250 R/X 04-15,NADWOZIE,69.00
295389363,Korek Spustowy Oleju z Magnesem ACCEL Yamaha YZ/YZF 07-18,NADWOZIE,64.00
295389364,Korek Spustowy Oleju z Magnesem ACCEL KTM 09-19,NADWOZIE,57.00
295389366,Korek wlewu oleju aluminiowy Accel Honda Yamaha Kawasaki niebieski,układ paliwowy,59.00
295389367,KOREK WLEWU PALIWA CF MOTO UFORCE 1000 CZERWONY RJWC POWERSPORTS,układ paliwowy,399.00
295389370,KORKI INSPEKCYJNE SILNIKA ACCEL HONDA CRF 450,Silnik,109.00
295390631,Klamka Dźwignia Sprzęgła Moose Offroad Czarna,NADWOZIE,599.00
295442559,KORKI INSPEKCYJNE SILNIKA ACCEL SUZUKI RMZ 450,NADWOZIE,104.00
295442560,LISTKI DO OSŁON RĄK HANDBARY ACCEL 22+28MM,NADWOZIE,53.00
295442561,Listki osłony dłoni handbary czarne KTM Husqvarna 7960218204430,NADWOZIE,119.00
295442563,"Lusterko okrągłe Enduro Cross 22,2mm",NADWOZIE,49.00
295442564,MANETKI DOMINO OFF ROAD D-LOCK Z ADAPTERAMI ROLGAZU KTM HONDA SUZUKI YAMAHA,NADWOZIE,109.00
295442566,MANETKI QUAD ATV RENTHAL G113 ø20mm/Długość 122mm,NADWOZIE,55.00
295442567,MANETKI QUAD ATV RENTHAL ø20mm/Długość 122mm,NADWOZIE,51.00
295442568,MOCOWANIA OSŁON RĄK UFO DO PM01630 PM01631 PM01634 PM01635 PM01640 PM01641,NADWOZIE,79.00
295442569,MOCOWANIE KIEROWNICY ART ⌀22MM PODNOSI O 30MM,NADWOZIE,129.00
295442570,Okleina airboxa Twin Air KTM,Narzędzia,82.00
295442571,OSŁONY RĄK HANDBARY ACCEL Z MOCOWANIEM ALUMINIOWYM ATV 22+28MM,NADWOZIE,159.00
295442574,Zestaw śrub do plastików BOLT KTM SX 11-15 EXC 12-16,NADWOZIE,79.00
295471757,POKRYWA FILTRA DT-1 HONDA CRF 450 KAWASAKI KX 450,Filtry,115.00
295471759,POKRYWA FILTRA DT-1 YAMAHA YZ 450 F 2014-2017,Filtry,109.00
295471760,POKRYWA FILTRA DT-1 YAMAHA YZF 450 10-13,Filtry,99.00
295471762,POKRYWA FILTRA MULTI AIR YAMAHA YZF 450 10-13,Filtry,50.00
295471764,POKRYWA FILTRA POWIETRZA TWIN AIR KTM SX/SXF '16-'22; EXC/EXCF '17-'23; HUSQWARNA FC/FE TC/TE '16-'22,Filtry,104.00
295471766,Rolki slidery wkręcane do wahacza Oxford M10/1.25 srebrny,Zawieszenie i Koła,39.00
295471774,ŚRUBA KONTROLI POZIOMU OLEJU W SKRZYNI BIEGÓ ACCEL HONDA CRF 450X,Układ napędowy,28.00
295471776,ŚRUBA KONTROLI POZIOMU OLEJU W SKRZYNI BIEGÓ ACCEL HONDA CRF 450X CZERWONA,Układ napędowy,28.00
295471778,ŚRUBA REGULACJI SKŁADU MIESZANKI ACCEL KOLOR CZERWONY,Układ napędowy,59.00
295471779,ŚRUBA REGULACJI SKŁADU MIESZANKI ACCEL KOLOR NIEBIESKI,Układ napędowy,59.00
295501088,Torba na przedni błotnik Acerbis 260x150mm,AKCESORIA OEM,99.99
295501089,Torba na tylny błotnik Acerbis,AKCESORIA OEM,99.99
300682776,Piasta koła Polaris Sportsman 570 700 800 5134310,Brak danych,354.00
300744725,Osłony amortyzatorów skarpety CF Moto CForce czerwone,NADWOZIE,167.00
300748549,Osłony amortyzatorów skarpety Can-am Outlander czarno żółte,NADWOZIE,167.00
300748678,Osłony amortyzatorów skarpety CF Moto Cforce EPS QUAD ATV,NADWOZIE,167.00
300748817,Osłony amortyzatorów skarpety CZARNE Polaris Sportsman,NADWOZIE,144.00
300749004,Osłony amortyzatorów skarpety FOX Can-Am Renegade 800 1000 QUAD ATV,NADWOZIE,167.00
300749116,Osłony amortyzatorów skarpety Kymco QUAD ATV,NADWOZIE,144.00
300749259,Osłony amortyzatorów skarpety Suzuki Kingquad 750 Power Stering QUAD ATV,NADWOZIE,167.00
300750903,Osłony amortyzatorów skarpety Suzuki LTZ 250 400 LTR 450 QUAD ATV,NADWOZIE,167.00
300750993,Osłony amortyzatorów skarpety Suzuki LTZ 400 LTR 450 QUAD ATV,NADWOZIE,144.00
300751068,Osłony amortyzatorów skarpety TGB Blade,NADWOZIE,167.00
300800019,Zestaw podwyższający kierownicę SW-MOTECH,NADWOZIE,325.80
300803586,Zestaw ochraniaczy pro-biker nakolanniki + nałokietniki,NADWOZIE,79.99
300809305,Zacisk hamulcowy tylny Yamaha Banshee Warrior Wolverine 350 1UY-2580W-01-00,NADWOZIE,206.10
300814885,Stator uzwojenie alternatora Linhai 400 27450,NADWOZIE,196.20
300820357,Rozrusznik Yamaha Raptor 250,NADWOZIE,206.10
300832348,Przegub zewnętrzny przód tył CF MOTO 500 X5 800 X8 9010-270140-50000,NADWOZIE,288.90
300837519,Pompa paliwa kompletna Yamaha Raptor 700,NADWOZIE,330.00
300840692,Pompa hamulcowa Polaris Sportsman 400,NADWOZIE,134.00
300844991,Pokrowiec na siedzenie Moose Utility Heavy-Duty Honda TRX 350 TE,NADWOZIE,217.80
300863075,Obudowa szarpaka cfmoto 500 600 X5  0180-092220 CF188-092220,NADWOZIE,54.00
300880503,Łozyska kół Polaris Sportsman 850/550 XP X2 Touring 25-1628 3514627 3514699,NADWOZIE,89.00
300881889,"Lusterka wsteczne UTV komplet lewe i prawe z mocowaniem 1,75"" i 2""",NADWOZIE,134.00
300884112,"Klocki hamulcowe CF Moto FA726RX 7020-0810B0, 9AWA-0811A0",NADWOZIE,108.90
302359900,Dekiel nakładka koła ITP SS112 4/156 chrom,NADWOZIE,36.00
302362530,Kominiarka standard kolor niebieski,NADWOZIE,19.99
302363108,Lusterko prawe CF Moto 5190-200300,NADWOZIE,40.00
302363273,GUMOWA MANETKA CF MOTO 520 500 450 550 600 625 800 820 850 1000 9DQV-100005-3000,nadwozie CF MOTO,30.00
302363615,Zestaw naprawczy tylnej piasty Suzuki kingquad  750 50-1075-K,NADWOZIE,150.30
302363827,Zestaw naprawczy wahacza przedniego górnego Suzuki Kingquad 500 750 50-1078,NADWOZIE,90.00
302365171,Blotnik Tyl Chlapacz Triumph Tiger 1200 Rally,Brak danych,399.00
302368782,Króciec ssący Polaris 325 330 5411588,NADWOZIE,72.00
302369050,Maska kominiarka,NADWOZIE,40.00
302389320,Tłok CF MOTO 800 X8 0800-040001-10020 selekcja II,NADWOZIE,134.00
302420602,Pierścienie tłokowe Segway Snarler AT6 F01B00020001 QUAD ATV,NADWOZIE,92.00
302420603,Obudowa termostatu aluminiowa Can-Am 420222690 420222691 QUAD ATV,NADWOZIE,76.00
302420605,Osłony amortyzatorów skarpety Loncin Xwolf 550 700 1000 QUAD ATV,NADWOZIE,169.00
302420606,Ściągacz sprzęgła Polaris RZR Turbo QUAD UTV,NADWOZIE,255.00
302420607,"Listwa panel Aurora LED 6"" 60W dwukolorowa ALO-S6-6-R5H1",NADWOZIE,347.00
302420608,Przepustnica Can-Am Outlander Renegade Maverick 420685322 420685326 QUAD,NADWOZIE,1043.00
302420612,"Listwa panel Aurora LED 30"" multifunkcyjny ALO-S5D1-N30",NADWOZIE,440.00
302420613,Regulator napięcia Odes 800 1000 21040400601,NADWOZIE,579.00
302420617,Sonda lambda CF Moto CForce 500 600 625 018B-176000,NADWOZIE,197.00
302420618,Regulator napięcia Suzuki LTZ 250 400 32800-05F10 32800-05F20 QUAD ATV,NADWOZIE,220.00
302420621,Pompa hamulcowa Odes 800 13606010360 QUAD ATV,NADWOZIE,250.00
302420622,Przegub tylny zewnętrzny Odes Pathcross 1000 Pro Max 17010240070 QUAD ATV,NADWOZIE,296.00
302420624,Okładziny szczęki sprzęgła mokrego CF Moto 500 X5 0180-054000-0003 QUAD ATV,NADWOZIE,533.00
302420625,Dzwon sprzęgła CF Moto 500 X5 0180-053000-0003 QUAD ATV,NADWOZIE,719.00
302420628,Półoś tylna prawa Segway Snarler AT6 A02P13000001,NADWOZIE,777.00
302420630,Sprzęgło wtórne Polaris RZR 1000 XP General 1000 1323403 UTV,NADWOZIE,1855.00
302420631,Sprzęgło wtórne Polaris RZR Turbo 1323328 1323368 1323390 1323394 QUAD UTV,NADWOZIE,1855.00
302420633,Regulator napięcia Suzuki Eiger LTA LTF 400 32800-38F10 QUAD ATV,NADWOZIE,220.00
302420634,Cewka zapłonowa Suzuki LTR 450 33410-45g00 QUAD ATV,NADWOZIE,220.00
302420636,Zacisk hamulcowy przód lewy Odes 800 13606010040 QUAD ATV,NADWOZIE,231.00
302420637,Zacisk hamulcowy przód prawy  Odes 800 13606010050 QUAD ATV,NADWOZIE,231.00
302420639,Zacisk hamulcowy tył lewy Odes 800 13606010140 QUAD ATV,NADWOZIE,250.00
302420640,Zacisk hamulcowy tylny prawy Odes 800 13606010150 QUAD ATV,NADWOZIE,250.00
302420641,Tylna pompa hamulcowa Odes 800 13606010400 QUAD ATV,NADWOZIE,255.00
302420642,Korbowód Can-Am Outlander 800 420217429 420217425 QUAD ATV,NADWOZIE,296.00
302420644,Zacisk hamulcowy przedni lewy Polaris Ranger RZR 800 900 1000 1912255 UTV,NADWOZIE,308.00
302420645,Zacisk hamulcowy przedni prawy Polaris Ranger RZR 800 900 1000 1913060 UTV,NADWOZIE,308.00
302420646,Uzwojenie alternatora stator Suzuki LTR 450 32101-45G10 32101-45G11 QUAD,NADWOZIE,394.00
302420648,Dźwignia zmiany biegów CF Moto CForce 500 625 9050-320000-2000,NADWOZIE,452.00
302420649,Pasy bezpieczeństwa Can-Am Maverick X3 UTV,NADWOZIE,517.00
302420650,Pompa hamulcowa Polaris Sportsman 550 850 1911347 1913903,NADWOZIE,165.00
302420651,Piasta koła Can-Am Outlander Renegade G2 705501716,NADWOZIE,296.00
302420653,Amortyzator przedni Polaris Sportsman 400 500 700 7041761 7041374 QUAD ATV,NADWOZIE,517.00
302420654,Kufer GKA Tesseract tylny Can-Am Renegade G1 G2 010_189 QUAD ATV,NADWOZIE,1461.00
302420655,Pierścienie tłokowe Odes 21170100301 QUAD ATV,NADWOZIE,61.00
302420657,Tylna pompa hamulcowa Yamaha YFZ 450 5TG-2580E-00-00 QUAD ATV,NADWOZIE,150.00
302420658,Przednia pompa hamulcowa Polaris Sportsman 450 570 850 1000 2203051 2010440,NADWOZIE,285.00
302420659,Przełącznik zespolony lewy Suzuki LTZ 400 37400-07G20 37400-07G21 QUAD ATV,NADWOZIE,313.00
302420661,Przełącznik zespolony lewy Suzuki Eiger LTA LTF 250 400 37400-27H00 QUAD,NADWOZIE,281.00
302420662,"Listwa panel Aurora LED 6"" 60W podświetlana RGB ALO-D6T-6-P23Q",NADWOZIE,347.00
302420663,"Listwa panel Aurora LED 6"" 60W RGB  ALO-S6D1-6-R5Q",NADWOZIE,347.00
302420666,Amortyzator tylny Polaris Sportsman 400 500 700 7041454 7041770 7041959 ATV,NADWOZIE,517.00
302420667,Przednia pompa hamulcowa Polaris Sportsman 450 570 2010440,NADWOZIE,285.00
302420668,Tylna pompa hamulcowa Yamaha Raptor 700 1S3-2580E-00-00 QUAD ATV,NADWOZIE,150.00
302420670,Przednia pompa hamulcowa Polaris Sportsman 450 570 850 1000 2203051 QUAD,NADWOZIE,285.00
302420671,Tylna pompa hamulcowa Polaris Sportsman 450 570 1912301 QUAD ATV,NADWOZIE,266.00
302420672,Amortyzator przedni Kawasaki KVF 650 750 45014-0203 QUAD ATV,NADWOZIE,517.00
302420673,Amortyzator tylny Arctic Cat 450 550 700 0404-158 0404-274 QUAD ATV,NADWOZIE,517.00
302420675,Przednia tarcza hamulcowa Odes 800 13606010020 QUAD ATV,NADWOZIE,115.00
302420676,Ściągacz wariatora Polaris RZR 2872085 2875567 QUAD UTV,NADWOZIE,173.00
302420678,Czujnik TPS położenia przepustnicy Kawasaki KFV 750 49116-0021 QUAD ATV,NADWOZIE,159.00
302420679,Zacisk hamulcowy przód lewy Can-Am Outlander Renegade 705600576 705600240  QUAD ATV,NADWOZIE,308.00
302420680,"Listwa panel Aurora LED 10"" 100W dwukolorowa ALO-S6-10-R5H1",NADWOZIE,401.00
302420681,Amortyzator tylny Kawasaki KVF 650 750 45014-0204 45014-0139 QUAD ATV,NADWOZIE,510.00
302420683,Amortyzator przedni Arctic Cat 450 550 700 0403-209 0403-188 QUAD ATV,NADWOZIE,517.00
302420684,Talerz sprzęgła wtórnego Can-Am Outlander Renegade Commander 420280178 QUAD,NADWOZIE,1542.00
302420687,Osłony amortyzatorów skarpety Linhai 260 300 400 500 550,NADWOZIE,145.00
302420688,Trójząb helix Can-Am Outlander Renegade 500 650 420280194 420280199 QUAD,NADWOZIE,343.00
302420689,Tylna pompa hamulcowa Yamaha Raptor 125 250 YFZ 450 5TG-2580E-20-00 QUAD,NADWOZIE,150.00
302420690,Zacisk hamulcowy przedni prawy Can-Am Outlander Renegade 705600575 QUAD ATV,NADWOZIE,308.00
302420692,Tylna pompa hamulcowa Yamaha Raptor 660 4PT-2580E-00-00 QUAD ATV,NADWOZIE,150.00
302420694,"Listwa panel Aurora LED 10"" 100W RGB ALO-S6D1-10-R5Q",NADWOZIE,389.00
302420695,Pedał gazu Polaris Ranger RZR 570 900 1000 4014042 UTV,NADWOZIE,359.00
302420696,Zacisk hamulcowy tylny Can-Am Outlander Renegade 400 500 650 800 705600577 QUAD ATV,NADWOZIE,302.00
302420697,Zestaw naprawczy pompy wody Polaris Ranger RZR Sportsman 3610075 WPK0055,NADWOZIE,185.00
302420698,Cewka zapłonowa Polaris Sportsman 570 4015072 4011834 QUAD ATV,NADWOZIE,313.00
302420699,Mocowanie nawigacji Polaris RZR XP 1000 Turbo UTV,NADWOZIE,430.00
302420702,Tylna pompa hamulcowa Honda TRX 420 500 650 680 43510-HP7-A01 QUAD ATV,NADWOZIE,150.00
302420703,Filtr powietrza Can-Am Outlander 650 800 707800288 QUAD ATV,NADWOZIE,215.00
302420704,Osadzenie łożysk mimośród Can-Am DS 450 705501159 QUAD ATV,NADWOZIE,498.00
302420705,Półoś tył lewa prawa Polaris Sportsman Scrambler 1332642 ATV-PO-8-342 QUAD,NADWOZIE,493.00
302420706,Żarówka LED H4 +80% 4200LM 6000K,NADWOZIE,47.00
302420707,Filtr powietrza Kawasaki KVF 750 11013-0007 11013-0021 48-1073 QUAD ATV,NADWOZIE,54.00
302420709,Mocowanie gumowe Super Fix  31-44 mm 2 szt uniwersalne ATV UTV QUAD,NADWOZIE,57.00
302420711,Mocowanie gumowe Super Fix  45-63 mm 1 szt uniwersalne ATV UTV QUAD,NADWOZIE,57.00
302420712,Mocowanie gumowe Super Fix  70-84 mm 1 szt uniwersalne ATV UTV QUAD,NADWOZIE,69.00
302420713,Poduszka silnika Polaris Sportsman Magnum 330 500 3022072 3110046 QUAD ATV,NADWOZIE,69.00
302420714,Końcówka wodzika zmiany biegów Polaris Sportsman Worker 335 500 7061013,NADWOZIE,76.00
302420715,Końcówka wodzika zmiany biegów Polaris Sportsman Worker 335 500 7061014,NADWOZIE,76.00
302420716,Filtr powietrza Polaris Sportsman Scrambler 1000 7080595 7082101 QUAD ATV,NADWOZIE,89.00
302420718,Pokrywa zaworowa aluminiowa Can-Am Outlander Renegade Maverick 420610393,NADWOZIE,86.00
302420719,Ściągacz wariatora Polaris 2870506 QUAD ATV UTV,NADWOZIE,92.00
302420722,Stacyjka Linhai 500 550 48295 QUAD ATV,NADWOZIE,90.00
302420723,Ściagacz wariatora Kawasaki KVF 57001-1404,NADWOZIE,92.00
302420724,Mocowanie gumowe Super Fix  50-195 mm 2 szt uniwersalne QUAD ATV UTV,NADWOZIE,115.00
302420726,Sworzeń kulisty zwrotnicy dolny Polaris RZR Turbo / PRO 7082921 7082919,NADWOZIE,122.00
302420728,Sworzeń kulisty zwrotnicy Polaris RZR  Ranger General 7082422 7081992 QUAD,NADWOZIE,122.00
302420731,Tylna pompa hamulcowa Yamaha Grizzly Kodiak 400 450 660 5KM-2583V-00-00 ATV,NADWOZIE,150.00
302420732,Pompa hamulcowa Suzuki LTZ 400 69600-07G00 QUAD ATV,NADWOZIE,150.00
302420734,Przewody wysokiego napięcia Polaris XP RZR 4017695 4017694 QUAD UTV,NADWOZIE,150.00
302420735,Tylna pompa hamulcowa Yamaha Kodiak 400 Wolverine 350 5GH-2583V-00-00 QUAD,NADWOZIE,150.00
302420736,Prawa pompa hamulcowa przód Honda Suzuki Yamaha 2GU-25870-10-00 59600-01C00,NADWOZIE,150.00
302420737,Pompa hamulcowa Polaris Sportsman 325 330 400 500 1910311 1910791 QUAD ATV,NADWOZIE,165.00
302420739,Pompa hamulcowa Polaris Sportsman 500 550 850 1000 1911123 1913033 QUAD ATV,NADWOZIE,165.00
302420740,Pompa hamulcowa Polaris Sportsman 400 500 600 800 1911113 1910790 1910301,NADWOZIE,165.00
302420743,"Listwa panel Aurora LED 10"" 50W RGB ALO-S5D1-10-R5Q",NADWOZIE,394.00
302420744,"Listwa panel Aurora LED 10"" 100W podświetlana RGB ALO-D6T-10-P23Q",NADWOZIE,405.00
302420745,Wał napędowy przedni Can-am Outlander Renegade 500 650 800 1000 G2 705400913,NADWOZIE,447.00
302420746,Amortyzator przedni Suzuki Kingquad 700 750 05-17 52100-31G20-019 QUAD ATV,NADWOZIE,463.00
302420748,Amortyzator przedni Polaris Sportsman 450 500 570 800 7041762 7043106 QUAD,NADWOZIE,463.00
302420749,Amortyzator tylny Polaris Sportsman 450 500 570 800 7043100,NADWOZIE,417.00
302420750,Wariator Kawasaki KFV 750 49093-0040,NADWOZIE,1554.00
302710680,Dętka NARUBB 4.00-10 JS87,NADWOZIE,25.00
302712205,Dętka NARUBB 4.10/3.50-4 JS87,NADWOZIE,17.00
302999823,Lusterko wsteczne UTV Polaris RZR PRO 2020 - 2024,NADWOZIE,123.30
303000056,Mocowanie tank ring ION SW-MOTECH BMW M 1000 K R 1200 R Nine S 1000,NADWOZIE,162.90
303002981,Włącznik uniwersalny UTV music,NADWOZIE,45.00
304078484,PROWADNICA ŚLIZG ŁAŃCUCHA YAMAHA YFM 700 R RAPTOR,Brak danych,250.00
304100437,Cyfrowy licznik obrotów obrotomierz Koso slim czerwony,NADWOZIE,123.30
304100495,Piasta koła Polaris Sportsman 570 700 800 5135113 5143629 5135113-067,NADWOZIE,179.40
304264656,Kufer GKA Tesseract tylny TGB Blade 650 1000 z oparciem dla pasażera QUAD,Kufry Bagaże Pokrowce,1728.00
304284492,Filtr powietrza Can-am Outlander Renegade 500 650 800 G1 707800174 QUAD ATV,NADWOZIE,81.00
304284647,Filtr powietrza Can-am Outlander Renegade 500 650 800 G1 08-12 707800174,NADWOZIE,75.00
304646877,Amortyzator tylny Polaris Sportsman 500 570 800 7043100 QUAD UTV,NADWOZIE,551.00
304649119,"Pompa hamulcowa Polaris Sportsman 400 450 500 600 700 800 1911113, 1910790",NADWOZIE,150.00
304671327,Pompa paliwa Polaris sportsman 500 600 700 2520227  QUAD ATV,NADWOZIE,208.00
304766320,Końcówka zewnętrzna drążka kierowniczego Raptor 700 YFZ450 1S3-23845-00-00,NADWOZIE,69.00
304945340,"Sworzeń kulisty zwrotnicy Can-Am Outlander Renegade 800, Yamaha YFM 400 450",NADWOZIE,69.00
305212975,Rozrusznik Suzuki LTZ 400 31100-29F00 Kawasaki KFX 400 21163-S004 18718 ATV,NADWOZIE,250.00
305226461,Opona CST 26X9R14 STAG CU58 8PR 51M TL #E4,NADWOZIE,804.00
305226464,Opona CST 25X8R12 STAG CU58 8PR 46M TL #E4,NADWOZIE,633.00
305226467,Opona CST 27X9R12 STAG CU58 8PR 55M TL #E4,NADWOZIE,747.00
305226471,Opona MAXXIS 28x10-12 ZILLA MU01 6PR 56JTL #E4,NADWOZIE,876.00
305226474,Opona MAXXIS 30X10R14 (255/80R14) CARNIVORE ML1 8PR 60M TL #E4,NADWOZIE,1324.00
305226479,Opona MAXXIS 30X10R14 ROXXZILLA E ML7 8PR 60M #E4,NADWOZIE,1495.00
305226484,Opona MAXXIS 100/90-18 PROMAXX M6102 FRONT 56H TL #E4 (DOT24),NADWOZIE,377.00
305226485,Opona MAXXIS 90/90-19 CLASSIC M6011F 52H TL FRONT #E4 (DOT24),NADWOZIE,372.00
305226487,Opona MAXXIS 100/90-19 CLASSIC M6011 57H TL FRONT #E4 (DOT24),NADWOZIE,392.00
305226488,Opona MAXXIS MT 90-16 (130/90-16) CLASSIC M6011F 74H TL FRONT #E4 (DOT25),NADWOZIE,576.00
305233067,Rolki wariatora kpl 8szt CF Moto 500 800 X5 0180-051100-0003 QUAD ATV,NADWOZIE,115.00
306267941,"Zestaw serwisowy olej Motul, filtr oleju HF140 do motocykla Yamaha MT125",Oleje silnikowe 4T,95.00
306867538,Zestaw serwisowy olej Motul filtry do motocykla Honda XRV 750 Africa Twin,Oleje silnikowe 4T,339.00
306867578,"Zestaw serwisowy olej Motul,filtr oleju HIFLO-FILTRO HF141+świeca do motocykla Yamaha YZF R125",Oleje silnikowe 4T,99.00
306867651,"Zestaw serwisowy olej Motul 3l , filtry do motocykla Yamaha Tenere 700",Oleje silnikowe 4T,289.00
306872549,Manetki podgrzewane do QUADA ATV Oxford OF770 Suzuki KingQuad 700 750,NAZDWOZIE,419.00
306880240,"Manetki podgrzewane do QUADA ATV Oxford OF770 CF Moto 450, 520, 850, 1000",NAZDWOZIE,419.00
306880545,"Manetki podgrzewane do QUADA ATV Oxford OF770 TGB 500, 550",NAZDWOZIE,419.00
306880728,"Manetki podgrzewane do QUADA ATV Oxford OF770 Yamaha Grizzly 450, 550, 700",NAZDWOZIE,419.00
306949362,Amortyzator Przedni Piaggio Medley 125 150 1C004150,Brak danych,999.00
306949627,Amortyzator Tylni PIAGGIO GILERA 668007000C,Brak danych,245.00
306949773,Dźwignia Hamulca Piaggio MP3 500 1C001294,Brak danych,149.00
306952727,Emblemat na przód naklejka okleina LOGO Vespa GTS LX S Primavera Sprint 656219,Brak danych,70.00
306954887,Emblemat przedni Piaggio Vespa 50-300 142720500,Brak danych,99.00
306955795,Lewy kierunkowskaz Vespa Primavera 50 2T 328713-S,Brak danych,99.00
306955830,Linka dozownika oleju Piaggio Zip Mc3 560448,Brak danych,29.00
306956014,Linka Gazu Piaggio Liberty 2T 50 04-09 Gilera 50 01-09 583334,Brak danych,119.00
306956874,Łożyska kolumny kierowniczej PIAGGIO MP3 YOURBAN GILERA FUOCO 500 6471835,Brak danych,238.00
306957043,Osłona podłogi tylna dolna prawa Piaggio 67362700BR,Brak danych,179.00
306957139,Pasek Napędowy Piaggio MP3 Vespa GTS HPE 300 1A009598,Brak danych,289.00
306957904,Podnóżek Lewy Pasażera Podłoga Piaggio Vespa Primavera Sprint 50 125 675052000C,Brak danych,149.00
306959537,Prawy kierunkowskaz 328712-D Vespa Primavera 50 2T,Brak danych,70.00
306964030,Tylny bagażnik stelaż pod kufer chromowany Vespa Primavera Sprint 1B000815,Brak danych,549.00
306964207,Uchwyt pasażera chrom tylna rączka Vespa Sprint 1B001266,Brak danych,99.00
306964403,Zestaw odpowietrzający hamulce Vespa GTS OEM 1R000467,Brak danych,99.00
306967675,Zestaw Serwisowy Pasek Rolki Piaggio MP3 500 1R000438,Brak danych,520.00
306970472,Cewka Zapłonowa Z Modułem PIAGGIO ZIP 50 32391010,Brak danych,149.00
306976136,Daszek Owiewka Licznika Vespa Sprint 1B005482,Brak danych,89.00
306981064,Górna Osłona Ramy Piaggio Vespa 5A000137,Brak danych,39.00
306982006,Kierunkowskaz Przedni Piaggio MP3 300 HPE 1D002601,Brak danych,119.00
306982142,Lewa Listwa Ozdobna Vespa Primavera Sprint 5A000138 673641,Brak danych,189.00
306982415,Obudowa Przełączników Lewa Strona Vespa Primavera 1D002471,Brak danych,99.00
306982500,Obudowa Przełączników Prawa Strona Vespa Primavera 1D002408,Brak danych,99.00
306983004,Obudowa Reflektora Vespa Sprint 50 125 150 1B005393,Brak danych,99.00
306983538,Obudowa Tylnego Swiatła Vespa Sprint 50 125 150 318392,Brak danych,99.00
306983827,Osłona Poręczy Piaggio Vespa 1B001288,Brak danych,99.00
306983958,Piaggio MP3 obudowa przełączników 622993,Brak danych,59.00
306984319,Piaggio Vespa Sprint 50 2T Lampa Tylna Tył 1D002118,Brak danych,299.00
307004432,Prawa Listwa Ozdobna Vespa Primavera Sprint 5A000136 673639,Brak danych,229.00
307005074,Silnik Elektryczny Mechanizmu Zawieszenia Piaggio Mp3 58159R,Brak danych,149.00
307005624,Tylna Osłona Poręczy 673637,Brak danych,79.00
307476040,"Zestaw serwisowy olej Motul , filtr oleju HIFLOFILTRO HF141,świeca do motocykla Yamaha YZF R125",Oleje silnikowe 4T,99.00
307476091,"Zestaw serwisowy olej Motul, filtry, świecy  Honda XRV 750 Africa Twin",Oleje silnikowe 4T,359.00
307506469,Podnóżek Prawy Pasażera Podłoga Piaggio Vespa Primavera Sprint 50 125 675053000C,Brak danych,149.00
307506556,Piaggio MP3 Sport emblemat naklejka 2H002530,Brak danych,99.00
307506602,Klamka hamulca przedniego PIAGGIO Vespa Primavera CM074907,Brak danych,249.00
308060924,Błotnik Nadkole Lewy Przód Yamaha Blaster 200 2XJ-W2151                                                                  GABARYT !!!!!,Brak danych,399.00
308061013,Czujnik Prędkości Położenia Wału Polaris Sportsman 500 HO 4010298,Brak danych,149.00
308061156,Gniazdo Pilota Do Wyciągarki Polaris Sportsman 500,Brak danych,29.00
308061223,Zestaw olejowy KTM 450 SX-F (2013-2015),Brak danych,201.60
308061524,Zestaw olejowy KTM 250 SX-F (2006-2011),Brak danych,201.60
308061576,Zestaw olejowy KTM 250 SX-F  (2006-2011) L,Brak danych,264.50
308061716,Zestaw olejowy KTM 450 SX-F (2013-2015) L,Brak danych,268.10
308061764,Zestaw olejowy KTM 250 SX-F (2006-2011)XL,Brak danych,331.00
308062996,Zestaw olejowy KTM 450 SX-F(2013-2015) XL,Brak danych,357.80
308067706,Zestaw olejowy KTM 350 SX-F (2011-2025),Brak danych,200.60
308067808,Zestaw olejowy KTM 350 SX-F (2011-2025) XL,Brak danych,361.60
308071685,Zestaw olejowy KTM 350 SX-F(2011-2025) L,Brak danych,267.10
308233307,Kable Do Wyciągarki POLARIS SPORTSMAN 500 2005/2010,Brak danych,149.00
308255265,Kierunek Kierunkowskaz Polaris Scrambler Sportsman,Brak danych,119.00
308259408,Magneto Koło Magnesowe Polaris Sportsman Scrambler 500 3090239,Brak danych,899.00
308261859,Obudowa Filtra Powietrza Air Box Polaris Sportsman 500 5433387,Brak danych,99.00
308263589,Obudowa Maskownica Pod Lampą Centralną Czarna Polaris Sportsman 500 5436715-177,Brak danych,299.00
308264690,Obudowa Maskownica Pod Lampą Centralną Czerwona Polaris Sportsman 500 5436715-293,Brak danych,299.00
308276961,Pompa Przedniego Hamulca Polaris Sportsman 500 2206551,Brak danych,399.00
308281323,Pompa z Dźwignią Hamulca Tylnego Polaris Sportsman 500 1911113,Brak danych,199.00
308283213,Pompa paliwa Polaris Sportsman 325 500 400 600 700 2520227,Brak danych,149.00
308286137,Przełącznik Zespolony Lewy z Homologacją Polaris Sportsman 500,Brak danych,199.00
308290501,Stelaż Chłodnicy Polaris Sportsman 400 500 800 2011/2015 1018374-067,Brak danych,599.00
308292966,Stelaż Chłodnicy Polaris Sportsman 600 700 800 2005/2010 1017052-067 GABARYT!!!,Brak danych,999.00
308297214,Wahacz przedni prawy Polaris Sportsman 500 EFI HO 1542398,Brak danych,319.00
308301049,Wlew Płynu Chłodzącego Z Korkiem I Mocowaniem Polaris Sportsman 500 HO 5412402,Brak danych,119.00
308303675,Obudowa blokady zapłonu Piaggio MP3 300 350 400 500 2B000679,Brak danych,59.00
308306065,Osłona przegubu Cardana Piaggio 666200,Brak danych,79.00
308309184,Wypełnienie Kokpitu Osłona Obudowa Piaggio MP3 300 500 2B0009065 GABARYT!!!,Brak danych,249.00
308312056,Tylna Klamra Do Bagażnika CF Moto 1000 9AWA-043015,Brak danych,50.00
308539221,Czujnik otwarcia stopki stojaka PIAGGIO MP3 300 350 400 500 642559,Brak danych,229.00
308540489,Laga Amortyzatora Piaggio MP3 649683,Brak danych,219.00
308541878,Prawa Manetka Piaggio 666513,Brak danych,69.00
308542968,Prawa Owiewka Aprilia Piaggio Vespa 1B008104,Brak danych,199.00
309103692,Zestaw olejowy KTM 250 SX-F (2012-2025),Brak danych,200.60
309103710,Zestaw olejowy KTM 250 SX-F (2012-2025) L,Brak danych,263.50
309103728,Zestaw olejowy KTM 250 SX-F (2012-2025) XL,Brak danych,330.00
309107105,Zestaw olejowy KTM 450 SX-F (2016-2025),Brak danych,200.60
309107181,Zestaw olejowy KTM 450 SX-F (2016-2025) L,Brak danych,267.10
309107246,Zestaw olejowy KTM 450 SX-F(2016-2025) XL,Brak danych,356.80
309286303,Czujnik połozenia wału Polaris Sportsman Ranger RZR 800 2410720,NADWOZIE,175.50
309286340,Gniazdo wałka dyferencjału tylnego Yamaha Grizzly 660 5KM-46144-01-00,NADWOZIE,264.60
309286364,Końcówka drążka kierowniczego zewnętrzna Polaris Sportsman 850 1000 XP 7061174 41-1061,NADWOZIE,61.20
309286416,"Końcówka wewnętrzna drążka kierowniczego Honda TRX300 400 450 500 Rincon 650 680 53158-HP0-A01 53158-HP5-003, 51-1053 LH, 41-1010",NADWOZIE,61.20
309288139,przekaźnik rozrusznika Yamaha Grizzly 450 660 4SV-81940-12-00,NADWOZIE,46.80
309288176,Ślizgi wariatora CF MOTO cforce 450 520 550 850 0GR0-051006 3 szt  QUAD ATV,NADWOZIE,61.20
309288240,Sterownik do wyciągarki przekaźnik selenoid 200A,NADWOZIE,113.40
309289179,Can-Am Outlander Renegade Przełącznik Zespolony Lewy 703500920,Brak danych,249.00
309289421,Cewka Zapłonowa Can-Am Outlander 400 420265358 711265358,Brak danych,149.00
309289492,Dyfer Most Przód Polaris Sportsman 400 500 800 2006/2014 1332956,Brak danych,1900.00
309289766,Instalacja Elektryczna Wiązka Can Am Outlander 400 2007 710000995,Brak danych,799.00
309485183,Instalacja Elektryczna Wiązka Polaris Sportsman 500,Brak danych,799.00
309487358,Kciuk Manetka Gazu Przełącznik Napędu Can-Am Outlander 400 650 800 157928,Brak danych,599.00
309490348,Kierunek Kierunkowskaz CAN AM OUTLANDER,Brak danych,29.00
309491711,Kierunek Kierunkowskaz CAN AM OUTLANDER 400,Brak danych,99.00
309498090,Kierunek Kierunkowskaz Polaris,Brak danych,49.00
309499725,Kierunek Kierunkowskaz Polaris Sportsman,Brak danych,49.00
309503297,Kompletny Silnik Honda CX500 GABARYT,Brak danych,2490.00
309506978,Komputer ECU Jednostka Sterująca Can-Am Outlander 400 071000-2390 664285,Brak danych,1499.00
309509084,Plusowy Przewód Can Am Outlander 400,Brak danych,29.00
309510284,Przekaźnik Do Wyciągarki WARN 62135,Brak danych,199.00
309512505,Przekaźnik Rozrusznika Can-Am Outlander 400 515176011,Brak danych,99.00
309514027,Przełącznik Do Wyciągarki WARN,Brak danych,99.00
309515911,Przewód Hamulcowy Polaris Sportsman 500,Brak danych,99.00
309518178,Przewód Hamulcowy Tylni Polaris Sportsman 500,Brak danych,99.00
309519362,Przewód Masowy Can Am Outlander 400,Brak danych,29.00
309522636,Przewód Plusowy Can Am Outlander 400,Brak danych,29.00
309524835,Wiązka Świateł Przednich Polaris Sportsman 500,Brak danych,99.00
309526323,Zacisk Hamulcowy Tył Polaris Sportsman 400 450 500 600 700 800 1910690,Brak danych,249.00
309529192,Zacisk Hamulcowy Tył Polaris Sportsman 400 450 500 600 700 800 1910690.,Brak danych,249.00
309539392,Zacisk Hamulcowy Tył Polaris Sportsman 400 450 500 600 700 800 OEM 1910690,Brak danych,249.00
311684264,Amortyzator Tył Can Am Outlander 400 Oem 706000391,Brak danych,490.00
311684612,Bagażnik Przedni Can Am Outlander G1 GABARYT,Brak danych,549.00
311684637,Blachy Podnóżka Can Am Outlander Max Oem 705003648,Brak danych,49.00
311684651,Błotnik Przód Czerwony Can Am Outlander 400 Oem 715002318 GABARYT,Brak danych,590.00
311685591,Błotnik Przód Żółty Can Am Outlander 400 Oem 715002317 GABARYT,Brak danych,599.00
311686623,Cięgno Zmiany Biegów Can Am Outlander 400 Oem 707000567 707000786,Brak danych,250.00
311687253,Kapsel Gumowa Zaślepka Wahacza Tył Can Am G1 Oem 706000749,Brak danych,99.00
311687831,Kierunkowskaz Lewy Tylny Can Am Outlander,Brak danych,99.00
311688309,Kierunkowskaz Prawy Tylny Can Am Outlander,Brak danych,99.00
311689261,Kolektor Wydechowy Can Am Outlander 400 Oem 707600374,Brak danych,350.00
311690943,Licznik Uszkodzony Can Am Outlander 400 Oem 710000694,Brak danych,590.00
311691591,Mocowanie Lampy Lewej Can Am Maverick Commander Oem 705002891,Brak danych,49.00
311692219,Obudowa Licznika Can Am Outlander 400 Oem 709400204,Brak danych,199.00
311693236,Ośka Wahacza Tylnego Can Am Outlander Oem 706001077,Brak danych,349.00
311693683,Osłona Bagażnika Przód Can Am Oulander 400 650 800 Oem 708200050,Brak danych,199.00
311695129,Osłona Bagażnika Tył Can Am Outlander 400 650 800 Oem 705003492,Brak danych,199.00
311695951,Osłona Dyfra I Półosi Tył Can Am Outlander 400 Oem 703500722,Brak danych,199.00
311696676,Osłona Plastikowa Zbiornika Paliwa Prawa Can Am Outlander 400 Oem 705000554,Brak danych,129.00
311704419,Osłona Ramy Dolna Can Am Outlander 400,Brak danych,79.00
311714999,Osłona Wewnętrzna Wariatora Can Am Outlander 400 Oem 420612304,Brak danych,249.00
311715187,Osłona Zbiornika Paliwa Lewa Can Am Outlander 400 Oem 705002176,Brak danych,129.00
311715313,Piasta Koła Can Am Outlander 400 650 800 Oem 250300055,Brak danych,250.00
311715340,Plastik Osłona Can Am Outlander 400 Oem 707800227,Brak danych,99.00
311715491,Plastik Osłona Zbiornika Paliwa Can Am Outlander Oem 707000697,Brak danych,99.00
311715553,Pokrywa Zewnętrzna Wariatora Can Am Outlander Oem 420610421,Brak danych,349.00
311715586,Półoś Przednia Can Am Outlander 400 Oem 705400349,Brak danych,350.00
311715602,Półoś Przednia Lewa Can Am Outlander Oem 705401578,Brak danych,379.00
311717185,Półoś Przednia Prawa Can Am Outlander 400 Oem 705401579,Brak danych,350.00
311717490,"Pompa Hamulca Nożnego Komplet Can Am Outlander Oem 705600254 ,705600784",Brak danych,349.00
311719744,Ramka Lampy Prawy Przód Can Am Maveric Comander Oem 705002886,Brak danych,199.00
311720588,Stelaż Błotnika Przód Can Am Outlander 400 Oem 705000895 GABARYT,Brak danych,449.00
311721100,Stelaż Błotnika Tył Zderzak Can Am Outlander Oem 705000821 GABARYT,Brak danych,699.00
311721186,Stopień Lewy Can Am Outlander 400 Max Oem 705003633,Brak danych,449.00
311733638,Stopień Prawy Can Am Outlander 400 Max Oem 705002487,Brak danych,449.00
311739872,Tylny Błotnik Czerwony Can Am Outlander 400 Oem 703500657 GABARYT,Brak danych,350.00
311746285,Wydech Końcowy Can Am Outlander 400 Oem 707600361 GABARYT,Brak danych,599.00
311748352,Wypełnienie Osłona Plastik Prawy Przód Can Am Outlander 400 Oem 705002640,Brak danych,79.00
311749733,Zbiornik Paliwa Kompletny Can Am Outlander 400 Oem 709000062 GABARYT,Brak danych,699.00
311780534,Filtr powietrza Moose 3-15-02 dwuwarstwowy Polaris Magnum Scrambler,NADWOZIE,124.00
312496095,Amortyzator Tylny Yamaha FZ1 Oem 2D1222104100,Brak danych,129.00
312497292,Czasza Przednia Uszkodzona Piaggio MP3 300 Oem 1B007172000H4,Brak danych,299.00
312508125,Czujnik Nóżki Bocznej Yamaha FZ8 FZ1 Oem 5VS825666200,Brak danych,49.00
312510897,Czujnik Przepływu Powietrza Yamaha FZ1 Oem 1WS823800000,Brak danych,350.00
312512989,Drążek Kierowniczy Polaris Sportsman 500 HO Oem 5134242,Brak danych,149.00
312514757,Drążki Kierownicze Piaggio MP3 300 Oem 622744,Brak danych,550.00
312517145,Dźwignia Zmiany Biegów Kompletna Polaris Sportsman 500 HO Oem 5335437 1015598-067,Brak danych,169.00
312519671,Felga Tylna Yamaha Raptor 9x8 4/115  GABARYT,Brak danych,399.00
312524896,Dźwignia Zmiany Biegów Cięgno Polaris Sporsman 500 HO Oem 5335437 1015598-067,Brak danych,139.00
312530862,Filtr Paliwa Z Przewodami Polaris Sportsman 500 EFI Oem 0450905273,Brak danych,99.00
312533184,Instalacja Elektryczna Yamaha FZ1 Oem 1EC825900000,Brak danych,150.00
312535312,Kolektor Wydechowy Komp Polaris Sportsman 500 HO Oem 1261898-489,Brak danych,249.00
312537601,Kolumna Kierownicza Piaggio MP3 300 Oem 667831  (kat 179753),Brak danych,149.00
312538663,Komplet Felg Z Oponami Drogowymi Do Yamaha Raptor YFZ 4/156 4/115 GABARYT,Brak danych,2500.00
312547435,Kompletna Zwrotnica Piasta Tylna Polaris Sportsman 500 HO Oem 5135563 5143629 5248250,Brak danych,499.00
312552765,Linka Sprzęgła Yamaha FZ1 Oem 2D1263350100,Brak danych,49.00
312558193,Łącznik Skrzynia Biegów Cięgno Dźwigni Biegów Polaris Sportsman 500 HO Oem 3234584,Brak danych,99.00
312560831,Mocowanie Amortyzatora Tylnego Yamaha FZ1 Oem 2D12217A1000,Brak danych,29.00
312561570,Mocowanie Kołyska Amortyzatora Yamaha FZ1 Oem 2D12217M0000,Brak danych,24.00
312562639,Mocowanie Łapa Skrzyni Biegów Polaris Sportsman 500 HO Oem 5221624-067,Brak danych,99.00
312567187,Nóżka Boczna Yamaha FZ1 Oem 39P273110000,Brak danych,49.00
312568204,Opona ITP Bajacross Sport 26/10-14                 GABARYT,Brak danych,299.00
312621870,"Opona Maxxis Goldspeed DIRT 18,5/6-10 GABARYT",Brak danych,150.00
312623137,Opona MAXXIS Spearz M991 17.5x7.5-10 GABARYT,Brak danych,219.00
312626144,Opona Qing DA 21/7-10 GABARYT,Brak danych,100.00
312628407,Opony Kenda Bear Claw K299 24X10.00-12 GABARYT,Brak danych,450.00
312635449,Opony SUNF A-021 20/10-9 GABARYT,Brak danych,299.00
312642656,Ośka Wahacza Tylnego Yamaha FZ1 Oem 39P221410000,Brak danych,49.00
312643674,Osłona Gumowa Pod Nogi Piaggio MP3 300,Brak danych,250.00
312644994,Osłona Łańcucha Yamaha FZ1 Oem 5SL223110100,Brak danych,99.00
312645739,Osłona Tarczy Hamulcowej Przedniej Yamaha Raptor 660 Oem 5LP2514A1000,Brak danych,49.00
312647216,Osłona Wahaczy Tylnych Polaris Sportsman 500 HO,Brak danych,149.00
312649447,Osłona Wewnętrzna Wariatora Polaris Sportsman 500 HO Oem 5434234,Brak danych,290.00
312652312,Osłony Wahaczy Przód Polaris Sportsman 500 HO,Brak danych,199.00
312654183,Pokrywa Puszki Filtra Powietrza Polaris Sportsman 500 HO Oem 5432868,Brak danych,190.00
312654915,Osłona Plastikowa Przód Yamaha FZ1 Oem 2D12117N0000,Brak danych,49.00
312655867,Puszka Filtra Pow Air Box Polaris Sportsman 500 HO Oem 5433387 5412562,Brak danych,290.00
312657067,Set Prawy Przód Yamaha FZ1 Oem 2D1274431100,Brak danych,220.00
312659568,Ślizg Łańcucha Napędowego Yamaha FZ1 Oem 2D1221510000,Brak danych,49.00
312661258,Stopień Prawy Polaris Sportsman 500 HO Oem 5436931,Brak danych,369.00
312662378,Tylna Pompa Hamulcowa Brembo Yamaha FZ1 Oem 2D12583V0000,Brak danych,190.00
312663174,Uchwyt Pasażera Rączka Piaggio MP3 300 Oem 673634,Brak danych,199.00
312664698,Wahacz Tylny Górny Lewy Polaris Sportasman 500 Ho Oem 1014320-067,Brak danych,249.00
312666555,Wahacz Tylny Górny Prawy Polaris Sportsman 500 HO Oem 1014321,Brak danych,299.00
312667543,Wahacz Tylny Lewy Górny Polaris Sportsman 500 HO Oem 1014320,Brak danych,249.00
312997759,Air Box Kawasaki Z900 Oem 11010-0949  !!!!!!!!!!! wystawić tylko na ebay za 69 EUR,Brak danych,285.00
312999513,Air Box Obudowa Filtra Powietrza Kawasaki ZX9R Oem 110101698 !!!!wystawic tylko na ebay za 49 EUR,Brak danych,69.00
313001755,Błotnik Przedni Zamiennik Kawasaki ZX9R Oem 350041421B1             wystawic tylko na ebay za 39 eur,Brak danych,163.80
313002140,Czujnik Przepływu Powietrza Kawasaki Z900 Oem 161260740 Wystawić tylko na ebay za 35 eur,Brak danych,99.00
313002406,Czujnik Stopu Kawasaki ZX9R,Brak danych,39.00
313002584,Czujnik Temperatury Kawasaki ZX9R,Brak danych,39.00
313002753,Dolot Rura Chłodzenie Polaris Sportsman 500 EFI Oem 5436958,Brak danych,99.00
313003172,Filtr Oparów Paliwa Z Węglem Aktywnym Kawasaki Z900 FLF 2020r 16164-0012,Brak danych,168.00
313004373,Gaźnik Kawasaki ZX9R OEM 150031612,Brak danych,390.00
313004906,Grzane Manetki  OXFORD Kawasaki Z900,Brak danych,99.00
313005988,Jarzmo Zacisku Tylnego Kawasaki ZX9R OEM 430341159,Brak danych,34.00
313006292,Kolektor Wydechowy Kawasaki ZX9R OEM 391781313    Wystawić tylko na ebay za 90 EUR,Brak danych,379.00
313007497,Lampa Tylna Lewa EU Polaris Sportsman RZR Oem 2410427,Brak danych,249.00
313007534,Lewa Kratka Wlotu Powietrza Kawasaki ZX9R OEM 920931514 (kat 35560),Brak danych,49.00
313008388,Lewy Plastik Osłona Pod Zbiornik Kawasaki Z900 Oem 14093-0667,Brak danych,129.00
313009501,Lusterko Prawe Kawasaki Z900 Oem 56001-0300           wystawić tylko na ebay za 28 EUR,Brak danych,79.00
313010720,Łapa Mocowanie Silnika Kawasaki Z900 Oem 321900844 32190075918R   Wystawić tylko na ebay za 49 EUR,Brak danych,205.80
313010777,Mocowanie Akumulatora Guma Kawasaki ZX9R,Brak danych,19.00
313010834,Mocowanie Puszka Akumulatora Kawasaki Z900 Oem 32097-0045,Brak danych,79.00
313011098,Mocowanie Tablicy Rejestracyjnej Polaris Sportsman,Brak danych,49.00
313011198,Moduł ECU Yamaha FZ1 Oem 2D18591AD000,Brak danych,690.00
313011561,Opony SUNF A-021 21/7-10 DOT 1215,Brak danych,300.00
313011942,Pompa ABS Kawasaki Z900 160820895 006-V95-168  Wystawić tylko na ebay za 249 EUR,Brak danych,1045.80
313011979,Pompa Hamulcowa Przód Kawasaki Z900 Oem 430150703 za 59 EUR,Brak danych,199.00
313012199,Przedni Lewy Zacisk Hamulcowy Kawasaki Z900 Oem 430800130DJ  wystawic tlko na ebay za 129 EUR,Brak danych,541.80
313012248,Przedni Prawy Zacisk Hamulcowy Kawasaki Z900 Oem 430800131DJ  wystawić tylko na ebay za 129,Brak danych,541.80
313013122,Przednia Osłona Wypełnienie Kawasaki Z900 Oem 49016-0639,Brak danych,49.00
313017601,Przełącznik Zespolony Prawy Kawasaki Z900 Oem 49091-0500  Wystawić tylko na ebay za 59 EUR,Brak danych,247.00
313017670,Regulator Napięcia Kawasaki Z900 Oem 210660760 wystawić tylko na ebay za 45 EUR,Brak danych,189.00
313017756,Set Pasażera Lewy Kawasaki Z900 Oem 35063145218R,Brak danych,430.00
313018808,Set Pasażera Prawy Kawasaki Z900 Oem 35063145318R wystawić tylko na ebay za 59 EUR,Brak danych,69.00
313022222,Siedzenie Kanapa Kierowcy Kawasaki Z900 Oem 999941347,Brak danych,199.00
313022459,Silniczek Przepustnicy Yamaha FZ1,Brak danych,199.00
313022637,Tarcza Hamulcowa Przednia Kawasaki Z900 Oem 41080071011I wystawić tylko na ebay za 129 EUR,Brak danych,540.00
313022811,Tylna Pompa Hamulcowa Kawasaki Z900 OEM 430150650   wystawić tylko na ebay za 79 EUR,Brak danych,319.00
313023715,Tylna Zacisk Hamulcowy Kawasaki Z900 OEM 430800156DJ  wystawic tylko na ebay za 59 EUR,Brak danych,249.00
313024197,Wahacz Tylny Yamaha FZ1 Oem 39P221100000,Brak danych,150.00
313024257,Wentylator Chłodnicy Kawasaki Z900 OEM 595020614 wystawić tylko na ebay za 49 eur,Brak danych,205.00
313024299,Wydech Końcowy Polaris Sportsman 500 HO Oem 1261042-489,Brak danych,339.00
313024331,Wypełnienie Lewe Osłona Kawasaki Z900 OEM 14093-0511,Brak danych,99.00
313024365,Wypełnienie Ramy Osłona Setu Kawasaki Z900 14093-0927,Brak danych,119.00
313024500,Zacisk Hamulcowy Tylny Yamaha FZ1 Oem 2D12580W0000,Brak danych,149.00
313024575,Zbiorniczek Płynu Chłodniczego Yamaha FZ1 Oem 2D1218710000,Brak danych,39.00
313024630,Zbiorniczek Płynu Chodzącego Polaris Sportsman 500 5436936,Brak danych,89.00
313024862,Zbironik Paliwa Kompletny Polaris Sportsman 500 HO Oem 2520556,Brak danych,599.00
313024942,Zwrotnica Przednia Lewa Polaris Trail Boss 330 Oem 5631506,Brak danych,269.00
313169524,Komplet lusterek Vespa Sprint CM262001 CM262002,Brak danych,399.00
313175464,Lusterko Lewe Piaggio Vespa Primavera 50 125 CM261901,Brak danych,140.00
313177307,Lusterko prawe Piaggio Vespa Primavera 50 125 CM261902,Brak danych,140.00
313179370,Drążek Kierowniczy LH RH CF MOTO 1000 ZFORCE 1000 7000-104200-50000,Brak danych,590.00
314545367,Lewa Owiewka Kawasaki ZX9R Ninja,Brak danych,150.00
314545779,Lewa Owiewka Kawasaki ZX9R Ninja,Brak danych,299.00
314546109,Lewy Wlot Powietrza Kawasaki ZX9R Ninja OEM 140731760,Brak danych,119.00
314547303,Nadkole Tylne Kawasaki ZX9R Ninja,Brak danych,290.00
314548898,Ośka Koła Przedniego ZX9R Ninja OEM 410681404,Brak danych,59.00
314549576,Ośka Koła Tylnego KAWASAKI ZX9R Ninja OEM 420361312 cena na eebay 35 EUR,Brak danych,99.00
314550802,Osłona Przedniej Zębatki KAWASAKI ZX9R Ninja OEM 140261272,Brak danych,49.00
314551558,Osłona Seta Kawasaki ZX9R Ninja OEM 550201628,Brak danych,24.00
314551861,Pług Owiewka Dolna Kawasaki ZX9R Ninja,Brak danych,149.00
314552644,Prawa Kratka Wlotu Powietrza Kawaski ZX9R Ninja OEM 920931515,Brak danych,49.00
314553917,Prawa Owiewka Kawasaki ZX9R Ninja,Brak danych,249.00
314554896,Prawy Wlot Powietrza Kawasaki ZX9R Ninja OEM 140731761,Brak danych,119.00
314555288,Siedzenie Kierowcy Kawasaki ZX9R Ninja OEM 530011932MA cena ebay 39 EUR,Brak danych,119.00
314555838,Siedzenie Pasażera Kawasaki ZX9R Ninja OEM 530011853MA,Brak danych,120.00
314557006,Zbiornik Paliwa Kawasaki ZX9R Ninja OEM 5108152534C,Brak danych,499.00
314557455,Zbiorniczek Wlotu Powietrza Lewy Kawaski ZX9R Ninja OEM 161811089,Brak danych,60.00
314557636,Tuleja Łapy Silnika Kawasaki ZX9R Ninja OEM 921521099,Brak danych,59.00
314557839,Trójnik Wlotów Powietrza ZX9R Ninja OEM 490641061,Brak danych,59.00
314558090,Śruba Kolumny kierowniczej Yamaha MT07 cena ebay 15 EUR,Brak danych,29.00
314558382,Uchwyt mocowanie lamy Czachy Yamaha MT07,Brak danych,39.00
314558777,Stelaż Błotnika Bagażnika Tył Polaris Sportsman 500 OEM 1014660-067   !!!!!!!!!!!!!!gabaryt,Brak danych,399.00
314569716,Ogon Zadupek Kawasaki ZX9R Ninja,Brak danych,119.00
314860864,"Zestaw serwisowy olej Motul,filtry, świecy do Honda XRV 750 Africa Twin RD04 1990-1992",Oleje silnikowe 4T,359.00
315185492,Drążek kierowniczy CF Moto CForce 450 520 9GQ0-100530,NADWOZIE,135.00
315185553,Filtr paliwa CF MOTO 800 805A-120004 QUAD ATV,NADWOZIE,29.00
315185588,Kranik paliwa Polaris Arctic cat Yamaha Suzuki Kawasaki  QUAD UTV,NADWOZIE,64.00
315185602,Krzyżak wału napędowego przedniego Polaris Sportsman 1000,NADWOZIE,64.00
315185710,Uszczelka wydechu CF MOTO cforce 800 1000 7030-021002 QUAD ATV,NADWOZIE,27.00
315185713,Uszczelka wydechu CF MOTO 800 X8 0800-022300 QUAD ATV,NADWOZIE,24.00
315185719,Uszczelka wydechu CF MOTO 500 X5 9010-020102 QUAD ATV,NADWOZIE,28.00
315185745,Sworzeń wahacza górnego CF MOTO 500 600 800 9010-050700-1000 QUAD ATV,NADWOZIE,99.00
315185885,Ściągacz wariatora Polaris 2870903,NADWOZIE,82.00
315185897,Przewody elektryczne do lampy led,NADWOZIE,69.99
315186290,"Zestaw serwisowy olej Motul, filtry świeca do  Yamaha YZF R125",Oleje silnikowe 4T,159.00
316583860,Dekiel Pokrywa Alternatora CF MOTO 800 X8 Oem 0800-014000,Brak danych,129.00
316587908,Dekiel Pokrywa Wałka Rozrządu CF MOTO 800 X8 Oem 0800-021000,Brak danych,49.00
316589687,Głowica CF MOTO 800 X8  0800-022000-20000 0800-022000-1000,Brak danych,799.00
316590964,Manetki Podgrzewane Nachman Z Przełącznikiem Quad ATV 318194,Brak danych,199.00
316593831,Mokre Sprzęgło CF MOTO 800 X8 Oem 0800-054000-0001,Brak danych,349.00
316596460,Obudowa Trybu Atakującego CF MOTO 800 X8 Oem 0800-062103,Brak danych,99.00
316597306,Obudowa Wewnętrzna Przekładni CVT CF MOTO 800 X8 Oem 0800-013100,Brak danych,389.00
316599029,Przełącznik Kierunkowskazów Can Am Outlander,Brak danych,79.00
316599467,Adaptery montażowe 4 szt Can-Am Outlander 715002350 CF Moto,NADWOZIE,108.00
316599627,Regulator Napięcia Can Am Outlander 10000907,Brak danych,349.00
316600312,Skrzynia Biegów CF MOTO 800 X8 Oem 0800-061000-2000,Brak danych,349.00
316601766,Tryb Atakujący przekładni CF MOTO 800 X8 Oem 0800-0622A0,Brak danych,199.00
316603347,Tryb Przekładni Z Obudową CF MOTO 800 X8 Oem 0800-0622B0 0800-0622A0,Brak danych,249.00
316606437,Tryb Rozrusznika CF MOTO 800 X8 Oem 0800-090003,Brak danych,49.00
316610805,Wałek Atakujący Przód CF MOTO 800 X8 Oem 0800-062301,Brak danych,49.00
316635077,Wałek Skrzyni Biegów CF MOTO 800 X8 Oem 0800-060004,Brak danych,190.00
316636298,Tryb Rozrusznika Środkowy CF MOTO 800 X8 Oem 0800-090002,Brak danych,49.00
316636807,Wąż Chłodnicy Polaris Sportsman 500,Brak danych,69.00
316648346,Wiązka Kierunkowskazów Przód Can Am Outlander Renegade,Brak danych,49.00
316649427,Wiązka Kierunkowskazów Tył Can Am Outlander Renegade,Brak danych,49.00
316650711,Zacisk hamulcowy lewy przód Polaris Sportsman 500 HO Oem 1910877,Brak danych,299.00
316653182,Zacisk Hamulcowy Prawy Przód Polaris Sportsman 500 HO Oem 1911538,Brak danych,299.00
316654419,Króciec ssący cfmoto 500 X5 0180-022900 CF188-022900 QUAD ATV,NADWOZIE,51.00
316654783,Zawór Paliwa Podciśnienia Can Am Outlander Renegade,Brak danych,249.00
316655512,Zębatka Skrzyni Biegów CF MOTO 800 X8 Oem 0800-061100,Brak danych,249.00
316656262,Zębatka Sprzęgiełka Rozrusznika CF MOTO 800 X8 Oem 0800-090001-0001,Brak danych,249.00
316681737,Mocowanie tank ring ION SW-MOTECH Yamaha YZF-R1 1000 MT-10 MT-03,NADWOZIE,99.00
316682902,Osłony amortyzatorów skarpety CF Moto QUAD ATV,NADWOZIE,145.00
316685686,Sworzeń kulisty górny Can-Am Renegade 500,NADWOZIE,84.00
316685992,Sworzeń kulisty zwrotnicy Can-Am Honda Yamaha 51375-HP5-601 706200653,NADWOZIE,64.00
316686354,Sworzeń kulisty zwrotnicy Honda TRX 420 Yamaha YFM 400 450 Can Am 800,NADWOZIE,63.00
316689990,Uszczelki na cały silnik CF Moto 800 1000 0JYA-0000A0-00001,NADWOZIE,281.70
316690792,Półoś przód prawa Can Am Outlander Renegade 400 500 650 800 ATV-CA-8-211,NADWOZIE,512.00
316691821,Osłony amortyzatorów skarpety CZARNE Yamaha Grizzly QUAD ATV,NADWOZIE,145.00
317097219,O-Ring Uszczelniacz Wału Korbowego Reinz 45x60x8 81-42737-00,Brak danych,17.24
317097256,Podkładka Dystansowa Wału Korbowego Kolbenschmidt 79418600,Brak danych,28.30
317097292,Tłok Silnika 41198620 Kolbenschmidt Audi A3 A4 A5,Brak danych,324.42
317097412,Uszczelniacz Wału Korbowego Audi A3 A4 A5 1.8 2.0 TFSI,Brak danych,114.95
317097448,Zestaw Panewek Korbowodu 37111600 Kolbenschmidt,Brak danych,246.26
317097588,Zestaw Panewek Wału Korbowego 10 szt. 77907600,Brak danych,93.79
317097744,Zestaw Uszczelek Głowicy 244.890 Elring Audi A3 A4 A5 A6 Q3 Q5 TT,Brak danych,334.89
317099520,Zestaw śrub głowicy cylindrów PAYEN HBS476,Brak danych,161.00
317099704,Panewki kolumny kierowniczej Yamaha Grizzly 450 550 700,NADWOZIE,29.00
317099717,Półoś Napędowa Lewy Prawy Przód Polaris Brutus HD 900 Ranger 570/900/1000 RZR 800 AB6 Strong,Brak danych,639.00
317099777,Półoś Napędowa Prawy Przód Can-Am Outlander Renegade AB8 EXTREME +20%,Brak danych,779.00
317100450,Wydech sportowy Leo Vinci Yamaha MT07,Brak danych,1999.00
317149293,Wahacz Przedni Prawy Górny Kawasaki Brute Force KFV 650 750 Oem 390070066,Brak danych,199.00
317150528,Wahacz Przedni Lewy Górny Kawasaki Brute Force KFV 650 750 Oem 390070066,Brak danych,199.00
317155146,Stopka Boczna Z Czujnikiem Kawasaki ZX9R,Brak danych,49.00
317316739,Pompa Cieczy Wody CF Moto X8 800 CFMoto 0800-081000 QUAD ATV,NADWOZIE,39.00
317316817,Felga Tylna OEM Kawasaki Z900 QUAD ATV,NADWOZIE,440.00
317317683,Dekiel Pokrywa Pompy Wody CF MOTO 800 8X 0800-080003 QUAD ATV,NADWOZIE,24.00
317317713,Dekiel Pokrywa Filtra Oleju CF MOTO 800 8X 0800-014002-00001 QUAD ATV,NADWOZIE,24.00
317317931,Tylna Płyta Podwozia CF MOTO 400 450 500 520 9GQV-044023-1000 QUAD ATV,NADWOZIE,99.00
317318812,Podnóżek Stopień Prawy CF MOTO 500 9010-040009 QUAD ATV,NADWOZIE,379.00
317906395,Środkowa Płyta Podwozia Pod Silnik CF MOTO 400 9GQV-044022-1000,Brak danych,149.00
317907890,Plastik Oslona Dłoni Prawej CF MOTO 1000 9AWA-101302-0YD00,Brak danych,49.00
317908846,Plastik Oslona Dłoni Lewej CF MOTO 1000 9AWA-101202-0YD00,Brak danych,49.00
317909825,Odpowietrznik Gumowy Dyfra CF MOTO 850 1000,Brak danych,19.00
317910822,Mocowanie Tablicy Rejestracyjnej CF MOTO 400 450 500 520 9DQV-230020-3200,Brak danych,49.00
317912134,Maska Przód Czarna CF MOTO 520 450 9GQV-041023-1000-OP600 QUAD ATV,Brak danych,233.77
317914154,Logo Emblemat CF MOTO Modele 2022+ 5ASV-190001-6000,Brak danych,89.00
317914536,Lewa osłona silnika CF MOTO 450 520 550 600 9CR6-044051,Brak danych,149.00
317915343,Korek zbiornika paliwa korek baku CF MOTO 450 520 550 600 850 1000,Brak danych,60.00
317916437,Kierownica CF MOTO 520 450 550 600 625 9DSV-101100-6K01,Brak danych,275.00
317917237,Kabel Adapter Do Zegarów CF MOTO 500 9DRV-150190-B000,Brak danych,299.00
317918141,Jarzmo Mocowanie Zacisku Obsada Łożyska Most Tył CFMOTO 0180-331005,Brak danych,139.00
317918707,Filtr Paliwa OEM CF MOTO 250 300 400 500 600 625 6090-120220,Brak danych,119.00
317919078,"Drążek kierowniczy kompletny CF MOTO 550 , 600 , 625 , X8 , 800 9010-100530-20000",Układ napędowy - CF MOTO,179.00
318038745,Szpilka dystansów piasty gwint 3/8-24 Polaris QUAD ATV,NADWOZIE,11.00
318038746,"Śruba imbusowa M10x1,25 QUAD ATV",NADWOZIE,10.00
318038747,Śruba imbusowa 3/8 QUAD ATV,NADWOZIE,10.00
318038748,QUAD ATV UTV,NADWOZIE,28.00
318038750,Korek dyfra Polaris General Ranger RZR XPEDITION 2203739 UTV,NADWOZIE,31.00
318038751,Przedni wałek Polaris Ranger General RZR 3235394 UTV,NADWOZIE,308.00
318038753,Jarzmo wału Polaris Ranger RZR 3235503 UTV,NADWOZIE,220.00
318038754,Sworzeń kulisty górny Can-Am Outlander Renegade 500 650 706202044 42-1043-X,NADWOZIE,69.00
318038755,Sworzeń kulisty zwrotnicy Polaris Ranger RZR 800 900 1000 7082507 QUAD UTV,NADWOZIE,122.00
318038758,Sworzeń kulisty HD dolny Outlander Renegade Maverick 706201393 42-1042,NADWOZIE,122.00
318038761,Sworzeń wahacza dolnego Odes 650 800 1000 13601190021 QUAD ATV,NADWOZIE,84.00
318038762,Zestaw naprawczy wahacza przód dół i góra Outlander 703500875 706200181,NADWOZIE,74.00
318038763,"Tuleje długie wahacza Polaris 5431596, 5433066, 5434551 4 szt QUAD ATV",NADWOZIE,46.00
318038764,"Tuleje krótkie wahacza Polaris 5436505, 5436832, 5439874 4 szt QUAD ATV",NADWOZIE,38.00
318038765,Korbowód Can-Am Outlander Renegade Maverick Defender 420217559 QUAD ATV,NADWOZIE,377.00
318038767,Wał Korbowy Can-Am Outlander Renegade 570 600 650 800 420219746 zestaw,NADWOZIE,2489.00
318038770,Tarcza hamulcowa przód Yamaha Grizzly 700 1HP-F582T-00-00 3B4-2582T-01-00,NADWOZIE,139.00
318038771,Felga aluminiowa AR104 12x7 offset 4+3 otwory 4/110 Yamaha Kawasaki CF Moto,NADWOZIE,463.00
318038772,Regulator napięcia Polaris RZR 900 XP 2206367 QUAD UTV,NADWOZIE,429.00
318038773,Przekaźnik rozrusznika CF Moto Zforce Uforce 5270-150500,NADWOZIE,43.00
318038774,Przekaźnik rozrusznika TGB Blade Target 500 525 550 600 925805F,NADWOZIE,69.00
318038775,Końcówki drążków kierowniczych Can-am Outlander Renegade 500 800 G1 51-1009,NADWOZIE,122.00
318038783,Końcówki drążka kierowniczego CF Moto Suzuki Yamaha 51-1028-XATV,NADWOZIE,99.00
318038784,Pokrowiec siedzenia Yamaha Raptor 700 2015-2025,NADWOZIE,185.00
318038786,Pokrowiec siedzenia Polaris Sportsman 450 570 850 1000 XP QUAD ATV,NADWOZIE,185.00
318038788,Tarcza hamulcowa tył X-ATV Yamaha Raptor 700 1S3-2582W-10-00 MD6263 QUAD,NADWOZIE,127.00
318038789,Tarcza hamulcowa przednia Suzuki LTZ Kawasaki KFX 59211-07G00 41080-S005,NADWOZIE,127.00
318038790,Tarcza hamulcowa tylna Suzuki LTZ Kawasaki KFX 69211-07G00 41080-S006,NADWOZIE,139.00
318038791,Pompa paliwa kompletna Honda Rincon TRX 420 500 16700-HP5-602 QUAD ATV,NADWOZIE,517.00
318038792,Tarcza hamulcowa przód Suzuki Kingquad LT-A 500 750 EPS 59211-31G20 QUAD,NADWOZIE,127.00
318038795,Łańcuszek rozrządu Polaris 3084915 QUAD ATV UTV,NADWOZIE,220.00
318038796,Łańcuszek rozrządu Polaris Outlaw Predator 500 3088017 QUAD ATV,NADWOZIE,169.00
318038798,Guma mocowania silnika poduszka Sportsman 500 570 600 700 800 3022071 2 szt,NADWOZIE,115.00
318038804,Pompa hamulcowa Polaris Sportsman 450 570 1911688 1912301 QUAD ATV,NADWOZIE,165.00
318038805,Osłony amortyzatorów skarpety Polaris Sportsman XP 1000 S granatowe,NADWOZIE,220.00
318038806,Pokrowiec siedzenia Polaris Sportsman 550 850 2009 2010,NADWOZIE,185.00
318038807,Licznik Polaris Sportsman 400 500 700 800 3280528 3280431 QUAD ATV,NADWOZIE,1855.00
318038808,Przełącznik zespolony lewy Polaris Sportsman 4011516 4011655 4010593,NADWOZIE,285.00
318038812,Koło zębate rozrusznika Polaris Sportsman RZR 450 570 1204683 QUAD UTV,NADWOZIE,540.00
318038813,Sprzęgło wtórne Polaris Sportsman 450 570 1322960 QUAD ATV,NADWOZIE,1937.00
318038814,Manetka gazu Polaris Sportsman 2010342,NADWOZIE,296.00
318038815,Wentylator Polaris Sportsman 800 Ranger 700 2410366 QUAD ATV,NADWOZIE,463.00
318038816,Czujnik MAP sensor Polaris Sportsman 550 3090141 QUAD ATV,NADWOZIE,157.00
318038818,Poszerzenia błotników Overfenders Can-Am Maverick X3 715002973,NADWOZIE,783.00
318038819,Manetka gazu Yamaha Blaster 200 Banshee 350 3GG-26250-00-00 QUAD ATV,NADWOZIE,266.00
318038822,Uszczelniacze dyferencjału tylnego Can-Am Outlander Renegade 800 25-2068-5,NADWOZIE,57.00
318038824,Osłony amortyzatorów Can-Am Outlander 800 1000 czarno żółte QUAD ATV,NADWOZIE,169.00
318038827,Jarzmo wału napędowego przód Can-Am Outlander Commander 715900121 705400782,NADWOZIE,236.00
318038828,Przegub zewnętrzny przedni Outlander Renegade Commander 800 1000 705401344,NADWOZIE,377.00
318038831,Przegub zewnętrzny tylny Outlander Renegade Commander 800 1000 G2 705501776,NADWOZIE,377.00
318038833,Przegub wewnętrzny tylny Outlander Renegade Commander 800 1000 G2 705501780,NADWOZIE,405.00
318038834,Dyferencjał tylny Can-Am Outlander Renegade 450 570 650 850 1000 705502546,NADWOZIE,3770.00
318038836,Dyferencjał tylny Can-Am Outlander Renegade 450 570 650 850 1000 705502808,NADWOZIE,2802.00
318038838,Pompa paliwa Can-Am Outlander Renegade 450 570 709000461 47-1029 QUAD ATV,NADWOZIE,579.00
318038839,Trójząb helix Can-Am Outlander Renegade 500 570 650 G1 G2 420280199 QUAD,NADWOZIE,313.00
318038841,Przednia pompa hamulcowa Outlander Renegade 450 570 850 705600865 705601430,NADWOZIE,285.00
318038844,Tylna pompa hamulcowa Can-Am Outlander 570 800 1000 G2 705600847 705601273,NADWOZIE,347.00
318038845,Przednia pompa hamulcowa Can-am Outlander Renegade 450 570 850 1000 705600913,NADWOZIE,285.00
318038847,Kierownica Can-Am Outlander Renegade 650 850 1000 709400513 srebrna,NADWOZIE,243.00
318038849,Kierownica Can-Am Outlander Renegade 650 850 1000 709401530,NADWOZIE,377.00
318038850,Jarzmo wału napędowego Can-Am Outlander Renegade G2 715900499 QUAD ATV,NADWOZIE,99.00
318038852,Wał napędowy przedni Can-Am Outlander Renegade 500 800 G1 705400914 QUAD,NADWOZIE,447.00
318038853,Tarcza hamulcowa przednia Can-Am Outlander G1 705600603 705600279 MD6222,NADWOZIE,139.00
318038858,Szpilka piasty Can-Am M10 250300055 211300020 250300020 250300034 8 sztuk,NADWOZIE,104.00
318038864,Przewody wysokiego napięcia Can-Am Outlander Renegade 420265240 420265248,NADWOZIE,173.00
318038867,Czujnik położenia wału Can-Am Outlander Maverick 420265722 420265723 QUAD,NADWOZIE,197.00
318038868,Wał napędowy tył Can-Am Outlander Renegade 500 650 800 703500801 L370 18/18,NADWOZIE,830.00
318038870,Przegub wewnętrzny przód prawy Outlander Renegade Commander 705401348,NADWOZIE,389.00
318038872,Przegub wewnętrzny przód lewy Can-am Outlander Renegade 800 1000 705401350,NADWOZIE,389.00
318038875,Filtr paliwa Can-Am Outlander Renegade Maverick 709001120 QUAD ATV UTV,NADWOZIE,35.00
318038877,Termostat z obudową Can-Am Outlander Renegade G2 709200406 QUAD ATV,NADWOZIE,162.00
318038879,Wentylator Can-Am Maverick X3 RR 709200588 UTV,NADWOZIE,435.00
318038880,Filtr powietrza papierowy Polaris Predator 500 5830226 QUAD ATV,NADWOZIE,78.00
318038882,Tarcza hamulcowa tylna Yamaha YFZ450 Raptor 350 5TG-2582W-00-00 MD6236 QUAD,NADWOZIE,127.00
318038885,Tarcza hamulcowa przednia Polaris Ranger RZR 800 900 5251565 5254999 MD6338,NADWOZIE,157.00
318038886,Tarcza hamulcowa Can-Am Commander przód tył 705600684 MD6366 UTV,NADWOZIE,157.00
318038888,Tarcza hamulcowa Can-Am Maverick X3 przód 705601533 MD6411,NADWOZIE,166.00
318038891,Tarcza hamulcowa tył Can-Am Maverick X3 705601376 MD6412 UTV,NADWOZIE,165.00
318038892,Tarcza hamulcowa tylna Yamaha Warrior 350 3GD-2582W-00-00 QUAD ATV,NADWOZIE,150.00
318038896,Pokrowiec siedzenia Can-Am Renegade G1 G2 708000731 QUAD ATV,NADWOZIE,185.00
318038898,Lampa tylna Can-Am Renegade 500 800 DS450 710001041 QUAD ATV,NADWOZIE,122.00
318038900,Szpilka piasty Can-Am Maverick M12 250300625 8 szt,NADWOZIE,104.00
318038901,Piasta osi tylna Honda TRX 250 300 400 42410-HN6-A20 QUAD ATV,NADWOZIE,217.00
318038904,Piasta Polaris RZR 5141353-067 QUAD UTV,NADWOZIE,273.00
318038906,Pompa paliwa kompletna Polaris Sportsman 550 850 XP 2204307 47-1020 QUAD,NADWOZIE,695.00
318038908,Rolki wariatora Can-Am Maverick Defender 420629211 417127016 UTV,NADWOZIE,157.00
318038914,Wariator Can-Am Maverick X3 420280725 UTV,NADWOZIE,4407.00
318038915,Sprzęgło wtórne Can-Am Maverick RR 420686738 UTV,NADWOZIE,2083.00
318038918,Wariator Can-Am Maverick X3 420280725 UTV,NADWOZIE,5567.00
318038919,Łożysko wariatora Can-Am Outlander Maverick Defender 420832351 QUAD ATV,NADWOZIE,157.00
318038921,Ściągacz wariatora Polaris Sportsman 500 700 Magnum 425 2780913 QUAD ATV,NADWOZIE,92.00
318038924,Przednia pompa hamulcowa Arctic Cat 400 500 550 700 1000 1502-902 QUAD ATV,NADWOZIE,285.00
318038927,Przyrząd do wyciągania kołków z kołkami 100 szt C569 7661855,NADWOZIE,127.00
318038928,Mocowanie gumowe Super Fix 25-33 mm 2 szt uniwersalne ATV UTV,NADWOZIE,46.00
318038933,Ściągacz sprzęgła wtórnego tylnego Can-Am Maverick X3 Turbo RR,NADWOZIE,170.00
318038937,Zawór wydechowy 31mm Can-Am Outlander Maverick 1000 420855029 QUAD ATV,NADWOZIE,62.00
318038938,Wspornik lewarka zmiany biegów Can-Am Outlander 707000971 707003054,NADWOZIE,92.00
318038940,Króciec ssący przepustnicy Can-Am Outlander G2 420267045,NADWOZIE,72.00
318038942,Króciec ssący przepustnicy Can-Am Outlander 400 420267340 QUAD ATV,NADWOZIE,104.00
318038944,Cylinder kompletny Polaris RZR Ranger 800 5254357,NADWOZIE,1681.00
318038947,Wariator Segway F01E20000001,NADWOZIE,2013.00
318038950,"Końcówka drążka kierowniczego Can-Am Maverick X3 7709401125, 709401703",NADWOZIE,145.00
318038952,"Filtr powietrza Yamaha Big Bear 250 400 4XE-E4450-00-00, 1P0-E4450-00-00",NADWOZIE,57.00
318038953,"Przełącznik zespolony lewy Honda TRX 420 35140-HP7-A03, 35140-HP7-A01",NADWOZIE,313.00
318038955,Gaźnik Kawasaki KVF 360 Prairie 15003-1686 z czujnikiem QUAD ATV,NADWOZIE,377.00
318038957,Dźwignia zmiany biegów z wieloklinem Polaris RZR 3235227,NADWOZIE,115.00
318038963,"Wał napędowy przedni Polaris RZR XP 1000 1334187,1333125, 1333350, 1333642",NADWOZIE,626.00
318038966,Szpilki piasty Polaris RZR 8 szt 7518654,NADWOZIE,107.00
318038969,Tylny łącznik stabilizatora lewy i prawy Can-Am Maverick X3 706003752,NADWOZIE,772.00
318038972,Cewka zapłonowa Can-Am Maverick X3 Turbo 420666145 UTV,NADWOZIE,238.00
318038975,Filtr paliwa Sea-Doo Can-Am Maverick Commander 270600113 QUAD UTV,NADWOZIE,34.00
318038976,Czujnik MAP sensor Can-Am Maverick 420274057,NADWOZIE,157.00
318038978,"Czujnik MAP sensor Can-Am Maverick 420874656, 515178563",NADWOZIE,208.00
318038980,Wtryskiwacz wtrysk paliwa Can-Am Maverick X3 R 420874845,NADWOZIE,289.00
318038981,Zacisk hamulcowy przedni lewy Can-Am Maverick X3 RR 705601462 705601887,NADWOZIE,435.00
318038984,Zacisk hamulcowy przedni prawy Can-Am Maverick X3 RR 705601463 705601888,NADWOZIE,435.00
318038986,Zacisk hamulcowy tylny lewy Can-Am Maverick X3 RR 705601514 705601891,NADWOZIE,435.00
318038988,Zacisk hamulcowy tylny prawy Can-Am Maverick X3 RR 705601515 705601892,NADWOZIE,463.00
318038990,Filtr powietrza papierowy Can-Am Maverick 2015-2017 715900356,NADWOZIE,86.00
318038991,Filtr powietrza Can-Am Defender Maverick Trail 715900356,NADWOZIE,98.00
318038993,Filtr powietrza Can-Am Maverick X3 715900422,NADWOZIE,99.00
318038994,Wycieraczka automatyczna Can-Am Defender Maverick 80309001 UTV,NADWOZIE,252.00
318038998,Lampy obrysowe Can-Am Maverick X3 710004995 UTV,NADWOZIE,424.00
318038999,Lampy LED obrysowe Can-Am Maverick X3 UTV,NADWOZIE,730.00
318039001,Rozrusznik Lynx Ski Doo 500 700 800 1000 18875N 515175562 515175843,NADWOZIE,366.00
318039003,Rozrusznik Ski Doo 600 800 19496N silniki e-tec,NADWOZIE,429.00
318039004,Pompa paliwa zawór podciśnienia Can-Am Outlander 330 400 707200183,NADWOZIE,139.00
318039006,Pompa paliwa 24V Polaris Brutus Ranger 2521461,NADWOZIE,208.00
318039008,Chłodnica KTM 950 Supermoto 05-08 63035110000 62535010000,NADWOZIE,927.00
318039011,Chłodnica KTM 950 Superenduro R 06-09 63035010000,NADWOZIE,927.00
318039013,Chłodnica KTM Adventure R Super Adventure Supermoto Duke 62535009000,NADWOZIE,927.00
318039018,Panewka sztycy kierownicy CF Moto CForce 400 500 600 800 7020-100601-00001,NADWOZIE,39.00
318039019,Osłony amortyzatorów CF Moto CForce G3 pomarańczowe,NADWOZIE,169.00
318039023,Czujnik położenia wału Polaris Sportsman Scrambler 2411589,NADWOZIE,157.00
318039026,Czujnik TPS Polaris Sportsman Scrambler 2412634,NADWOZIE,281.00
318039028,Wał napędowy tylny Can-Am Outlander 400 703500825 L400 18/18,NADWOZIE,488.00
318039029,Filtr paliwa diesel z separatorem Polaris Ranger Brutus 2521087,NADWOZIE,69.00
318039031,Kluczyk Polaris Sportsman Scrambler Magnum 4010278,NADWOZIE,29.00
318039038,"Ślizgi Wariatora CF Moto 500 X5, 0180-051003-0003 4 szt",NADWOZIE,35.00
318039039,Okładziny szczęki sprzęgła mokrego CF Moto 500 X5 0180-054000,NADWOZIE,533.00
318039041,Zacisk hamulcowy tył Yamaha Raptor 125 250 350 5YT-2580W-00-00,NADWOZIE,250.00
318039042,Osłony amortyzatorów skarpety Can-Am Outlander G3 szare QUAD ATV,NADWOZIE,169.00
318039044,Osłony amortyzatorów skarpety Can-Am Outlander G3 pomarańczowe,NADWOZIE,169.00
318039048,Osłony amortyzatorów skarpety Can-Am Outlander G3 czerwone QUAD ATV,NADWOZIE,169.00
318039049,Osłony amortyzatorów skarpety Can-Am Outlander G3 żółte,NADWOZIE,169.00
318039051,Osłony amortyzatorów skarpety Loncin Landforce niebieskie QUAD ATV,NADWOZIE,169.00
318039053,Osłony amortyzatorów skarpety Loncin Landforce zielone QUAD ATV,NADWOZIE,169.00
318039054,Osłony amortyzatorów skarpety Loncin Landforce czerwone QUAD ATV,NADWOZIE,169.00
318039057,Osłony amortyzatorów skarpety Loncin Landforce żółte QUAD ATV,NADWOZIE,169.00
318039058,Dźwignia zmiany biegów CF Moto CForce 800 820 7020-320100,NADWOZIE,424.00
318039061,Przekaźnik rozrusznika CF Moto 800 7020-150310,NADWOZIE,41.00
318039063,Poduszka silnika CF Moto CForce 800 850 1000 7020-000120,NADWOZIE,57.00
318039070,"Rozrusznik Briggs Stratton 14 16 18 HP 12V 5744N 399928, 495100, 498148",NADWOZIE,203.00
318039072,Rozrusznik Briggs Stratton 11-18 HP 12V 5746N 5778N,NADWOZIE,192.00
318039074,Rozrusznik Briggs Stratton 16-18 HP 12V 5742N,NADWOZIE,180.00
318039076,Rozrusznik Kohler New Holland 5801N,NADWOZIE,289.00
318412990,Opona Dunlop Sportmax ROADSPORT 180/55ZR17,Brak danych,250.00
318413017,Dźwignia Zmiany Biegów KTM,Brak danych,49.00
318413366,Flansza Cylindra KTM EXC SX XC XC-W 125 200 00-16 52337001200,Brak danych,99.00
318417065,Komora Pływakowa Gaźnik KTM SXF 450,Brak danych,199.00
318420391,Kopka KTM SX SXS 50 45233070044 2009-2024,Brak danych,89.00
318422172,Kosz Sprzegłowy 16-T KTM SX 50 2002-2008 45132023016,Brak danych,226.80
318422879,Kosz Sprzegłowy KTM SXF EXCF 250 400 520 525,Brak danych,499.00
318425520,Obudowa ​​Reflektora Czarna KTM 990 Super Duke 2005-2006 6100800100030A,Brak danych,449.00
318426714,Pokrywa Dekiel Cewki Zapłonowej KTM SX 250 09-16 50330002200,Brak danych,99.00
318427750,Pokrywa Dekiel Cewki Zapłonowej KTM SX 250 09-16 54830002500,Brak danych,149.00
318429136,Pokrywa Dekiel Rozrusznika KTM EXC-F SX-F XC-F 250 350 2011 2015,Brak danych,79.00
318433207,Przedni Reflektor KTM EXC-F 250 350 EXC-E 300 78114001000,Brak danych,279.00
318435278,Przednia Osłona Reflektora KTM EXC-F 250 350 EXC-E 300,Brak danych,49.00
318437065,"Sprężyna Tylna KTM SX-F 250 300 350 450 54N/MM D11,5 Pomarańczowa",Brak danych,249.00
318439349,Sprężyna WP 72-250 KTM EXC EXC-F EXC-R 05-16,Brak danych,249.00
318440498,Wypełnienie Osłona Licznik KTM 990 SUPER DUKE 610.14.070.000 2008,Brak danych,199.00
318443070,Felga Przednia Kawasaki ZX9R 17'' x 3.50,Brak danych,279.00
318444924,Felga Tylna Kawasaki ZX9R 17''x6.00,Brak danych,179.00
318447550,Stator Alternator Prądnica Kawasaki ZX9R,Brak danych,299.00
318448739,Zacisk Hamulcowy Lewy Przód Kawasaki ZX9R 98-00,Brak danych,120.00
318452085,Kierownica Polaris Sportsman 550 Oem 5340797-458,Brak danych,159.00
318453730,Kolumna Kierownicza Polaris Sportsman 550 850 1000 Oem 1823781-329,Brak danych,349.00
318454391,Mocowanie Kierownicy Polaris Sportsman 500 550 800 850 Oem 5630187-067,Brak danych,119.00
318459326,Obudowa Licznika Polaris Sportsman 550,Brak danych,199.00
318462951,Stelaż Wzmocnienie Licznika Polaris Sportsman 550 5259236,Brak danych,199.00
318464623,Zacisk Hamulcowy Przód Yamaha YZF R1 RN12,Brak danych,299.00
318466183,Tarcza Hamulcowa Przód Yamaha YZF R1 RN12,Brak danych,129.00
318467704,Prawy Set Kierowcy Z Pompą Hamulcową Yamaha YZF R1 RN12,Brak danych,149.00
318468373,Prawa Owiewka Boczek Yamaha YZF R1 5VY2412900,Brak danych,59.00
318470026,Kierownica Lewa Strona Yamaha R1 RN12 2004-2006,Brak danych,199.00
318471811,Ośka Koła Przedniego Yamaha R1 RN12 2004-2009 4XV-25181-10-00,Brak danych,99.00
318472404,Kopka Husqvarna TE TC 250 450 510 8000A7931,Brak danych,290.00
318475083,Opona motocyklowa Metzeler Marathon ME880 170-80 15R,Brak danych,150.00
318476136,Wkładka Ograniczająca Ilość Iskier KTM SX-F 250 350 450 2010-2011,Brak danych,119.00
318843663,Dolny Krzyżak Kolumny Kierowniczej Suzuki LTA Kinq Quad 450 500 700 750 51653-31G20,Brak danych,129.00
318843715,Kolumna Kierownicza Suzuki LTA Kinq Quad 450 500 700 750 51650-31G20 51650-31G10,Brak danych,369.00
318843808,Okular Lampy Lewy Przód Suzuki LTA Kinq Quad 450 500 700 750 53284-31G10-291,Brak danych,279.00
318843922,Panewka Kolumny Kierowniczej Suzuki LTA Kinq Quad 450 500 700 750 51670-31G00,Brak danych,99.00
318844263,Piasta Tył Suzuki LTA Kinq Quad 450 500 700 7505VY-22311,Brak danych,249.00
318844610,Lewy Set Kierowcy Yamaha YZF R1 RN12,Brak danych,99.00
318844717,Osłona Łańcucha Yamaha YZF R1 RN12 OEM 5VY-22311,Brak danych,199.00
318844982,Osłona Seta Kierowcy Yamaha YZF R1 RN12,Brak danych,49.00
318845035,Stelaż Zadupka Ogon Yamaha YZF R1 RN12,Brak danych,299.00
318848441,Tylny Amortyzator Yamaha YZF R1 RN12,Brak danych,199.00
318850680,Tylny Błotnik Yamaha YZF R1 RN12 5VY-21650,Brak danych,99.00
318851403,Wąż Chłodnicy Yamaha YZF R1 RN12,Brak danych,29.00
318852471,Zamek Siedzenia Mechanizm Yamaha YZF R1 RN12,Brak danych,99.00
318853297,Półka Dolna Sztyca Kawasaki ZX9R Ninja,Brak danych,349.00
318856437,Półka Górna Kawasaki ZX9R Ninja,Brak danych,199.00
318857057,Pompa Hamulca Tylnego Kawasaki ZX9R Ninja,Brak danych,99.00
318857912,Przewód Hamulcowy Przód Kawasaki ZX9R Ninja,Brak danych,79.00
318859181,Set Kierowcy Lewy Przód Kawasaki ZX9R Ninja,Brak danych,29.00
318860433,Set Pasażera Lewy Tył Kawasaki ZX9R Ninja,Brak danych,99.00
318861891,Set Pasażera Prawy Tył Kawasaki ZX9R Ninja,Brak danych,119.00
318862689,Tylny Zacisk Hamulcowy Kawasaki Ninja ZX9R,Brak danych,119.00
318863796,Wentylator Wiatrak Kawasaki Ninja ZX9R 98-02,Brak danych,99.00
318864575,Wiązka Instalacja Elektryczna Kawasaki ZX9R Ninja 1998-2000,Brak danych,199.00
318865405,Zacisk Hamulcowy Prawy Przód Kawasaki ZX9R 98-00,Brak danych,120.00
318866325,Przełącznik Podgrzewanych Manetek Polaris K100000167,Brak danych,99.00
318876034,Kapsle Dekielki do Felg Polaris Sportsman 400 450 500 570 700 800 5413427,Brak danych,179.00
318876615,Obudowa Lampy Centralnej Czerwona Polaris Sportsman 5435364-293,Brak danych,319.00
318877693,Obudowa Lampy Centralnej Zielona Polaris Sportsman 500 5435364-400,Brak danych,349.00
318878407,Czerwona Obudowa Lampy Centralnej Polaris Sportsman 5435364-293,Brak danych,149.00
318879702,Obudowa Lampy Centralnej Niebieska Polaris Sportsman 5435364-341,Brak danych,349.00
318881011,Obudowa Lampy Centralnej Zielona Polaris Sportsman 500 5435364-400 3,Brak danych,199.00
318882868,Obudowa Lampy Centralnej Żółta Polaris Sportsman 500 5433042-053,Brak danych,349.00
318885628,Obudowa Lampy Centralnej Żółta Polaris Sportsman 5434706-053,Brak danych,349.00
318887050,Obudowa Wewnętrzna Paska Napędowego Polaris Sportsman 500 5434234,Brak danych,319.00
318887815,Pierścień Uszczelki Osłony Wariatora Polaris MAGNUM SPORTSMAN SCRAMBLER TRAIL BOSS RANGER 5242046,Brak danych,99.00
318888287,Poduszki Silnika Polaris Sportsman 500,Brak danych,99.00
318888966,Schowek Tylny Kompletny Polaris Sportsman 500 2005/2010 1203104,Brak danych,449.00
318890387,Schowek Tylny Polaris Sportsman 500 2005/2010 1203104,Brak danych,349.00
318891378,Uszczelka Licznika Polaris Sportsman 500 HO 2005/2010 5412138,Brak danych,50.00
318892091,Zielona Obudowa Lampy Centralnej Polaris Sportsman 500 5435364-400,Brak danych,319.00
318893753,Osłona Chłodnicy Lewa Wypełnienie Plastikowe Lewe Polaris Sportsman 500 5438689,Brak danych,129.00
318894935,Obudowa Wewnętrzna Paska Napędowego Polaris Sportsman 500 5434234 3,Brak danych,299.00
318896849,Osłona Chłodnicy Prawa Wypełnienie Plastikowe Prawe Polaris Sportsman 500 5434315,Brak danych,49.00
318903467,Osłona Chłodnicy Prawa Wypełnienie Plastikowe Prawe Polaris Sportsman 500 5438690,Brak danych,99.00
318906147,Przełącznik Manetek Podgrzewanych Polaris K100000167,Brak danych,109.00
318908788,Osłona Obudowa Wewnętrzna Wariatora Polaris sportsman 570 5450209,Brak danych,299.00
318916377,Osłona Boczna Silnika Prawa Owiewka Polaris sportsman 570 5450531 !!!GABARYT!!!,Brak danych,249.00
318917369,PRZEŁĄCZNIK AWARYJNYCH POLARIS SPORTSMAN 500 HO 3916-01,Brak danych,150.00
318919186,Przełącznik Świateł Dodatkowych Polaris Sportsman 500 HO K100000393,Brak danych,150.00
319005536,Dźwignia Hamulca Przedniego Yamaha MT-07 2014,Brak danych,79.00
319008031,Dźwignia Hamulca Przedniego Yamaha YZF R1 RN12 5SL8392210,Brak danych,99.00
319009640,Kolektor Wydechowy Yamaha MT-03 5YK3,Brak danych,99.00
319012706,Wydech Środkowy Yamaha YZF R1 RN12 5VY-14610-00-00,Brak danych,149.00
319140924,Czujnik ABS Przód Kawasaki Z900 Oem 211760861 2019-,Brak danych,119.00
319141859,Czujnik ABS Tył Kawasaki Z900 Oem 211760870 2019-,Brak danych,59.00
319143951,Czujnik Stopu Kawasaki Z900 Oem 270100887 2019-,Brak danych,59.00
319145098,Czujnik Przechyłu Kawasaki Z900 Oem 211760026 2019,Brak danych,199.00
319145918,Przekaźnik Rozrusznika Kawasaki Z900 Oem 270100770 2019-,Brak danych,64.00
319147592,Przełącznik Zespolony Lewy Kawasaki Z900 Oem 460910390 2019-,Brak danych,359.00
319148576,Sonda Lambda Kawasaki Z900 Oem 211760835 2019-,Brak danych,149.00
319151634,Stacyjka Kawasaki Z900 Oem 270050590 2019-,Brak danych,249.00
319152632,Klakson Kawasaki Z900 Oem 270030121 2019-,Brak danych,59.00
319153498,Czujnik Nóżki Bocznej KAWASAKI Z900 Oem 270101470 2019-,Brak danych,179.00
319155409,Instalacja Elektryczna Kawasaki Z900 Oem 260312512 2019-,Brak danych,299.00
319157392,Górny Stelaż Wspornik Chłodnicy Polaris RZR 800 570 5254710-458,Brak danych,149.00
319162183,Zbiorniczek Płynu Chodzącego Polaris Sportsman 500 5436936 2,Brak danych,99.00
319177181,Nakładka Na Klapę Bagażnika Smart Fortwo 98-03  Część do samochodu: smart fortwo,Brak danych,199.00
319179630,Zadupek Ogon Stelaż Tylnej Ramy Kawasaki ZX9R Ninja,Brak danych,249.00
319182709,Błotnik Przód Nadkole Przednie Yamaha R1 RN12,Brak danych,99.00
319185124,Mocowanie Zacisku Tylnego Yamaha R1 RN12 5VY2592100,Brak danych,99.00
319194796,Oś Przednia Ośka Koła Przedniego Yamaha R1 RN12,Brak danych,299.00
319194879,Oś Tylna Ośka Koła Tylnego Yamaha R1 RN12 82Y6108,Brak danych,249.00
319194924,Ośka Wahacza Yamaha YZF R1 RN12 04-06,Brak danych,49.00
319194996,Stopka Boczna Yamaha R1 RN12 04-06,Brak danych,99.00
319195085,Wentylator Lewy Yamaha YZF R1 RN12 04-06,Brak danych,49.00
319195143,Zbiorniczek Wyrównawczy Płynu Chłodniczego Yamaha YZF R1 RN12 04-06,Brak danych,59.00
319195169,Zębatka Zbierak Koła Yamaha YZF R1 RN12 04-06,Brak danych,99.00
319197460,Czujnik Stopki Bocznej Yamaha YZF R1 RN12 37840-25D01 04-06,Brak danych,49.00
319197503,Kanał Rura Chłodzenia Wariatora Polaris Sportsman 570 5451354,Brak danych,119.00
319197535,Kanał Rura Wlotu Powietrza Do Sprzęgła Polaris Sportsman 450 570 5451155,Brak danych,89.00
319199455,Kanał Rura Wlotu Powietrza Do Sprzęgła Polaris Sportsman 400 450 500 5436958,Brak danych,109.00
319206348,Pokrywa Paska Napędowego Polaris RZR 900 1000 5451767 2635611,Brak danych,349.00
319206941,Mocowanie Kierownicy Polaris Sportsman 500 550 800 850 Oem 5630187-067 2,Brak danych,129.00
319250500,Osłona Boczna Silnika Lewa Owiewka Polaris sportsman 570 5450530-498,Brak danych,399.00
319251319,Tylna Osłona Ramy Suzuki LTA Kinq Quad 700 750 6325131G00,Brak danych,39.00
319251849,Wypełnienie Ogonu Zadupka Kawasaki ZX9R Ninja 35023-1580,Brak danych,79.00
319271785,Kanał Rura Wylotowa Powietrza Z Przekładni Polaris Sportsman 570 450 CVT 5436952 !!!STANDARD!!!,Brak danych,139.00
319275631,Mocowanie Kierownicy Polaris Sportsman 500 550 800 850 Oem 5630187-067 3,Brak danych,199.00
319275877,Obudowa Wariatora Polaris Sportsman 450 570 2634897 !!!STANDARD!!!,Brak danych,299.00
319279642,Rura Dolot Snorkel Przekładni CVT Polaris Sportsman 450 570 5450546,Brak danych,139.00
319281631,Wlew Płynu Chłodzącego Z Korkiem I Mocowaniem Polaris Sportsman 500 HO 5412402 3,Brak danych,129.00
319305291,"Kciuk gaz z linką przełącznik napędów Polaris Sportsman 500 HO Oem 2010334, 7081550 2",Brak danych,329.00
319306031,Zbiorniczek Płynu Chodzącego Polaris Sportsman 500 5436936 3,Brak danych,99.00
319306811,Zbiorniczek Płynu Chodzącego Z Uchwytem Polaris Sportsman 500 5436936 4,Brak danych,119.00
319307335,Zbiorniczek Wyrównawczy Płynu Chłodniczego Polaris Predator 5434856,Brak danych,169.00
319307777,Stelaż Lampy Przód Polaris Sportsman 450 570 5244969-329,Brak danych,149.00
319308533,Puszka Obudowa Filtra Powietrza Air Box Polaris Sportsman 570 450 5450388 5450580 5450580,Brak danych,419.00
319309631,Pokrywa Wariatora Obudowa Sprzęgła Polaris Sportsman 800 500 2633926,Brak danych,449.00
319319479,Zacisk Hamulcowy Lewy Przód Can Am Outlander G1 705600576,Brak danych,249.00
319319490,Zacisk Hamulcowy Lewy Przód Can Am Outlander G1 705600576 3,Brak danych,239.00
319319530,Zacisk hamulcowy prawy przedni Can Am Outlander Renegade G1 OEM 705600728 2,Brak danych,259.00
319319545,Zacisk Hamulcowy Tył Polaris Sportsman 400 450 500 600 700 800 1910690 4,Brak danych,269.00
319319594,Dolot Filtra Powietrza BOOT-CARB Polaris SCRAMBLER 500 2011-2012 5438033,Brak danych,119.00
319384991,Pompa Hamulcowa z Rozdzielaczem Trójnikiem Polaris Sportsman 500 HO,Brak danych,249.00
319387048,Uchwyt Pasażera Lewy Polaris Sportsman 570,Brak danych,149.00
319387090,Przewody Hamulcowe Z trójnikiem Przód Polaris Sportsman 500,Brak danych,149.00
319387114,Rury Układu Chłodzenia Polaris Sportsman 500 HO,Brak danych,199.00
319388231,Zacisk Hamulcowy Prawy Przód Polaris Sportsman 500 HO Oem 1911538 3,Brak danych,269.00
319389676,Wlew Płynu Chłodzącego Z Korkiem I Mocowaniem Polaris Sportsman 500 800 HO 5250769,Brak danych,119.00
319429704,Pasek Napędowy CVT CF MOTO 850 1000 2024+ G3 MITSUBOSHI,Brak danych,829.00
319722040,Boczek Owiewka Lewa Honda CX 500,Brak danych,249.00
319723346,Boczek Owiewka Prawa Honda CX 500,Brak danych,249.00
319724017,Chłodnica Honda CX 500 1979-1984,Brak danych,549.00
319724425,Felga Przednia Koło Przód Honda CX 500,Brak danych,449.00
319724663,Felga Przód Koło Przednie Honda CX 500,Brak danych,399.00
319726423,Felga Tył Koło Tylne Honda CX 500,Brak danych,599.00
319726518,Gaźnik Honda CX 500,Brak danych,590.00
319727002,Gumowa Osłona Wału Honda CX 500,Brak danych,399.00
319727036,Kierunkowskaz Lewy Przód Honda CX 500,Brak danych,69.00
319727059,Kierunkowskaz Prawy Przód Honda CX 500,Brak danych,69.00
319727100,Koło Tylne Felga Tył Honda CX 500,Brak danych,299.00
319727190,Króćce Gaźnika Ssące Honda CX 500,Brak danych,149.00
319728041,Króćce Ssące Gaźnika Honda CX 500,Brak danych,119.00
319729088,Nakładka Kierownicy Honda CX 500,Brak danych,149.00
319729392,Nóżka Boczna Honda CX 500,Brak danych,49.00
319729575,Ośka Koła Przód Honda CX 500,Brak danych,49.00
319729654,Osłona Atrapa Chłodnicy Honda CX 500,Brak danych,220.00
319729664,Pokrywa Filtra Powietrza Honda CX 500,Brak danych,39.00
319729781,Puszka Filtra Powietrza Honda CX 500,Brak danych,199.00
319729912,Rozrusznik Honda CX 500,Brak danych,220.00
319730114,Ślimak Licznika Honda CX 500,Brak danych,180.00
319731033,Stacyjka Honda CX 500,Brak danych,290.00
319731232,Tylna Część Ramy Mocowanie Silnika Honda CX 500,Brak danych,199.00
319731522,Zbiorniczek Wyrównawczy Płynu Chłodniczego Honda CX 500,Brak danych,89.00
319731632,Kierownica Lewa Z Klamką Sprzęgła Kawasaki ZX9R Ninja,Brak danych,299.00
319731657,Kierownica Prawa Z Pompa Hamulcowa Przód Kawasaki ZX9R Ninja,Brak danych,349.00
319732153,Przełącznik Zespolony Lewy Kawasaki ZX9R Ninja,Brak danych,69.00
319732341,Przełącznik Zespolony Prawy Kawasaki ZX9R Ninja,Brak danych,69.00
319732509,Przedni Reflektor KTM EXC-F 350 250 EXC-E 300 78114001000,Brak danych,249.00
319732992,Rama Yamaha FZ1 Gabaryt,Brak danych,399.00
319733028,Wahacz Przedni Prawy Górny Kawasaki Brute Force KFV 650 750 Oem 390070066 2,Brak danych,189.00
319738747,Gaźnik Arctic cat 350 366 400 0470-737,NADWOZIE,339.30
319738850,Jarzmo wału napędowego przedniego,NADWOZIE,312.30
319738995,Manszeta guma przegubu neoprenowa Polaris Sportsman 800 700 RZR 800 900 Can-Am Renegade 1000,NADWOZIE,45.00
319740963,Przekaźnik rozrusznika Polaris Predator 500 3087198 4011087,NADWOZIE,57.60
319742253,"Zestaw nakrętek kół felg aluminiowych 10x1,25 mm Moose Utility",NADWOZIE,146.00
319801386,Końcówka wewnętrzna CF Moto CForce 9010-100530-Q2 LH,NADWOZIE,52.00
319801420,Końcówka zewnętrzna CF Moto CForce 9010-100530-Q1 LH,NADWOZIE,52.00
319801752,Korek wlewu paliwa Odes 13204020000,NADWOZIE,34.00
319801861,Króciec filtra powietrza Linhai 400 27448,NADWOZIE,79.00
319802095,Dyferencjał tylny cfmoto 500 X5 0180-330000 QUAD ATV,NADWOZIE,1617.30
319802310,Pompa hamulca nożnego CF MOTO CForce 800 X8 7020-080110 QUAD ATV,NADWOZIE,291.60
319802377,Pompa hamulcowa prawa Honda TRX 420 500 680 45510-HN8-305 QUAD ATV,NADWOZIE,68.40
319803012,Ślizgi wariatora CF Moto cforce 450 520 550 850 0GR0-051005 0JYA-051001,NADWOZIE,193.50
319803015,Tylna pompa hamulcowa Yamaha Raptor 700 1S3-2580E-00-00 QUAD ATV,NADWOZIE,135.00
319803301,Tylna pompa hamulcowa Yamaha Kodiak 400 Wolverine 350 5GH-2583V-00-00 QUAD,NADWOZIE,135.00
319803370,Termostat cfmoto 500 X5 0180-022810 CF188-022810 QUAD ATV,NADWOZIE,50.40
319803631,Sworzeń kulisty dolny Can-Am Outlander Renegade 706201393 706202045 42-1042,NADWOZIE,63.00
319805013,Przegub zewnętrzny tył Kawasaki Brute Force 750 2005-2008 EPI WE271004,Brak danych,390.00
319806221,Kolumna kierownicy sztyca CF MOTO 520 450 EPS ze wspomaganiem 2023+,Brak danych,309.00
319807497,Manetka Triunph T2043451,Brak danych,25.00
320066346,Tylny kufer Tesseract QJmotor Sharmax 800 1000 010_184,NADWOZIE,1566.00
320066348,Kufer GKA Tesseract tylny Can-am Maverick R 010_186,NADWOZIE,2899.00
320066351,Filtr oleju Linhai 35223 QUAD ATV,NADWOZIE,34.00
320066352,Filtr oleju Linhai 38091 QUAD ATV,NADWOZIE,34.00
320066353,Głowica Linhai 260 22401A QUAD ATV,NADWOZIE,811.00
320066355,Tylna przekładnia dyferencjał Linhai 260 300 21125 QUAD ATV,NADWOZIE,2802.00
320066356,Tuleja mocowania silnika Linhai 260 300 400 24203 QUAD ATV,NADWOZIE,32.00
320066358,Zawór wydechowy Linhai 260 300 22602 QUAD ATV,NADWOZIE,38.00
320066359,Drążek zmiany biegów Linhai 260 300 25256 QUAD ATV,NADWOZIE,54.00
320066360,Przełącznik lewy Linhai 260 300 30114a QUAD ATV,NADWOZIE,139.00
320066361,Klocki hamulcowe Linhai 260 300 400 22111 QUAD ATV,NADWOZIE,27.00
320066362,Uszczelka wydechu Linhai 260 300 25222 QUAD ATV,NADWOZIE,26.00
320066363,Tylny wał napędowy Linhai 27106 QUAD ATV,NADWOZIE,579.00
320066364,Klocki hamulcowe Linhai 260 300 400 27284,NADWOZIE,37.00
320066365,Króciec gumowy Linhai 260 300 400 27286 QUAD ATV,NADWOZIE,76.00
320066366,Przerywacz kierunkowskazów Linhai 260 300 400 27438 QUAD ATV,NADWOZIE,61.00
320066367,Stacyjka Linhai 400 48397 QUAD ATV,NADWOZIE,87.00
320066368,Klocki hamulcowe Linhai 400 500 22245 QUAD ATV,NADWOZIE,31.00
320066369,Uszczelka pod głowicę Linhai 500 550 35106 QUAD ATV,NADWOZIE,62.00
320066370,Uszczelka pod cylinder Linhai 500 550 35120 QUAD ATV,NADWOZIE,13.00
320066371,Tłok Linhai 500 520 550 35127 QUAD ATV,NADWOZIE,110.00
320066372,Filtr powietrza Odes 650 850 1000 21170101731 QUAD ATV,NADWOZIE,94.00
320066373,Sworzeń wahacza górnego Odes Pathcross 10401190000,NADWOZIE,69.00
320066376,Regulator napięcia Odes 800 1000 21051100201 QUAD ATV,NADWOZIE,811.00
320066379,Napinacz łańcucha rozrządu Odes 800 21040102401 QUAD ATV,NADWOZIE,76.00
320066380,Uszczelka pod cylinder Odes 800 21040408901 QUAD ATV,NADWOZIE,26.00
320066381,Uszczelka pod dekiel alternatora Odes 650 800 1000 21040111301 QUAD ATV,NADWOZIE,54.00
320066383,Drążek kierowniczy Odes 800 13605120001 QUAD ATV,NADWOZIE,98.00
320066384,Tylna prawa tarcza hamulcowa Odes 800 13206010350 QUAD ATV,NADWOZIE,93.00
320066385,Manszeta przednia Odes 650 800 1000 17001220120 QUAD ATV,NADWOZIE,55.00
320066386,Stator uzwojenie alternatora Odes 800 21040109701 QUAD ATV,NADWOZIE,359.00
320066387,Pompa paliwa Odes 10904080001 QUAD ATV,NADWOZIE,510.00
320066388,Przewód wysokiego napięcia Odes 800 1000 21040400402 QUAD ATV,NADWOZIE,54.00
320066390,Kontroler zmiany biegów Odes 800 21050904103 QUAD ATV,NADWOZIE,440.00
320066392,Zacisk hamulcowy przedni lewy Odes 800 1000 17006010040 QUAD ATV,NADWOZIE,313.00
320066393,Zacisk hamulcowy przedni prawy Odes 800 1000 17006010050,NADWOZIE,313.00
320066394,Lusterko lewe Odes 13605140000 QUAD ATV,NADWOZIE,55.00
320066395,Lusterko prawe Odes 13605150000 QUAD ATV,NADWOZIE,55.00
320066396,Tylny dyferencjał Odes 1000 14203120000 QUAD ATV,NADWOZIE,3596.00
320066397,Wirnik pompy wody Odes 800 21040114101,NADWOZIE,27.00
320066398,Pokrywa paska napędowego Odes 1000 21050804301 QUAD ATV,NADWOZIE,591.00
320066399,Wtryskiwacz paliwa Odes 800 21040114901 QUAD ATV,NADWOZIE,166.00
320066400,Sworzeń tłoka Odes 1000 21050400801 QUAD ATV,NADWOZIE,22.00
320066401,Sworzeń tłoka Odes 800 21040108701 QUAD ATV,NADWOZIE,18.00
320066402,Zabezpieczenie sworznia tłoka Odes 800 21040108801 QUAD ATV,NADWOZIE,7.00
320066403,Łącznik stabilizatora Odes 800 10701210010 QUAD ATV,NADWOZIE,115.00
320066404,Łącznik stabilizatora Odes 800 10701210050 QUAD ATV,NADWOZIE,115.00
320066405,Półoś przednia lewa Odes 800 1000 10901220000,NADWOZIE,603.00
320066406,Półoś przednia prawa Odes 800 1000 10901230000 QUAD ATV,NADWOZIE,603.00
320066407,Sworzeń górny wahacza Odes 800 13601190011 QUAD ATV,NADWOZIE,104.00
320066408,Końcówka drążka lewy gwint Odes 13605120020,NADWOZIE,61.00
320066409,Końcówka drążka prawy gwint Odes 13605120030 QUAD ATV,NADWOZIE,61.00
320066412,Tylny wał napędowy Odes 1000 Long 17003130050 QUAD ATV,NADWOZIE,301.00
320066413,Tylny wał napędowy Odes 1000 krótki 17003130060 QUAD ATV,NADWOZIE,301.00
320066414,Tylny wał napędowy Odes 800 Long 17003130070 QUAD ATV,NADWOZIE,301.00
320066415,Tylny wał napędowy Odes 800 krótki 17003130080 QUAD ATV,NADWOZIE,301.00
320066417,Tylna prawa tarcza hamulcowa Odes 17006010350 QUAD ATV,NADWOZIE,165.00
320066419,Sprzęgło jednokierunkowe Odes 800 21040109501 QUAD ATV,NADWOZIE,244.00
320066420,Bieżnia sprzęgła jednokierunkowego Odes 800 21040109601 QUAD ATV,NADWOZIE,169.00
320066421,Obudowa paska napędowego wewnętrzna Odes 800 21040300101 QUAD ATV,NADWOZIE,273.00
320066422,Obudowa paska napędowego zewnętrzna Odes 800 21040302001 QUAD ATV,NADWOZIE,347.00
320066423,Czujnik temperatury Odes 21040402202 QUAD ATV   NIE WZNAWIAĆ!!!!!,NADWOZIE,54.00
320066426,Koła zębate przekładni Odes 21050908701 QUAD ATV,NADWOZIE,377.00
320066427,Cylinder Odes 1000 przedni 22040100201 QUAD ATV,NADWOZIE,1055.00
320066428,Cylinder Odes 1000 tylny 22040100301 QUAD ATV,NADWOZIE,1055.00
320066429,Stacyjka Odes 13609040000-3 QUAD ATV,NADWOZIE,112.00
320066430,Cylinder Odes 1000 przedni kompletny 21050401101-KIT QUAD ATV,NADWOZIE,1085.00
320066432,Tylna lewa tarcza hamulcowa Odes 17006010340 QUAD ATV,NADWOZIE,165.00
320066433,Filtr Powietrza Segway Snarler AT6 A01A21007001 QUAD ATV,NADWOZIE,92.00
320066439,Regulator napięcia Segway AT6 A01M04300001 QUAD ATV,NADWOZIE,540.00
320066443,Przegub zewnętrzny Segway Snarler AT6 A02P13001001 QUAD ATV,NADWOZIE,351.00
320066445,Półoś tylna lewa Segway Snarler AT6  A02P14000001 QUAD ATV,NADWOZIE,702.00
320504761,Amortyzator Tylny Kawasaki Z900 45014056921,Brak danych,490.00
320504798,Amortyzator Tylny Yamaha MT-07 1WS-22210-01,Brak danych,199.00
320504872,Błotnik Tylny Wewnętrzny Kawasaki Z900 350230432,Brak danych,49.00
320505165,Gumy Zbieraka Kawasaki Z900 921610342,Brak danych,79.00
320506565,Mocowanie Kołyska Amortyzatora Kawasaki Z900 391110370 390070410,Brak danych,149.00
320508071,Nadkole Tylne Osłona Łańcucha Kawasaki Z900 350230421,Brak danych,99.00
320508100,Tarcza Hamulcowa Tył Kawasaki Z900 410800089,Brak danych,99.00
320508789,Wahacz Tylny Kawasaki Z900 33001070318R Gabaryt!!!!!!!,Brak danych,220.00
320508840,Zbierak Felgi Tył Kawasaki Z900 420330028,Brak danych,79.00
320508941,Zębatka Koła Kawasaki Z900 420410158,Brak danych,99.00
320509145,Klakson Yamaha MT-07,Brak danych,45.00
320509252,Kołyska Mocowanie Amortyzatora Yamaha MT-07,Brak danych,99.00
320510033,Mocowanie Zbiornika Paliwa Yamaha MT-07,Brak danych,49.00
320511834,Nadkole Tylne Osłona Łańcucha Yamaha MT-07 1WS-21650,Brak danych,129.00
320520873,Stelaż Mocowanie Akumulatora Yamaha MT-07,Brak danych,49.00
320523685,Wahacz Tył Yamaha MT-07 1WS221100100 Gabaryt!!!!,Brak danych,399.00
320525307,Wentylator Prawy Yamaha YZF R1 RN12 SSW9802L,Brak danych,99.00
320550270,"Czujnik zmiany biegów CF MOTO 800 X8, 0800-012200",NADWOZIE,78.30
320554440,Regulator napięcia Linhai 260 300 400 22007 QUAD ATV,NADWOZIE,177.30
320567409,Tarcza hamulcowa tylna Yamaha YFZ450 Raptor 350 5TG-2582W-00-00 MD6236 QUAD,NADWOZIE,114.30
321101437,VESPA Stelaż pod kufer do małych i średnich kufrów Vespa GTS 657081,NADWOZIE,690.00
321231924,Pokrywa zbiorniczka hamulca RJWC Czarna Can-Am Outlander Maverick G2,NADWOZIE,97.00
321231925,Pokrywa zbiorniczka hamulca RJWC Róż Can-Am Outlander Maverick G2,NADWOZIE,97.00
321231926,Pokrywa zbiorniczka hamulca RJWC Turkusowa Can-Am Outlander Maverick G2,NADWOZIE,97.00
321231927,Sprzęgło kompletne RJWC CF Moto CFORCE 500 520 550 QUAD ATV,NADWOZIE,2484.00
321231928,Sprzęgło kompletne RJWC CF Moto CFORCE 800 850 QUAD ATV,NADWOZIE,2484.00
321231929,Rura wydechu spustowa DOWNPIPE Polaris RZR PRO XP 4 1000 RJWC,NADWOZIE,2025.00
321231930,Komputer moduł EFI Can-Am Maverick 900 Outlander 500 570 650 1000 RJWC,NADWOZIE,1782.00
321231931,Końcówka wydechu płaska zaślepka RJWC APX,NADWOZIE,513.00
321231932,Wydech tłumik Slip-On RJWC APX Polaris Scrambler 850 1000 4X4,NADWOZIE,3327.00
321231933,Wydech tłumik Slip-On RJWC Polaris Sportsman 400 450 500 570 700 800,NADWOZIE,3888.00
321231934,Wydech podwójny RJWC APX Can-Am Outlander 500 570 650 850 1000,NADWOZIE,6459.00
321231935,Prowadnica liny wyciągarki NG2 turkus RJWC,NADWOZIE,405.00
321231936,Podstopnie RJWC Can-Am Renegade 570 800 850 1000,NADWOZIE,2862.00
321231939,Drążek dźwignia zmiany biegów turkusowy Krossflow 2.0 RJWC,NADWOZIE,486.00
321231940,Siatka przeciwiskrowa łapacz iskier wydechu RJWC APX,NADWOZIE,151.00
321231941,Podwyższenie kierownicy o 55mm RJWC czarne 22mm/ 26.8mm,NADWOZIE,756.00
321231942,Podwyższenie kierownicy o 55mm RJWC Róż 22mm/ 26.8mm,NADWOZIE,756.00
321231943,Podwyższenie kierownicy o 55mm RJWC turkus 22mm/ 26.8mm,NADWOZIE,756.00
321231944,Wzmocnienie kolumny kierowniczej RJWC Maverick Turbo 900 Outlander 1000 650,NADWOZIE,756.00
321231945,Wzmocnienie kolumny kierowniczej RJWC Maverick Turbo 900 Outlander 1000 650,NADWOZIE,756.00
321231946,Wzmocnienie kolumny kierowniczej RJWC Maverick Turbo 900 Outlander 1000 650,NADWOZIE,756.00
321294467,Amortyzator Tylny Kawasaki ZX9R 2002,Brak danych,149.00
321296635,Gumy Zbierak Zębatki Kawasaki ZX9R 1998-2005,Brak danych,49.00
321298088,Kiwka Kołyska Mocowanie Amortyzatora Kawasaki ZX9R 1998-2005,Brak danych,99.00
321300507,Lampa Tylna Kawasaki ZX9R 1998-2005,Brak danych,49.00
321304077,Moduł EKU Komputer Sterujący Zapłonem Kawasaki ZX9R 21119-1554,Brak danych,990.00
321307074,Pompa Paliwa Kawasaki ZX-9R NINJA 00-02,Brak danych,220.00
321309080,Przedni Przewód Hamulcowy Kawasaki ZX-9R,Brak danych,49.00
321313075,PRZEKAŹNIK CF308A KAWASAKI ZX9R ZX-9R 98-02,Brak danych,59.00
321314751,Tarcza Hamulcowa Tylna Kawasaki ZX9R 1998-2005,Brak danych,39.00
321317865,Tylna Ośka Koła Kawasaki ZX9R 1998-2005,Brak danych,99.00
321320727,Wahacz Tylny Kawasaki ZX9R 2003,Brak danych,199.00
321323598,Zamek Siedzenia Kanapy KAWASAKI ZX9R ZX-9R 98-02,Brak danych,149.00
321324915,Zbierak Zębatki Tył KAWASAKI ZX9R ZX-9R 98-02,Brak danych,99.00
321326096,Zębatka JTR488.41 Z Łańcuchem KAWASAKI ZX9R ZX-9R 98-02,Brak danych,129.00
321327572,Plastik Wypełnienie Kawasaki ZX-6R ZX-9R NINJA 00-02 14091-1271,Brak danych,39.00
321333493,Czujnik Stopu,Brak danych,149.00
321337666,Dolny Wąż Rura Chłodnicy Polaris Sportsman 500 2004-2010 5413676,Brak danych,49.00
321339043,Drążek Kierowniczy Polaris Sportsman 500 HO Oem 5134242 2,Brak danych,139.00
321339957,Obudowa Paska Przekładni CVT Wewnętrzna Polaris Sportsman 500 X2 5436813,Brak danych,179.00
321341077,Schowek Tylny Polaris Sportsman 500 2006/2024 1203104,Brak danych,339.00
321345648,Zacisk Hamulcowy Prawy Przód Polaris Sportsman 500 HO Oem 1911538 4,Brak danych,249.00
321346449,Króciec Polaris Sportsman RZR 800 2205184 5631390,Brak danych,99.00
321346488,Płytka Oporowa Blokada Zębatki Polaris Sportsman RZR 800 5244286,Brak danych,99.00
321346652,Poduszka Silnika Polaris Sportsman RZR 800 5242674 43410,Brak danych,49.00
321346980,Czujnik Temperatury Wody Polaris RZR 800 3085352,Brak danych,99.00
321347022,Króciec ssący gaźnika Polaris RZR 800 3085809,Brak danych,99.00
321347043,Króciec Wodny Obudowa Termostatu  Polaris RZR 800 2205184,Brak danych,69.00
321347128,Panewki Wału Polaris RZR 800 2008-2014,Brak danych,149.00
321347148,Pokrywa Alternatora Magneta Polaris Sportsman RZR 800 5631881,Brak danych,379.00
321347196,Śruby Silnika Polaris Sportsman RZR 800,Brak danych,99.00
321347222,Wirnik Pompy Wody Polaris Sportsman RZR 800 5433684,Brak danych,99.00
321347226,Wlew Płynu Chłodniczego Z Uchwytem i Wężami Polaris RZR 800 5439079,Brak danych,249.00
321347259,Zabezpieczenie Uchwyt Do Kabli Alternatora Polaris RZR 800 5245364,Brak danych,79.00
321348033,Zestaw Naprawczy Pompy Wody Polaris RZR 800 2008-2014 WPK0055,Brak danych,299.00
321348520,Rura Wlotu Powietrza Do Przekładni CVT Polaris RZR 800 5436568 USZKODZONE !!!,Brak danych,39.00
321583574,Górny Wąż Chłodnicy Polaris Sportsman 450 570 5414762,Brak danych,99.00
321585120,Lewa Osłona Chłodnicy Polaris Sportsman 400 450 500 700 800 5434314,Brak danych,99.00
321588823,Obudowa Lampy Centralnej Niebieska Polaris Sportsman 5435364-341 2,Brak danych,349.00
321594490,Przełącznik Podgrzewanego Kciuka Polaris Sportsman K100000168,Brak danych,99.00
321604244,Przełącznik Podgrzewanego Kciuka Polaris Sportsman K100000168,Brak danych,99.00
321605192,Rura Wąż Układu Chłodniczego Polaris Sportsman 400 450 500 04-10 5413675,Brak danych,99.00
321607300,Schowek Polaris Sportsman,Brak danych,199.00
321615281,Zacisk Hamulcowy Lewy Przód Polaris Sportsman 1911540,Brak danych,299.00
321616230,Zacisk Hamulcowy Lewy Przód Polaris Sportsman 1911540,Brak danych,249.00
321616904,Zacisk Hamulcowy Lewy Przód Polaris Sportsman 1911540,Brak danych,279.00
321619964,Lewy Set Pasażera Kawasaki Z900 2019-,Brak danych,249.00
321622316,Oś Wahacza Tył Kawasaki Z900 2019-,Brak danych,99.00
321623526,Osłona Wlotu Powietrza Kawasaki Z900 14093-0919 2019-,Brak danych,99.00
321624415,Przewód Masowy Kawasaki Z900,Brak danych,29.00
321625444,Kable Przewody Wyciągarki Do Quada,Brak danych,49.00
321627324,Mocowanie Baku Yamaha R1 5VY-2,Brak danych,99.00
321628507,Oś Wahacza Tył Yamaha MT07 1UY221411000,Brak danych,169.00
321632969,Podświetlenie Tablicy Rejestracyjnej Do Quada,Brak danych,29.00
321634272,Tarcza Hamulcowa Przednia Yamaha FZ6 Fazer 04-09,Brak danych,199.00
321635588,Wałek Rozrusznika Nożnego Kopki KTM 125 EXC SX Mini 50333050000,Brak danych,199.00
322368259,Felga Aluminiowa Przednia 12x8 4/156 Polaris Sportsman RZR 1521252,Brak danych,350.00
322368359,Felga Aluminiowa Tylna 12x8 ET31 4/156 Polaris Sportsman RZR,Brak danych,300.00
322368824,Felga Przednia 10x6 4/156 Polaris Magnum Trail Boss 1520127,Brak danych,350.00
322369184,Felga Przednia 12x6 Polaris Sportsman 5412660 1523448-067,Brak danych,250.00
322369419,Felga Przednia 12x6.0AT 4/156 Polaris sportsman 1520269-117,Brak danych,250.00
322369462,Felga Tylna 10x8.5AT 4/156 Polaris Magnum Trail Boss 1520183-117,Brak danych,350.00
322369530,Felga Tylna 10x8.5AT Polaris Trail Boss Magnum 1520183-117,Brak danych,300.00
322369564,Felga Tylna 12x8 4/156 Polaris Sportsman 1523450-067,Brak danych,250.00
322369581,Felga Tylna 12x8.0AT Polaris sportsman 1520564-385,Brak danych,250.00
322369599,Felga Przednia 12x6.0 AT Yamaha Grizzly Kodiak 5FU-F5180-01-00,Brak danych,250.00
322369680,Felga Tylna 12x8.0AT Yamaha Grizzly Kodiak 2HR-25390-00-35,Brak danych,200.00
322369788,Felga Przednia 12x6.0AT 4/136 CAN-AM Outlander 705400383,Brak danych,290.00
322369798,Felga Przednia CAN-AM Outlander 12x6.0AT 4/136 705400383,Brak danych,290.00
322369814,Felga Tylna 12x7.5AT 4/136 CAN-AM Outlander,Brak danych,250.00
322369965,Felga Tylna 12x7.5AT 4/136 CAN-AM Outlander 705500686,Brak danych,159.00
322372282,Komplet Felg Beadlock 12'' 4/136 CAN-AM Renegade Outlander G1 G2 800 1000,Brak danych,1999.00
322373248,Felga Przednia 12x7.0 4/110 Kawasaki Brute Force,Brak danych,250.00
322373276,Felga Tylna 10x8.00 AT Kawasaki KVF 41025-1426-379,Brak danych,250.00
322373326,Felga Tylna Kawasaki KVF 10x8.00 AT 41025-1426-379,Brak danych,250.00
322373549,Felga Tylna 10x8.5AT Suzuki KIng Quad 65310-31G60-291,Brak danych,299.00
322374019,Opona ITP HOLESHOT ATRs 25x10-12 75R-0005305,Brak danych,250.00
322374088,Opona ITP HOLESHOT ATRs 25x8-12 75R-0005304,Brak danych,190.00
322376254,Opony Roadguider Atlas AT26x8-14 gabaryt,Brak danych,350.00
322391449,Czujnik położenia przepustnicy TPS Polaris RZR 570,NADWOZIE,219.00
322391522,Dekiel nakładka koła ITP SS312 czarna centralna,NADWOZIE,29.00
322391544,Filtr powietrza Uni Filter NU-3252ST Yamaha YFZ 450,NADWOZIE,192.00
322391981,Gniazdo USB UTV wyświetlacz w kolorze zielonym,NADWOZIE,49.00
322392649,Lusterka czarne z uchwytami na kierownice LU8125 M10,NADWOZIE,51.30
322393362,"Manszeta guma przegubu przód 19-5007 Honda TRX Kawasaki BruteForce, Grizzly",NADWOZIE,42.00
322393798,Manszeta guma przegubu tylna wewnętrzna Polaris Sportsman 1000,NADWOZIE,45.00
322395521,Pokrowiec na quada XXXL czarno srebrny HIT !!!,NADWOZIE,139.00
322395732,Przekaźnik rozrusznika Linhai 260 300 400 500 22004,NADWOZIE,62.00
322396004,Przewód hamulcowy CF MOTO 500 625 9010-080130,NADWOZIE,49.00
322396370,Stacyjka CF MOTO 800 1000 7020-010100-1000,NADWOZIE,156.00
322397727,Trójząb helix Can-Am Outlander Renegade commander 800 1000 G1 G2 420280472,NADWOZIE,319.00
322398141,Wtrysk wtryskiwacz paliwa CF MOTO cforce 450 520 550 0GR0-171000  QUAD ATV,NADWOZIE,255.00
322398146,Zderzak skręcany na linę wyciągarki,NADWOZIE,35.00
322408533,Dźwignia hamulca tył SW-Motech Suzuki GSX-8R GSX-8S,NADWOZIE,636.00
322408534,Dźwignia hamulca tył Sw-Motech Suzuki DL 650 V-Storm,NADWOZIE,636.00
322408535,Dźwignia hamulca tył Sw-Motech BMW R1200 GS,NADWOZIE,727.00
322408536,Dźwignia hamulca tył SW-Motech BMW R1200 GS R1250 GS,NADWOZIE,590.00
322408537,Dźwignia hamulca tył SW-Motech BMW F750 GS F850 GS,NADWOZIE,727.00
322408538,Dźwignia hamulca tył SW-Motech BMW F900 R,NADWOZIE,590.00
322408539,Dźwignia hamulca tył SW-Motech Kawasaki Z900,NADWOZIE,636.00
322408540,Dźwignia hamulca tył Sw-Motech Triumph Tiger 900 GT/ Rally/ Pro,NADWOZIE,636.00
322408541,Dźwignia hamulca tył Sw-Motech KTM Duke 990 ABS,NADWOZIE,590.00
322408542,Dźwignia hamulca tył Sw-Motech Suzuki DL 1000 ABS V-Strom,NADWOZIE,636.00
322408543,Dźwignia hamulca tył Sw-Motech Suzuki GSX-S 1000 ABS,NADWOZIE,545.00
322408544,Dźwignia hamulca tył Sw-Motech Ducati Desert X 950 ABS,NADWOZIE,636.00
322408545,Poszerzenie dźwigni hamulca tył Sw-Motech BMW R 1300 GS ABS,NADWOZIE,454.00
322408546,Dźwignia hamulca tył Sw-Motech Yamaha MT-09,NADWOZIE,636.00
322408547,Dźwignia hamulca tył Sw-Motech BMW R 1300 GS ABS,NADWOZIE,636.00
322475681,Przedłużenie lusterek SW-Motech 40 mm BMW F 750 850 900 1200 1250 S1000,NADWOZIE,273.00
322475682,"Przedłużenie lusterek SW-Motech 40 mm M10x1,25 Honda Kawasaki KTM Triumph",NADWOZIE,273.00
322475683,Przedłużenie lusterek SW-Motech 40 mm Yamaha KTM Ducati,NADWOZIE,273.00
322475684,Przedłużenie lusterek SW-Motech Suzuki GSX R600 R750 R1000 R1300,NADWOZIE,250.00
322475685,Zestaw lusterek na koniec kierownicy SW-Motech Honda CB 750 Hornet,NADWOZIE,953.00
322475687,Zestaw lusterek na koniec kierownicy SW-Motech Kawasaki Z 650/ Z7,NADWOZIE,953.00
322475688,Zestaw lusterek na koniec kierownicy SW-Motech Suzuki GSX-8S 800,NADWOZIE,953.00
322475689,Zestaw lusterek na koniec kierownicy SW-Motech Triumph 660 765 1050 1200,NADWOZIE,953.00
322475690,Zestaw lusterek na koniec kierownicy SW-Motech Yamaha MT-07 MT-09 MT-10,NADWOZIE,953.00
322475691,Zestaw lusterek SW-Motech Sport M10x1.25 152mm Aprilla BMW Ducati Honda,NADWOZIE,1135.00
322475692,Zestaw lusterek SW-Motech Sport M10x1.25 152mm CF Moto Honda KTM Triumph,NADWOZIE,1135.00
322475693,Zestaw lusterek SW-Motech Sport M10x1.25 182mm BMW Ducati Husqvarna Yamaha,NADWOZIE,1135.00
322477679,Handbary osłony dłoni SW-Motech Adventure Yamaha MT-07 MT-09 2016,NADWOZIE,681.00
322477682,Handbary osłony dłoni SW-Motech Adventure Honda CRF 1000 1100 X-ADV 750 D,NADWOZIE,727.00
322477684,Handbary osłony dłoni SW-Motech Adventure BMW F900 R1200 S1000,NADWOZIE,727.00
322477687,Handbary osłony dłoni SW-Motech Adventure Honda CRF 300 L Rally,NADWOZIE,727.00
322477689,Handbary osłony dłoni SW-Motech Adventure Yamaha XT 660 R KTM Adventure 390,NADWOZIE,727.00
322477692,Handbary osłony dłoni SW-Motech Sport BMW R 1250 GS Ducati Scrambler 1100,NADWOZIE,727.00
322477694,Handbary osłony dłoni SW-Motech Sport Triumph Tiger 800/ Explorer,NADWOZIE,727.00
322477696,Handbary osłony dłoni SW-Motech Sport Honda XL 750 ABS Transalp,NADWOZIE,727.00
322477698,Handbary osłony dłoni SW-Motech Sport Suzuki V-STROM 800,NADWOZIE,727.00
322477701,Handbary osłony dłoni SW-Motech Sport Honda CB 500 650 Suzuki DL 1000 1050,NADWOZIE,727.00
322477703,Handbary osłony dłoni SW-Motech Sport BMW F900 R1200 S1000,NADWOZIE,727.00
322477705,Handbary osłony dłoni SW-Motech Sport Honda CRF 1000 1100 X-ADV 750,NADWOZIE,727.00
322477708,Handbary osłony dłoni SW-Motech Sport Yamaha MT-07 ABS,NADWOZIE,727.00
322477710,Handbary osłony dłoni SW-Motech Sport BMW F650 GS R1200 Kawasaki KLZ 1000,NADWOZIE,727.00
322477712,Handbary osłony dłoni SW-Motech Sport Triumph Tiger 1200,NADWOZIE,727.00
322477714,Handbary osłony dłoni SW-Motech Sport KTM Adventure 390 Yamaha XT 600 R,NADWOZIE,727.00
322477717,Handbary osłony dłoni SW-Motech Sport Kawasaki Eliminator 500 ABS,NADWOZIE,727.00
322748216,Mechanizm Pokrętło Biegu Wstecznego Yamaha Raptor 700 660 1S3-26150-10-00,Brak danych,349.00
322757802,Reflektory Lampy Przód Yamaha Raptor 660 5LP-84310-02-00 5LP-84310-12-00,Brak danych,999.00
322766749,Tylny Stelaż Ramy Zadupek Subframe Yamaha Raptor 660 5LP-21190 gabaryt,Brak danych,399.00
322782581,Cewka zapłonowa z fajką odgiętą Yamaha Grizzly 660 QUAD UTV,NADWOZIE,56.00
322784074,Czujnik temperatury cieczy Yamaha 550 QUAD UTV,NADWOZIE,56.00
322786945,Gaźnik kompletny Moose Utility Polaris Magnum 425,NADWOZIE,727.00
322788838,Guma wahacza przedniego tylnego Yamaha grizzly 550 660 700 5KM-23526-10-00 1HP-F3526-00-00,NADWOZIE,27.90
322791439,Końcówka drążka kierowniczego Can-Am Renegade 500,NADWOZIE,65.00
322792699,Końcówka wewnętrzna drążka kierowniczego Polaris Predator 500 7061112 41-1041 LH,NADWOZIE,65.00
322796873,Końcówki drążków kierowniczych Yamaha Grizzly Kodiak 400 450 51-1031,NADWOZIE,94.00
322798126,Łożysko piasty zwrotnicy przy kole KOYO Yamaha Grizzly Kodiak 400 450 660,NADWOZIE,125.00
322799142,Manszeta guma przegubu 19-5011-2 Honda TRX Suzuki KingQuad,NADWOZIE,42.00
322799943,Nakrętka dyferencjału tylnego CF MOTO 500 X5 0180-331003 QUAD ATV,NADWOZIE,52.00
322800702,Osłona uszczelniacza dyferencjału Can-Am Outlander Renegade G1 G2 705501124,NADWOZIE,48.00
322802862,Przekaźnik rozrusznika CF MOTO 9CR6-150310 QUAD ATV,NADWOZIE,76.00
322803830,Przełącznik lewy Linhai 260 300 30114,NADWOZIE,135.00
322804132,Przełącznik zespolony prawy uniwersalny,NADWOZIE,69.00
322807237,"Ślizgi wariatora CF MOTO 500 X5, 0180-051003, CF188-051003 4szt",NADWOZIE,29.00
322807879,Stacyjka Suzuki Kingquad 700 750 new model 37110-31G00 37110-31G01,NADWOZIE,99.90
322808420,Sworzeń kulisty kolumny MacPHERSONA Polaris Sportsman 400 570 700,NADWOZIE,72.00
322809147,Sworzeń kulisty zwrotnicy dolny Yamaha,NADWOZIE,76.00
322811652,Sworzeń kulisty zwrotnicy Polaris RZR 900 1000,NADWOZIE,69.00
322813977,Sworzeń kulisty zwrotnicy Yamaha Grizzly 550 700,NADWOZIE,65.00
322814683,Tuleja stalowa piasty tylnej Yamaha Grizzly,NADWOZIE,18.00
322815607,Uszczelka pod pokrywę sprzęgła Yamaha Grizzly Rhino Viking 700 3B4-15463-00,NADWOZIE,28.00
322816007,Uszczelka prawej pokrywy CVT silnika cfmoto 800 X8 0800-012001 QUAD ATV,NADWOZIE,19.00
322816687,Włacznik rozrusznika CF MOTO CForce 500 9010-150400,NADWOZIE,39.00
322817459,Wspornik lewarka zmiany biegów Can-Am Outlander 707000971 707003054,NADWOZIE,83.00
322817929,Zestaw naprawczy rozrusznika ręcznego szarpaka Polaris 3084822 3084743 QUAD ATV,NADWOZIE,183.00
322818566,Zestaw naprawczy wahacza przedniego górnego Yamaha YFZ450,NADWOZIE,87.00
323006130,Półoś napędowa Moose Offroad tył prawa Can Am Outlander 400 4x4,NADWOZIE,810.00
323006131,Półoś napędowa Moose Offroad przód prawa Can Am Outlander 330 400,NADWOZIE,810.00
323006133,Półoś napędowa Moose Offroad przód lewa Can Am Outlander 1000 500 650 800,NADWOZIE,810.00
323006134,Półoś napędowa Moose Offroad przód prawa Can Am Outlander 1000 500 650 800,NADWOZIE,810.00
323006135,Półoś napędowa Moose Offroad przód prawa Can Am Outlander 450 570,NADWOZIE,810.00
323006136,Półoś napędowa Moose Offroad tył lewa prawa Outlander 1000 500 650 800,NADWOZIE,810.00
323006137,Półoś napędowa Moose Offroad przód prawa Honda TRX 500 520 Fourtrax Foreman,NADWOZIE,810.00
323006139,Półoś napędowa Moose Offroad przód lewa prawa Kawasaki KAF 620 950 Mule,NADWOZIE,810.00
323006140,Półoś napędowa Moose Offroad tył lewa Kymco UXV 500 700,NADWOZIE,810.00
323006142,Półoś napędowa Moose Offroad przód lewa prawa Polaris Sportsman 550 850,NADWOZIE,810.00
323006143,Półoś napędowa Moose Offroad tył lewa prawa Sportsman 400 500 600 700 800,NADWOZIE,810.00
323006144,Półoś napędowa Moose Offroad tył lewa prawa Polaris RZR XP 1000/ XP 4 1000,NADWOZIE,810.00
323006145,Półoś napędowa Moose Offroad tył lewa prawa Polaris RZR XP 1000 TURBO 4X4,NADWOZIE,810.00
323006146,Półoś napędowa Moose Offroad przód lewa prawa Suzuki LT-A 450 500 750,NADWOZIE,810.00
323006147,Półoś napędowa Moose Offroad tył lewa prawa Yamaha YFM 400 450 FA/ FG,NADWOZIE,810.00
323006149,Półoś napędowa Moose Offroad tył lewa Yamaha YFM 660 F 4X4 Grizzly,NADWOZIE,810.00
323207605,Drążek kierowniczy CF Moto cforce 850 1000 9AWA-104100 QUAD ATV,NADWOZIE,135.00
323209820,Gaźnik Suzuki LT 50 JR 50 13200-04432 13200-04430 13200-04420,NADWOZIE,197.00
323212857,Półos tylna lewy CF MOTO 520 625 800 1000 9010-280100-5000 QUAD ATV,NADWOZIE,549.00
323213944,Przekaźnik rozrusznika Yamaha Raptor 660,NADWOZIE,48.00
323214513,"Stator- uzwojenie alternatora CF Moto 500 X5, 0180-032000, CF188-032000 QUAD ATV",NADWOZIE,239.00
323219051,Tłoczek zacisku hamulcowego z uszczelniaczami przód Can-Am Outlander,NADWOZIE,52.00
323234716,Kciuk Gaz Manetk Gazu Suzuki LTZ 400 57100-38F50,Brak danych,399.00
324195678,Bendix rozrusznika KTM 250 300 55140026000,NADWOZIE,198.00
324196594,czujnik temperatury wody Suzuki Kingquad 700 750 13650-10G00,NADWOZIE,59.00
324196914,Kierunkowskaz LED dynamiczny 2 szt czerwono pomarańczowy,NADWOZIE,52.00
324197509,Króciec ssący Yamaha YFM 350 Big Bear Kodiak 3HN-13586-00 3HN-13586-02-00,NADWOZIE,58.00
324198105,Krzyżak wału napędowego CF Moto 600 625 20x56 9060-300120,NADWOZIE,49.00
324198725,Przełącznik zespolony lewy uniwersalny,NADWOZIE,58.00
324198987,Rozrusznik Linhai 500 35336,NADWOZIE,324.00
324199329,Sworzeń wahacza górnego CF Moto 500 600 800 9030-050600,NADWOZIE,97.00
324199365,Termostat Polaris Sportsman 1000 RZR 800,NADWOZIE,142.00
324202833,Błotnik Tylny Lewy Oryginalny CF MOTO 850 1000 2018-2024 9AWA-260013 gabaryt,Brak danych,79.00
324205798,Licznik CF MOTO 450 520 G2 9DQV-170100-3200,Brak danych,899.00
324205973,Zębatka pompy oleju CF MOTO 520 450 550 600 0GR0-070004,Układ paliwowy - CF MOTO,59.00
324206822,Śruba Osłony Bagażnika CFMOTO 2022-2025 9DRV-141014-B001,Brak danych,20.00
324207012,Środkowa Osłona Bagażnika Przód CFMOTO 500 2022-2025 9DRV-141002-B000,Brak danych,199.00
324207296,Siedzenie tylne CF MOTO 800 L 2012-2017 7020-132100,Brak danych,349.00
324207804,Osłony spodu aluminiowe Rival CF Moto CForce 450S 520S 2016-2021 2444.6867.1 gabaryt,Brak danych,1599.00
324207948,Poszerzenia Błotników Oryginalne CFMOTO 400 450 500 520 2023- 9DQV-803100-3000 gabaryt,Brak danych,749.00
324208375,Nadkola poszerzenia błotników CF MOTO 450 520 gabaryt,nadwozie CF MOTO,699.00
324209322,Przedni Zderzak Bumper CF MOTO 450 520 9GQ0-200300 gabaryt,Brak danych,599.00
324209456,Przedni Zderzak Bumper CF MOTO 850 1000 9AWA-800100 gabaryt,Brak danych,859.00
324221675,Crash Pad ZIPSER Yamaha R1 RN12,Brak danych,119.00
324223370,Pompa Paliwa Polaris Sportsman 500 600 700 2002-2011 2520227,Brak danych,139.00
324638155,Zestaw naprawczy wahacza tylnego Suzuki Kingquad LTA 750 50-1075,NADWOZIE,297.90
325269294,Amortyzatory Tylne Honda CX500,Brak danych,249.00
325272400,Dolot Powietrza Z Stelażem Pod Filtr Honda CX500,Brak danych,99.00
325278028,Dźwignia Hamulca Nożnego Honda CX500,Brak danych,100.00
325278037,Dźwignia Zmiany Biegów Honda CX500,Brak danych,99.00
325278041,Kierunkowskazy Z Mocowaniem Honda CX500,Brak danych,179.00
325278414,Kolektor Wydechowy Honda CX500 gabaryt!!!,Brak danych,299.00
325290625,Lampa Do Kufra HONDA,Brak danych,49.00
325290668,Lewa Laga Honda CX500 gabaryt!!!,Brak danych,149.00
325290711,Lewy Set Podnóżek Kierowcy Honda CX500,Brak danych,199.00
325290787,Licznik Zegary Honda CX500,Brak danych,449.00
325290824,Lusterko Lewe Czarne Honda CX500,Brak danych,59.00
325290865,Lusterko Lewe Honda CX500,Brak danych,99.00
325290877,Lusterko Prawe Honda CX500,Brak danych,99.00
325290903,Ośka Koła Przód,Brak danych,159.00
325290933,Owiewka Szyba Przednia Honda CX500 gabaryt!!!,Brak danych,339.00
325290964,Podnóżek Pasażera Honda CX500,Brak danych,29.00
325291014,Prawa Laga Honda CX500 gabaryt,Brak danych,249.00
325291027,Prawy Set Podnóżek Kierowcy Honda CX500,Brak danych,199.00
325291050,Śruba Mocowania Silnika Honda CX500,Brak danych,19.00
325291055,Szyba Owiewka Honda CX500 gabaryt,Brak danych,149.00
325292316,Tylna Lampa Zadupek Honda CX500 80500-415-0000,Brak danych,399.00
325294319,Uchwyt Mocowanie Siedzenia Honda CX500,Brak danych,99.00
325569490,Narzędzie do montażu wirnika skutera wodnego Solas Sea-Doo GS GSI GTI 720,NADWOZIE,47.00
325569491,Narzędzie do montażu wirnika skutera wodnego Solas Sea-Doo GTI GTS 130,NADWOZIE,78.00
325569492,Narzędzie do montażu wirnika skutera wodnego Solas Yamaha GP 1300 R,NADWOZIE,43.00
325569493,Narzędzie do montażu wirnika skutera wodnego Solas Yamaha SJ RA WB WRA 700,NADWOZIE,32.00
325569494,Narzędzie do montażu wirnika skutera wodnego Solas Yamaha RA WVT WRA SJ 700,NADWOZIE,29.00
325569495,Obudowa turbiny skutera wodnego Solas Yamaha RA SJ WB WRA WVT 700,NADWOZIE,1927.00
325569496,Stator stojan turbiny skutera wodnego Solas Yamaha SJ 700 Super Jet,NADWOZIE,3043.00
325569497,Stożek nosek uszczelniacz wirnika Solas SLA012 Sea-Doo GTX RTX Wake 215,NADWOZIE,122.00
325569498,Tuleja turbiny wodnej skutera wodnego Solas Sea-Doo Spark 900 ACE,NADWOZIE,848.00
325569499,Tuleja wirnika turbiny skutera wodnego Solas Sea-Doo RXP RXT GTX Wake 215,NADWOZIE,861.00
325569500,Turbina pompa wodna skutera wodnego Solas Kawasaki JT 1500 SX-R Jet Ski,NADWOZIE,6112.00
325569501,Śruba wirnik turbiny skutera wodnego Concord Solas Kawasaki JT 1500 Jet Ski,NADWOZIE,1716.00
325569502,Śruba wirnik turbiny skutera wodnego Concord Solas Kawasaki JT 1500 LX,NADWOZIE,1716.00
325569503,Śruba wirnik turbiny skutera wodnego Concord Solas Kawasaki JT 1500 SX-R,NADWOZIE,1469.00
325569504,Śruba wirnik turbiny skutera wodnego Concord Solas Sea-Doo GSX GTX RX 951,NADWOZIE,1558.00
325569505,Śruba wirnik turbiny skutera wodnego Concord Solas Sea-Doo GTI GTX 155,NADWOZIE,1730.00
325569506,Śruba wirnik turbiny skutera wodnego Concord Solas Sea-Doo GTI 90 HO ACE,NADWOZIE,1688.00
325569508,Śruba wirnik turbiny skutera wodnego Concord Solas Sea-Doo GTR GTX 215,NADWOZIE,1773.00
325569509,Śruba wirnik turbiny skutera wodnego Concord Solas Sea-Doo GTR GTX WAKE 215,NADWOZIE,1632.00
325569510,Śruba wirnik turbiny skutera wodnego Concord Solas Sea-Doo GTR GTX 230 300,NADWOZIE,2366.00
325569511,Śruba wirnik turbiny skutera wodnego Concord Solas Sea-Doo GTX155 GTX 4-TEC,NADWOZIE,1553.00
325569512,Śruba wirnik turbiny skutera wodnego Concord Solas Sea-Doo GTX 215 Wake 215,NADWOZIE,1818.00
325569513,Śruba wirnik turbiny skutera wodnego Concord Solas Sea-Doo GTX 4-TEC RXP155,NADWOZIE,1730.00
325569515,Śruba wirnik turbiny skutera wodnego Concord Solas Sea-Doo Spark 900 ACE,NADWOZIE,1730.00
325569517,Śruba wirnik turbiny skutera wodnego Concord Solas Sea-Doo Wake 215 GTX 215,NADWOZIE,1818.00
325569518,Śruba wirnik turbiny skutera wodnego Concord Solas Yamaha FX VX 1800 Wave,NADWOZIE,1751.00
325569519,Śruba wirnik turbiny skutera wodnego Concord Solas Yamaha FX 1800 Wave,NADWOZIE,1967.00
325569520,Śruba wirnik turbiny skutera wodnego Concord Solas Yamaha GP 800 R XA 800,NADWOZIE,1623.00
325569521,Śruba wirnik turbiny skutera wodnego Concord Solas Yamaha RA WB WRA WVT 700,NADWOZIE,1583.00
325569522,Śruba wirnik turbiny skutera wodnego Concord Solas Yamaha SV 1200 XA 800,NADWOZIE,1623.00
325569523,Śruba wirnik turbiny skutera wodnego Concord Solas Yamaha VX 1100 Wave,NADWOZIE,1696.00
325569524,Śruba wirnik turbiny skutera wodnego DynaFly Solas Solas Yamaha GP 1300 R,NADWOZIE,1696.00
325569525,Śruba wirnik turbiny skutera wodnego DynaFly Solas Yamaha FX 1800 Wave,NADWOZIE,1696.00
325569526,Śruba wirnik turbiny skutera wodnego X-Prop Solas Sea-Doo GS720 SPX 650 780,NADWOZIE,1558.00
325569527,Wlot wody skutera wodnego Solas Sea-Doo GTI 720 XP RX 951,NADWOZIE,747.00
325569528,Wlot wody skutera wodnego Solas Sea-Doo GTX 951 GS 720 GTX 780 RFI,NADWOZIE,747.00
325569529,Wlot wody skutera wodnego Solas Yamaha FX 1000 1100 Wave Runner FX,NADWOZIE,729.00
325569530,Wlot wody skutera wodnego Solas Yamaha SJ 700 Super Jet WB 700 Wave Blaster,NADWOZIE,729.00
326048434,Zacisk Hamulcowy Lewy Przód Honda CX500,Brak danych,199.00
326094242,Chłodnica Yamaha Raptor 660,UKŁAD CHŁODZENIA,596.00
326095413,Pompa paliwa podciśnieniowa Moose Utility Polaris Ranger RZR 170 2X4,NADWOZIE,149.00
326100838,Zacisk Hamulcowy Prawy Przód Honda CX500,Brak danych,199.00
326110510,Przegub wewnetrzny przedni lewy cfmoto 500 600 9010-270130-1000,NADWOZIE,312.30
326110781,Przełącznik zespolony lewy Yamaha YFZ450 Raptor Grizzly 125 4KB-83973-21-00,NADWOZIE,309.00
326111156,Rozrusznik Briggs Stratton 16-18 HP 12V 5742N,NADWOZIE,162.00
326117493,"Uszczelniacz wariatora CF MOTO 500 X5, 0180-053005 QUAD ATV",NADWOZIE,28.00
326621686,Przednia rama ochronna zderzak bumper STORM CF Moto X850 X1000 G3,NADWOZIE,1136.00
326622206,Zderzak tylny bumper STORM CF Moto X850 X1000 G3,NADWOZIE,1284.00
326622956,Przednia rama ochronna zderzak bumper CF Moto X850 X1000 G3,NADWOZIE,1182.00
326623100,Zderzak tylny bumper CF Moto X850 X1000 G3,NADWOZIE,1080.00
326623111,Przednia rama ochronna zderzak bumper RIVAL CF Moto X850 X1000 G3,NADWOZIE,1489.00
326623262,Zderzak tylny bumper RIVAL CF Moto X850 X1000 G3,NADWOZIE,1489.00
326623788,Zderzak tylny bumper RIVAL CF Moto X450 X520 G2,NADWOZIE,1182.00
326624465,Przednia rama ochronna zderzak bumper RIVAL CF Moto X450 X520 G2,NADWOZIE,1203.00
326632182,Zderzak tylny bumper CF Moto X625 X625A,NADWOZIE,1080.00
326632392,Przednia rama ochronna zderzak bumper CF Moto X625 X625A,NADWOZIE,1120.00
326633159,Przednia rama ochronna zderzak bumper CF Moto X625 X625A,NADWOZIE,1065.00
326862620,Zderzak tylny bumper CF Moto X625 X625A,NADWOZIE,1024.00
326863773,Przednia rama ochronna zderzak bumper RIVAL CF Moto X625 X625A,NADWOZIE,1324.00
326864602,Zderzak tylny bumper RIVAL CF Moto X625 X625A,NADWOZIE,1265.00
326874787,Osłona progu nerf bar CF Moto UTV 1000 XL,NADWOZIE,875.00
326880121,Osłona progu nerf bar RIVAL CF Moto UTV 1000,NADWOZIE,1060.00
326882776,Rama ochronna crash bar przód + boki RIVAL CF Moto UTV 1000,NADWOZIE,2719.00
326886330,Przednia rama ochronna zderzak bumper RIVAL CF Moto UTV 1000,NADWOZIE,2105.00
326889191,Zderzak tylny bumper CF Moto UTV 1000,NADWOZIE,921.00
326890484,Rama ochronna boczna i tylna bumper nerf bars CF Moto UTV 1000 5HY0-802000,NADWOZIE,1387.00
326893944,Przednia rama ochronna zderzak bumper CF Moto UTV 1000,NADWOZIE,1690.00
326894641,Przednia rama ochronna zderzak bumper z bagażnikiem RIVAL CF Moto UTV 1000,NADWOZIE,2719.00
326898926,Zderzak tylny bumper RIVAL CF Moto UTV 1000,NADWOZIE,1024.00
326900612,Zderzak tylny bumper CF Moto Z950 Sport / XL,NADWOZIE,936.00
326903985,Osłony boczne CF Moto Z950 Sport XL,NADWOZIE,2103.00
326908556,Osłony boczne CF Moto Z950 Sport,NADWOZIE,997.00
326909969,Przednia rama ochronna zderzak bumper CF Moto Z950 Sport,NADWOZIE,1059.00
326929499,Poszerzenia nadkoli błotników CF Moto X450 X520 G2 QUAD ATV,NADWOZIE,729.00
326929919,Poszerzenia nadkoli błotników STORM CF Moto X450 X520 G2 QUAD ATV,NADWOZIE,805.00
326930129,Poszerzenia nadkoli błotników STORM CF Moto X850 X1000 G3 QUAD ATV,NADWOZIE,936.00
326931273,Osłony podwozia z aluminium RIVAL CF Moto X450 X520 G2 (wersja krótka),NADWOZIE,2309.00
326931389,Osłony podwozia plastik CF Moto X450 X520 G2 (wersja krótka),NADWOZIE,2223.00
326931498,Osłony podwozia plastik CF Moto X450 X520 G2 (wersja długa),NADWOZIE,2323.00
327130886,Osłony podwozia plastik CF Moto X850 X1000 G3 QUAD ATV,NADWOZIE,2197.00
327134837,Osłony podwozia z aluminium RIVAL CF Moto X850 X1000 G3 QUAD ATV,NADWOZIE,2900.00
327135220,Osłony podwozia plastik RIVAL CF Moto X850 X1000 G3 QUAD ATV,NADWOZIE,2814.00
327135257,Osłony podwozia z aluminium STORM CF Moto X850 X1000 G3 QUAD ATV,NADWOZIE,2955.00
327135604,Tylny kufer TESSERACT X6R 90L CF MOTO 625 QUAD ATV,Kufry Bagaże Pokrowce,1639.00
327136135,Osłony podwozia z aluminium CF Moto X625 (2023+) wersja krótka,NADWOZIE,2096.00
327138263,Dach / Kufer Dachowy TESSERACT CF MOTO Z1000 Sport,Kufry Bagaże Pokrowce,2039.00
327140146,Osłony podwozia z aluminium CF Moto X625 (2023+) wersja długa,NADWOZIE,2403.00
327140916,Osłona podwozia z aluminium RIVAL CF Moto X625‑A (2023+) wersja długa,NADWOZIE,2712.00
327144060,Osłony wahaczy przednich aluminiowe RIVAL (para) CF Moto X625 QUAD ATV,NADWOZIE,418.00
327144273,Kufer Przedni TESSERACT X4F 50L CFMOTO 450 G2 Pod Stelaż Stalowy QUAD ATV,Kufry Bagaże Pokrowce,1069.00
327145711,Osłony wahaczy tył plastikowe RIVAL (para) CF Moto X625 QUAD ATV,NADWOZIE,449.00
327145979,Osłony wahaczy przednich plastikowe RIVAL (para) CF Moto X625 QUAD ATV,NADWOZIE,449.00
327146051,Osłony wahaczy przednich i tylnych plastikowe CF Moto Z950 Sport (XL) QUAD,NADWOZIE,865.00
327146057,Tylny Kufer TESSERACT X4R 110L CFMOTO 450 Gen.2 Pod Stelaż Stalowy QUAD ATV,Kufry Bagaże Pokrowce,1299.00
327399171,Osłony podwozia centralne plastik CF Moto Z950 Sport XL,NADWOZIE,3325.00
327399268,Osłony podwozia centralne plastik CF Moto Z950 Sport,NADWOZIE,2300.00
327399637,Osłony podwozia z aluminium CF Moto UTV 1000,NADWOZIE,3413.00
328476328,"Czujnik Temperatury CF MOTO 500 X5, 0010-022600 QUAD ATV",NADWOZIE,41.00
328478308,Klocki hamulcowe Suzuki LTZ 400 Yamaha Raptor Grizzly 660 FA84RX DB2070,NADWOZIE,58.00
328480174,Osłony amortyzatorów skarpety FOX Can-Am Outlander 800 1000 QUAD ATV,NADWOZIE,153.00
328481641,Pokrywa klapka tylnego schowka 9AWV-043013-2E00,nadwozie CF MOTO,89.00
328483855,Przekaźnik rozrusznika Yamaha Big Bear Kodiak Breze Warrior 4KD-81940-00-00,NADWOZIE,48.00
328484717,Wirnik pompy wody CF MOTO cforce 800 0800-0800A0 QUAD ATV,NADWOZIE,65.00
328486251,Uszczelniacz pompy wody cfmoto 500 800 0010-081000 QUAD ATV,NADWOZIE,37.00
328488288,Opona NARUBB 120/70-12 S1301 51L TL #E4,NADWOZIE,135.90
328488887,Przełącznik zespolony lewy uniwersalny,NADWOZIE,94.00
328490501,Termostat Polaris Polaris Sportsman 600 700 800 7052352,NADWOZIE,139.00
328491249,Uszczelka pod głowice Suzuki Kingquad 700 11141-31G00 zamiennik,NADWOZIE,67.00
328491695,Zderzak Bumper Tylny CF MOTO 850 1000 2021-2022 9AWA-144000-50000,Brak danych,299.00
328493117,Tuleja wahacza długa CF MOTO 9060-050002,Brak danych,39.00
328494728,Tylny Plastik Bagażnika CF MOTO 850 1000 2021- OEM 9AWA-043014,Brak danych,79.00
328496644,Wentylator wiatrak chłodnicy CF MOTO 450 520 550 600 625 OEM 9010-180200-3000 ORGINALNY,Brak danych,549.00
328497747,Wentylator chłodnicy CF Moto Cforce 500 800 1000 OEM 7020-181400 ORGINALNY,Brak danych,790.00
328499553,Wahacz Przedni Prawy Polaris Sportsman 570 2021- 1025237-067,Brak danych,1099.00
328500936,OBUDOWA LICZNIKA ZIELONA OEM POLARIS SPORTSMAN 570 2020- 5457092-498,Brak danych,499.00
328501850,Podświetlenie Tablicy Rejestracyjnej CF MOTO OEM 9CR6-161400-10000,Brak danych,99.00
328507850,Osłony podwozia z aluminium RIVAL CF Moto UTV 1000,NADWOZIE,4356.00
328596900,Mocowanie tank ring PRO SW-MOTECH Honda CB 500 600 1000 1300,NADWOZIE,137.00
328596939,Mocowanie tank ring ION SW-MOTECH Honda CB 500 600 900 1000,NADWOZIE,69.00
328612256,Kufer przedni Tesseract X10 G3 CF Moto Gladiator X850 X1000 G3 QUAD ATV,NADWOZIE,1270.00
328612822,Kufer przedni CF Moto 55 Gladiator X850 X1000 G3 QUAD ATV,NADWOZIE,1215.00
328624636,Kufer przedni Tesseract X5F CF Moto Gladiator X520 G2 QUAD ATV,NADWOZIE,1090.00
328625085,Kufer przedni Tesseract X6F CF Moto Gladiator X625 X625A QUAD ATV,NADWOZIE,1110.00
328625699,Tylny kufer CFMOTO 110 Premium Gladiator X450 X520 G2 i X850 X1000 G3 QUAD,NADWOZIE,1665.00
328625960,Tylny kufer CFMOTO 100 CF Moto Gladiator X450 X520 G2 i X850 X1000 G3 QUAD,NADWOZIE,1450.00
328626192,Tylny kufer Tesseract X8 CARGO CF Moto X850 X1000 G3 QUAD ATV,NADWOZIE,1650.00
328626458,Tylny kufer Tesseract X8 G3 CF Moto Gladiator X850 X1000 G3 QUAD ATV,NADWOZIE,1480.00
328626491,Tylny kufer Tesseract X5R CF Moto X520 G2 i X850 X1000 G3 QUAD ATV,NADWOZIE,1645.00
328626649,Tylny kufer CFMOTO 90 CF Moto Gladiator X625 QUAD ATV,NADWOZIE,1645.00
328626722,Tylny kufer CFMOTO 90 z logo CF Moto Gladiator X625 QUAD ATV,NADWOZIE,1645.00
328814868,Tylny kufer skrzynia ładunkowa CF Moto UTV 1000 / U10 PRO,NADWOZIE,2855.00
328816537,Tylny kufer 100L CF Moto Z950 Sport,NADWOZIE,1940.00
328971256,Stelaż bagażnika przód / tył CF Moto X850 X1000 G3 QUAD ATV,NADWOZIE,560.00
328971291,Przedni kosz plastikowy CF Moto X850 X1000 G3 i X450 X520 G2 QUAD ATV,NADWOZIE,703.00
328972519,Stelaż bagażnika przód CF Moto X450 G2 QUAD ATV,NADWOZIE,439.00
328974358,Stelaż bagażnika tył CF Moto X450 G2 QUAD ATV,NADWOZIE,417.00
328976785,Przedni kosz plastikowy CF Moto X625 X625A QUAD ATV,NADWOZIE,722.00
328977195,Bagażnik dachowy CF Moto UTV 1000 / XL / U10 PRO,NADWOZIE,1840.00
328977294,Uniwersalny uchwyt szczękowy CF MOTO FlexGrip ATV-TEK (zestaw 2 sztuk),NADWOZIE,590.00
328977580,Szybkozłączka CF MOTO UTV SSV (1 sztuka),NADWOZIE,89.00
328977603,"Szybkozłączka CF Connect (2 sztuki) X520 G2, X625, X850 X1000 G2 i G3 QUAD",NADWOZIE,220.00
328982864,Zestaw 2 kanistrów z uchwytami TESSERACT do CF MOTO Z1000 Sport / Sport R,NADWOZIE,925.00
328983636,Kanister 10L TESSERACT Can Am BRP Outlander 1000 570 QUAD ATV,NADWOZIE,279.00
328991782,System audio Stage 1 CF Moto Gladiator Z950 Sport i Z950 Sport XL,NADWOZIE,6540.00
328993522,Głośniki tylne CFMOTO Stage 2 CF Moto Gladiator Z950 Sport i Z950 Sport XL,NADWOZIE,2345.00
329111953,Zwrotnica Polaris Magnum 330 5131039,Brak danych,299.00
329116119,Dźwignia Zmiany Biegów Kompletna Polaris Sportsman 500 HO Oem 5335437 1015598-067 (2),Brak danych,349.00
329117933,Osłona Wahacza Lewy Przód Polaris Sportsman 500,Brak danych,229.00
329119239,Osłona Wahacza Prawy Przód Polaris Sportsman 500,Brak danych,229.00
329119947,Czujnik Położenia wału Sportsman Ranger RZR OEM 2410720,Brak danych,149.00
329120062,Półoś Przednia Polaris 400 500 800 OEM 1332881 (1),Brak danych,249.00
329120997,Półoś Przednia Polaris 400 500 800 OEM 1332881 (2),Brak danych,319.00
329121000,Kabel akumulatora Polaris RZR OEM:4013869,Brak danych,49.00
329121729,Przełącznik Polaris RANGER RZR OEM:4011501,Brak danych,99.00
329122197,Półoś Przednia Polaris 400 500 800 OEM 1332881 (3),Brak danych,349.00
329122589,Przełącznik świateł przednich  Polaris RZR Ranger 800 700 500 OEM:4011500,Brak danych,99.00
329124823,Półoś Przednia Polaris 400 500 800 OEM 1332881 (4),Brak danych,359.00
329126793,Półoś Przednia Polaris 400 500 800 OEM 1332881 (6),Brak danych,199.00
329127389,Półoś Przednia Polaris 400 500 800 OEM 1332881 (5),Brak danych,299.00
329127446,Przepustnica Polaris RZR Ranger Sportsman OEM:2204189,Brak danych,649.00
329127838,Półoś Tylna Polaris 400 500 800 OEM 1332935 (1),Brak danych,349.00
329129123,Pompa Paliwa Polaris Sportsman 570 2521742,Brak danych,599.00
329129476,Siedzenie Kanapa Polaris Sportsman 500 2684133 (1)  gabryt!!!,Brak danych,679.00
329129866,Uchwyt rampy listwy LED CF Moto X450 520 G2 QUAD ATV,NADWOZIE,99.00
329129872,Przewód zapłonowy Polaris Sportsman RZR Ranger OEM:4012439,Brak danych,129.00
329129982,Siedzenie Kanapa Polaris Sportsman 500 2684133 (2) gabaryt!!!!,Brak danych,499.00
329130236,Przekaźnik wyciągarki Polaris Sportsman RZR OEM:4015095,Brak danych,249.00
329130406,Siedzenie Kanapa Polaris Sportsman 500 2684133 (3) gabaryt!!!,Brak danych,599.00
329130717,Zwrotnica tył Polaris Sportsman 500  OEM:5135563,Brak danych,249.00
329130856,Siedzenie Kanapa Polaris Sportsman 500 2684133 (4) gabaryt!!!,Brak danych,599.00
329131293,Listwa rampa LED bar CF MOTO Gladiator X625 X625A QUAD ATV,NADWOZIE,575.00
329131691,Stelaż Mocowanie Podłogi Polaris Sportsman 570 gabaryt!!!,Brak danych,249.00
329132055,Tarcza Hamulcowa Przednia Polaris Sportsman 400 570 800 5244314 (1),Brak danych,119.00
329132939,Tarcza Hamulcowa Przednia Polaris Sportsman 400 570 800 5244314 (2),Brak danych,119.00
329133628,Osłona przedniego wahacza prawy tył Polaris Sportsman 500 HO Oem 5435009,Brak danych,99.00
329133996,Tylna Belka Stabilizator Polaris Sportsman 500 1541802 (1),Brak danych,349.00
329134914,Wahacz Tylny Górny Prawy Polaris Sportsman 500 HO Oem 1014321-067 (1),Brak danych,249.00
329137288,Siedzenie Kanapa Polaris Sportsman Magnum 325 425 500 2682441 00-03 (1) gabaryt!!!!,Brak danych,659.00
329139852,Tylna Belka Stabilizator Polaris Sportsman 570 1542848 !!!STANDARD!!!,Brak danych,399.00
329141591,Tylna Tarcza Hamulcowa Polaris Sportsman 400 570 800 5252766 (1),Brak danych,119.00
329142542,Wahacz Tył Prawy Dół Polaris Sportsman 500 Oem 1015889 (1),Brak danych,399.00
329143664,Wahacz tył prawy dół Polaris Sportsman 500 Oem 1015889 (2),Brak danych,359.00
329144471,Wał Napędowy Polaris Sportsman 500 1332620 (1),Brak danych,599.00
329147396,Wał Napędowy Polaris Sportsman 500 1332620 (2),Brak danych,599.00
329147398,Amortyzator przód Polaris Sportsman 570 OEM:7041762 (1),Brak danych,399.00
329147413,Wał Napędowy Polaris Sportsman 500 1332620 (3),Brak danych,599.00
329147417,Amortyzator przód Polaris Sportsman 570 Oem 7041762 (2),Brak danych,399.00
329147433,Wał Napędowy Polaris Sportsman 500 1332620 (4),Brak danych,599.00
329147451,Amortyzator przód Polaris Sportsman 570 Oem 7041762 (3),Brak danych,399.00
329147503,Zbironik Paliwa Kompletny Polaris Sportsman 500 HO Oem 2520556 (3),Brak danych,399.00
329147521,Zbironik Paliwa Kompletny Polaris Sportsman 570 HO Oem 5450117 (1) !!!STANDARD!!!,Brak danych,399.00
329147571,Zwrotnica Przednia Lewa Polaris Sporsman 500 HO Oem 1822825 (2),Brak danych,299.00
329147757,Zwrotnica Przednia Prawa Polaris Sporsman 500 HO Oem 1822826 (2),Brak danych,299.00
329148065,Amortyzator przód Polaris Sportsman 570 Oem 7041762 (4),Brak danych,399.00
329148120,Cewka zapłonowa Polaris Sportsman RANGER RZR 4010425 (2),Brak danych,299.00
329148169,Przełącznik świateł awaryjnych  Polaris Sportsman OEM:3916-01 (1),Brak danych,129.00
329254035,Amortyzator tylny Can-Am Outlander 400 706000248 706000391,NADWOZIE,399.00
329255390,Klocki hamulcowe Linhai 260 300 400 22111 QUAD ATV,NADWOZIE,25.00
329274508,Końcówka drążka Linhai 260 300 20503 model A,NADWOZIE,42.00
329275878,Końcówka drążka Linhai 260 300 20507 model B,NADWOZIE,42.00
329276724,Wtryskiwacz wtrysk paliwa Yamaha Raptor 700 5VK-13761-00-00,NADWOZIE,256.50
329296738,Torba z uchwytem CF MOTO 300 CL‑X lewa strona,NADWOZIE,675.00
329297373,Torba z uchwytem CF MOTO 300 CL‑X prawa strona,NADWOZIE,675.00
329297456,"Zestaw aluminiowych sakw kufrów CF MOTO 450MT, 700MT, 800MT, 800MT‑X",NADWOZIE,5425.00
329297598,"Zestaw aluminiowych sakw kufrów CF MOTO 450MT, 700MT, 800MT, 800MT‑X",NADWOZIE,5628.00
329297664,Torby materiałowe CF MOTO 450MT Enduro 28,NADWOZIE,949.00
329298935,Skórzane torby boczne zestaw CF MOTO 450 CL‑C Bobber,NADWOZIE,1225.00
329300140,Mocowania kufrów tylne boczne CF MOTO 450MT,NADWOZIE,740.00
329300382,Płyty montażowe do toreb materiałowych Enduro 28 i Enduro 40 CF MOTO 450MT,NADWOZIE,1015.00
329310394,Torby materiałowe CF MOTO 450MT Enduro 40,NADWOZIE,2449.00
329311952,Mocowania uchwyty na kufry boczne i torby CF MOTO 800MT‑X,NADWOZIE,610.00
329318714,Mocowania uchwyty na torby boczne CF MOTO 450 CL C,NADWOZIE,205.00
329319179,Zestaw sakw CF MOTO 700 CL‑X Adventure,NADWOZIE,1229.00
329320629,"Lusterko składane lewe CF MOTO modele MT, CL, NK",NADWOZIE,189.00
329320715,"Lusterko składane prawe CF MOTO modele MT, CL, NK",NADWOZIE,189.00
329687387,Felga aluminiowa XATV 9x8 4/110 3+5 tylna 4mm kolor czarny,NADWOZIE,349.00
329687501,"Lusterka wsteczne UTV komplet lewe i prawe z mocowaniem 2""",NADWOZIE,135.00
329739018,Króciec ssący Yamaha Warrior 350 1UY-13586-02-00,NADWOZIE,57.00
329740062,Czujnik temperatury cieczy Polaris Sportsman 800 700 RZR 900 800 570,NADWOZIE,52.00
329761215,Dekompresor CF Moto cforce 520 0GR0-024200-10000,NADWOZIE,63.00
329761669,Zestaw naprawczy gaźnika Yamaha Warrior 350 YFM350X 1988-2004,NADWOZIE,69.00
329762207,Końcówki drążka kierowniczego CF Moto Suzuki Yamaha 51-1028-XATV,NADWOZIE,90.00
329763141,Sworzeń kulisty górny Can-Am Outlander Renegade 500 650 706202044 42-1043-X,NADWOZIE,63.00
329763896,Tłoczek uszczelniacze zacisku przedniego Polaris Sportsman XP przód,NADWOZIE,52.00
329770806,"Ślizgi Wariatora CF Moto 500 X5, 0180-051003-0003 4 szt",NADWOZIE,32.00
329771464,Końcówka wewnętrzna drążka kierowniczego Yamaha Raptor 700 YFZ450 SUZUKI LTR450 LTZ400 Kawasaki KFX450 CFMoto 500 41-1046-CM,NADWOZIE,63.00
329898627,Pokrywa Puszki Filtra Powietrza Polaris Sportsman 500 HO Oem 5432868,Brak danych,180.00
329898685,Drążek Kierowniczy Polaris Sportsman 570 HO Oem 5134242,Brak danych,149.00
329898884,Ramie Uchwyt Stabilizatora Polaris Sportsman 570 1543119-067,Brak danych,99.00
329899188,Ramie Uchwyt Stabilizatora Polaris Sportsman 570 1543119-067,Brak danych,99.00
329899695,Zwrotnica McPerson Prawy Przód Polaris Sportsman 570 1822826,Brak danych,399.00
329902318,Zwrotnica Prawy Tył Polaris Sportsman 570 5135563,Brak danych,290.00
329902470,Kolanko Kolektora Wydechowego Polaris Sportsman 500 1262217,Brak danych,79.00
329902573,Wahacz Tylny Górny Prawy Polaris Sportsman 570 1017748-067,Brak danych,299.00
329902761,Wahacz Tylny Górny Lewy Polaris Sportsman 570 1017747-067,Brak danych,269.00
329904170,Wahacz Tylny Dolny Lewy Polaris Sportsman 570 1015888,Brak danych,299.00
329905289,Wahacz Tylny Dolny Prawy Polaris Sportsman 570 1015889,Brak danych,249.00
329906933,Wahacz Tylny Dolny Lewy Polaris Sportsman 570 1015888,Brak danych,259.00
329910065,Wahacz Tylny Dolny Lewy Z Osłoną Polaris Sportsman 570 1015888,Brak danych,329.00
329910852,Wahacz Tylny Dolny Lewy Z Zwrotnicą Polaris Sportsman 570 1015888 5135563,Brak danych,499.00
329911774,Wahacz Tylny Dolny Prawy Z Zwrotnicą Polaris Sportsman 570 1015889 5135563,Brak danych,499.00
329913415,Osłona Wahacza Lewy Tył Polaris Sportsman 570 5435008,Brak danych,99.00
329918284,Osłona Wahacza Lewy Tył Polaris Sportsman 570 5435008,Brak danych,99.00
329918950,Tylny Zacisk Hamulcowy Polaris Sportsman 500 1910690,Brak danych,199.00
329920643,Przedni Zacisk Hamulcowy Polaris RZR 800 1911529,Brak danych,199.00
329954225,Przednia Tarcza Hamulcowa Polaris RZR 800 570 08-17 5250068,Brak danych,99.00
329955934,Przednia Tarcza Hamulcowa Polaris RZR 800 570 08-17 5250068,Brak danych,99.00
329983061,Lewy Tylny Zacisk Hamulcowy Polaris RZR 800 Sportsman 500 700 800 1911544,Brak danych,199.00
329992772,Zwrotnica Prawy Tył Polaris Sportsman 570 5135563,Brak danych,239.00
330061822,Wahacz Tylny Dolny Lewy Polaris RZR 800 08-14 1018207,Brak danych,349.00
330063954,Wahacz Tylny Dolny Prawy Polaris RZR 800 08-14 1018208,Brak danych,349.00
330070824,Kompletna Zwrotnica Piasta Tylna Polaris RZR 800 Oem 5135563 5143629 5248250,Brak danych,449.00
330071502,Tylna Piasta Koła Polaris RZR 800 5631781 5143629,Brak danych,299.00
330072053,Tylna Piasta Koła Polaris RZR 800 5631781 5143629,Brak danych,299.00
330074142,Tylna Piasta Koła Polaris RZR 800 5631781 5143629,Brak danych,249.00
330074411,Tylna Piasta Koła Polaris RZR 800 5631781 5143629,Brak danych,299.00
330074942,Tylna Piasta Koła Polaris RZR 800 5631781 5143629,Brak danych,299.00
330076730,Wydech Środkowy Polaris RZR 800 1261672-489,Brak danych,299.00
330076779,Osłona Termiczna Wydechu Środkowego Polaris RZR 800 5250077,Brak danych,129.00
330076900,Rura Układu Chłodzenia Polaris RZR 800 1240544 (GABARYT),Brak danych,199.00
330076967,Rura Układu Chłodzenia Polaris RZR 800 1240544 (GABARYT) (USZKODZONE),Brak danych,99.00
330077007,Trójnik Z Wężami Do Układu Chłodzenia Polaris RZR 800 5414203 7052373 5414202,Brak danych,99.00
330077082,Wąż Dolny Od Chłodnicy Polaris RZR 800 5414204,Brak danych,69.00
330562680,Naklejki ochronne na zbiornik CF Moto 450 MT,NADWOZIE,235.00
330566247,Osłona chłodnicy CF Moto 450 MT,NADWOZIE,305.00
330568276,Gmol crash bar osłona silnika CF Moto 450 CL‑C,NADWOZIE,330.00
330574612,Osłony boczne silnika CF Moto 450 MT,NADWOZIE,190.00
330577503,Gmole dolne osłony czarne CF Moto 450 MT,NADWOZIE,420.00
330582155,Gmole dolne osłony szare CF Moto 450 MT,NADWOZIE,420.00
330582532,Gmole górne osłony czarne CF Moto 450 MT,NADWOZIE,565.00
330584635,Gmole górne osłony szare CF Moto 450 MT,NADWOZIE,565.00
330584829,Osłona chłodnicy CF Moto 450 CL‑C,NADWOZIE,245.00
330587820,Osłona silnika czarna CF Moto 450 MT,NADWOZIE,920.00
330589269,Osłona silnika srebrna CF Moto 450 MT,NADWOZIE,920.00
330597655,Poszerzenie stopki bocznej czarne CF Moto 450 MT,NADWOZIE,150.00
330601143,Poszerzenie stopki bocznej srebrne CF Moto 450 MT,NADWOZIE,150.00
330601757,Osłona zacisku hamulca przedniego CF Moto 450 MT,NADWOZIE,110.00
330605114,Osłona zbiorniczka płynu hamulcowego tylnego CF Moto 450 MT,NADWOZIE,110.00
330612324,Osłona silnika CF Moto 450 CL‑C,NADWOZIE,265.00
330612982,Osłona reflektora CF Moto 450 CL‑C,NADWOZIE,265.00
330613274,Pokrowiec ochronny na motocykl CF Moto 450 SR,NADWOZIE,149.00
330613666,Crash Pad slider osłona tylnej osi CF Moto 675 SR/ NK,NADWOZIE,155.00
330613911,Crash Pad slider osłona przedniej osi CF Moto 675 SR/ NK,NADWOZIE,155.00
330614471,Osłona dźwigni sprzęgła CF Moto 675 SR,NADWOZIE,210.00
330614616,Osłona dźwigni hamulca przedniego CF Moto 675 SR,NADWOZIE,210.00
330614648,Jarzmo wału napędowego przedniego Polaris Sportsman 850 1000 3235182,NADWOZIE,282.00
330614698,Stacyjka Yamaha Grizzly 450,NADWOZIE,63.00
330614731,Osłony boczne silnika CF Moto 675 SR/ NK,NADWOZIE,205.00
330614757,Puszka Obudowa Filtra Powietrza Air Box Polaris RZR 800 5436733,Brak danych,499.00
330614797,Naklejki ochronne na zbiornik CF Moto 675 SR/ NK,NADWOZIE,125.00
330615492,Puszka Obudowa Filtra Powietrza Air Box Polaris RZR 800 5436733,Brak danych,399.00
330615962,Osłony boczne silnika CF Moto 700 MT Adventure,NADWOZIE,205.00
330616662,Tylna Tarcza Hamulcowa Polaris RZR 800 5248250,Brak danych,99.00
330617235,Nakrętka DoMocowania Pompy Paliwa Polaris RZR 800,Brak danych,69.00
330617257,Plastikowa Osłona Wahacza Tylnego Polaris RZR 800 5438639-070,Brak danych,49.00
330617267,Plastikowa Osłona Wahacza Tylnego Polaris RZR 800 5438639-070,Brak danych,49.00
330617279,Tylna Półoś Polaris RZR 800 1332884,Brak danych,399.00
330617331,Mocowanie Drążka Stabilizatora Przód Polaris RZR 800 5135395,Brak danych,99.00
330617359,Gmol crash bar osłona ramy srebrny CF Moto 700 MT Adventure,NADWOZIE,675.00
330617365,Poduszka Silnika Polaris Sportsman 500 5241453,Brak danych,79.00
330617429,Gmol crash bar osłona ramy czarny CF Moto 700 MT Adventure,NADWOZIE,675.00
330620642,Złącze Rozdzielacz Przewodów Hamulcowych Polaris Sportsman 500 7052103,Brak danych,99.00
330753156,Gmol crash bar osłona ramy CF Moto 800 MT‑X,NADWOZIE,589.00
330755142,Gmol górny crash bar osłona ramy CF Moto 800 MT‑X,NADWOZIE,675.00
330758951,Osłona silnika i zbiornika CF Moto 800 MT‑X,NADWOZIE,1820.00
330759965,Osłona dźwigni CF Moto 300 SR,NADWOZIE,225.00
330760206,Przedłużenie tylnego błotnika CF Moto 300 NK,NADWOZIE,90.00
330760449,Naklejka ochronna na zbiornik CF Moto 450 SR,NADWOZIE,60.00
330760542,Prowadnica łańcucha CF Moto 450 MT,NADWOZIE,195.00
330760596,Osłona dźwigni sprzęgła CF Moto 450 SR,NADWOZIE,175.00
330760683,Poduszka Silnika Z Mocowaniem Górnym Polaris RZR 800 1332450 1015673,Brak danych,149.00
330760690,Osłona dźwigni hamulca przedniego CF Moto 450 SR,NADWOZIE,175.00
330760729,Stopka centralna CF Moto 450 MT,NADWOZIE,720.00
330761289,Cewka zapłonowa Polaris Sportsman RANGER RZR 4010425,Brak danych,339.00
330761368,Klakson Sygnał Dźwiękowy Polaris RZR 800,Brak danych,49.00
330761542,Przewód Zapłonowy Polaris Sportsman RZR Ranger 4012439,Brak danych,139.00
330761660,Przewód Zapłonowy Z Fajką NGK Polaris Sportsman RZR Ranger 4012439,Brak danych,159.00
330761749,Regulator Napięcia Polaris Sportsman 500 800 RZR 800 4012384,Brak danych,299.00
330762247,Pokrowiec ochronny na motocykl CF Moto 800 MT,NADWOZIE,205.00
330762317,Handbar osłona dłoni prawa CF Moto 650 MT,NADWOZIE,125.00
330762804,Handbar osłona dłoni lewa CF Moto 650 MT,NADWOZIE,125.00
330762822,Aluminiowy korek zbiornika płynu hamulcowego CF Moto 675 SR/ NK,NADWOZIE,95.00
330786873,Regulator Napięcia Polaris Sportsman 500 800 RZR 800 4012384,Brak danych,299.00
330791601,Tylna Tarcza Hamulcowa Polaris Sportsman 400 570 800 5252766,Brak danych,99.00
330796270,Gniazdo Zapalniczki Polaris RZR 800 4010638,Brak danych,39.00
330797317,Tylna Tarcza Hamulcowa Polaris Sportsman 400 570 800 5252766,Brak danych,0.00
330878487,Wzmocnienie Czołowe Stelaż Chłodnicy CF Moto 450 520 9GQ003300010000  gabaryt!!!,Brak danych,490.00
330878716,Mocowania Haka CF Moto Oem 402040110000002 9GQS401200,Brak danych,249.00
330878809,Koła Goldspeed Bead lock 4-110/115 18X10-8 4-144/156 20x6-10 gabaryt!!!,Brak danych,2590.00
330879855,Króciec Gaźnika Can Am Outlander 400 Oem 420267386,Brak danych,149.00
330879928,Wahacz Dolny Lewy Przód Polaris Predator 500 Oem 1013799385,Brak danych,399.00
330880200,Wahacz Dolny Prawy Przedni Polaris Predator 500 Oem 1013801385,Brak danych,390.00
330881139,Osłona Wahacza Tylnego Suzuki LTR 450,Brak danych,349.00
330885181,Felga Przednia Suzuki LTR 400 10x5.5AT Oem 5531007G10,Brak danych,399.00
330887289,Amortyzator Tylny Suzuki LTZ 400 Oem 6210007G20,Brak danych,899.00
330888453,Amortyzatory Przednie Suzuki LTZ 400 Oem 5210007G3228W,Brak danych,1399.00
330890082,Sterownik Moduł ECU Suzuki LTZ 400 2003-2004 3290007G00,Brak danych,599.00
330893246,Sterownik Moduł ECU Suzuki LTZ 400 Oem 3290007G10,Brak danych,649.00
330895460,Zacisk Hamulcowy Tylny Yamaha Raptor 350 660 Oem 5YT2580W0000,Brak danych,649.00
330897882,Sterownik Moduł ECU Yamaha Raptor 350 Oem 5YT855400000,Brak danych,590.00
330899376,Wydech Końcowy Tłumik Yamaha Raptor 350 Oem 5YT147100000,Brak danych,690.00
330902373,Puszka Obudowa Filtra Powietrza Air Box Yamaha Raptor 700 Oem 1S3144110000 1S3144120100,Brak danych,599.00
330908777,Amortyzatory Przednie Yamaha Raptor 700 Oem 1S323350D200,Brak danych,1690.00
330910310,Osłona Przedniej Tarczy Hamulcowej Yamaha Raptor 700 Oem 5TG2514A0000,Brak danych,99.00
330913651,Siedzenie Kanapa Yamaha Raptor 700 Oem 1S3247102200,Brak danych,799.00
330915048,Zacisk Hamulcowy Przedni Lewy Yamaha Raptor 700 Oem 1S32580T0100,Brak danych,590.00
330917737,Zacisk Hamulcowy Przedni Prawy Yamaha Raptor 700 Oem 1S32580U0100,Brak danych,590.00
330918928,Zacisk Hamulcowy Tylny Yamaha Raptor 700 Oem 1S32580V1200,Brak danych,799.00
330920093,Zwrotnica Przednia Lewa Yamaha Raptor 700 Oem 1S3235010100,Brak danych,890.00
330921172,Zwrotnica Przednia Prawa Yamaha Raptor 700 Oem 1S3235020100,Brak danych,790.00
331340869,Jarzmo Tylnego Zacisku Hamulcowego Yamaha Raptor 700 OEM 1S3257210100,Brak danych,299.00
331340950,Ośka Wahacza Tylnego Yamaha Raptor 700 Oem 1S3221410000,Brak danych,159.00
331341024,Piasta Tylnej Osi Yamaha Raptor 700 Oem 1S3253110100,Brak danych,590.00
331341056,Piasta Tylnej Tarczy Hamulcowej Yamaha Raptor 700 Oem 1S3257120000,Brak danych,199.00
331341202,Rurka Dystansująca Łożyska Tylnej Piasty Yamaha Raptor 700 Oem 1S3253170100,Brak danych,159.00
331341377,Śruby Zębatki Tylnej Yamaha Raptor 700 Oem 901091001300,Brak danych,129.00
331341495,Wahacz Tylny Yamaha Raptor 700 Oem 1S3221100000,Brak danych,799.00
331368035,Sprzęgło Can Am Outlander 400 Oem 420280245,Brak danych,990.00
331370625,Wariator Can Am Outlander 400 Oem 420280310,Brak danych,1949.00
331378793,Wahacz Tylny Górny Prawy Polaris Sportsman 570 HO Oem 1014321-067,Brak danych,349.00
331382317,Jarzmo Przedniego Wału Napędowego Polaris Sportsman 500 3260121,Brak danych,149.00
331387398,Jarzmo Przedniego Wału Napędowego Polaris Sportsman 500 3260121,Brak danych,199.00
331389287,Piasta Koła Tylnego Polaris Sportsman 570 5143629,Brak danych,249.00
331389868,Piasta Koła Tylnego Polaris Sportsman 570 5143629,Brak danych,249.00
331390089,Zwrotnica McPerson Prawy Przód Polaris Sportsman 570 1822826,Brak danych,349.00
331391107,Zwrotnica McPerson Prawy Przód Polaris Sportsman 570 1822826,Brak danych,349.00
331391121,Zwrotnica McPerson Przednia Lewa Polaris Sporsman 570 HO Oem 1822825,Brak danych,399.00
331391279,Zwrotnica McPerson Przednia Lewa Polaris Sporsman 570 HO Oem 1822825,Brak danych,349.00
331466113,Amortyzator Tył Yamaha Raptor 660 Oem 5LP222103200,Brak danych,690.00
331466423,Kiwaka Kołyska Amortyzatora Tył Yamaha 660 5LP2217F1000,Brak danych,349.00
331678983,Czujnik temperatury cfmoto 500 X5 018B-022810 QUAD ATV,NADWOZIE,47.00
331734413,Bagażnik Przód Przedni CFMOTO 450 520 9GQ0-141000,Brak danych,549.00
331735551,Bagażnik Tył Tylny CFMOTO 450 520 9GQL-142000-30000,Brak danych,619.00
331758267,Uszczelniacz dyferencjału tylnego Yamaha Grizzly 660,NADWOZIE,17.00
331918652,Zawór wydechowy cfmoto 500 X5 0180-022005 CF188-022005,NADWOZIE,37.00
331918838,Sworzeń kulisty zwrotnicy dolny Can-Am Outlander 706200444 42-1040 41-3048,NADWOZIE,63.00
331918843,Pierścienie tłokowe Linhai 260 22506,NADWOZIE,55.00
331918861,Stacyjka CF MOTO 500 HO CF500AU-6L 9CR6-010100 QUAD ATV,NADWOZIE,99.90
331918918,Zbiornik Kompletny  Paliwa Polaris RZR 800 S 2520914,Brak danych,899.00
331918938,Wahacz Przedni Górny Lewy Polaris RZR 800 1018203,Brak danych,329.00
331919083,Wahacz Przedni Górny Prawy Polaris RZR 800 1018204,Brak danych,329.00
331919241,Wahacz Przedni Górny Lewy Polaris RZR 800 1018203,Brak danych,299.00
331919269,Wahacz Przedni Górny Prawy Polaris RZR 800 1018204,Brak danych,299.00
331920948,Wahacz Tylny Górny Polaris RZR 800 1018187,Brak danych,229.00
331921835,Wahacz Tylny Górny Polaris RZR 800 1018187,Brak danych,249.00
331922027,Wahacz Tylny Górny Polaris RZR 800 1018187,Brak danych,249.00
331922061,Wahacz Tylny Dolny Lewy Polaris RZR 800 1018207,Brak danych,349.00
331922094,Stabilizator Tylni Polaris RZR 800 1015480 5253676,Brak danych,499.00
331922177,Pompa Paliwa Polaris RKM 800 Dragon Turbo IQ Skuter Śnieżny 2520613,Brak danych,999.00
331922294,Pompa Paliwa Polaris Sportsman 500 700 800 2520539,Brak danych,549.00
332066270,Drążek Kierowniczy Polaris RZR 800,Brak danych,199.00
332066388,Kierownica MOMO Do polaris RZR 800,Brak danych,249.00
332066440,Gałka Zmiany Biegów Polaris RZR 800 3233198 5413299,Brak danych,129.00
332066759,Gałka Zmiany Biegów Polaris RZR 800 3233198 5413299,Brak danych,129.00
332066780,Łącznik Stabilizatora Tył Polaris RZR 800 1542304,Brak danych,149.00
332066983,Łącznik Stabilizatora Tył Polaris RZR 800 1542304,Brak danych,149.00
332123348,Poszerzenie Nadkola Przednie Lewe Polaris RZR 800 5436602 5438207,Brak danych,249.00
332123387,Poszerzenie Nadkola Przednie Lewe Polaris RZR 800 5436602 5438207,Brak danych,249.00
332123402,Poszerzenie Nadkola Przednie Prawe Polaris RZR 800 5436603 5438208,Brak danych,249.00
332123491,Lewy Tylny Błotnik Polaris RZR 800 5436626 5438211,Brak danych,249.00
332123612,Bagnet Oleju Z Obudową Polaris RZR 800 1203338 1204369 1202881,Brak danych,199.00
332124282,Wąż Powrotu Płynu Chłodzącego Z Chłodnicy Oleju Polaris RZR 800 5412786,Brak danych,119.00
332124494,Prawa Siatka Okna Polaris RZR 800,Brak danych,299.00
332124540,Lewa Siatka Okna Polaris RZR 800,Brak danych,299.00
332129509,Obudowa Łożyska Nośnego Lewy Przód Polaris RZR 800 5135442,Brak danych,299.00
332130944,Obudowa Łożyska Nośnego Prawy Przód Polaris RZR 800 5135443,Brak danych,299.00
332133829,Przewód paliwowy Polaris RZR 800,Brak danych,99.00
332137940,Sprężyna Amortyzatora Przód Polaris Sportsman 570 7043247,Brak danych,249.00
332138092,Drążek Kierowniczy Polaris Sportsman 570 1822851,Brak danych,139.00
332138113,Półoś Tylna Polaris Sportsman 570 1332935,Brak danych,279.00
332138155,Tarcza Hamulcowa Przód Polaris Spotsman 400 500 570 800 5244314,Brak danych,129.00
332139088,Chłodnica Oleju Polaris RKM Dragon 800 Turbo 1240580,Brak danych,699.00
332140020,Air Box Dolot Powietrza Polaris RKM Dragon 800 Turbo 5435592 5435653,Brak danych,499.00
332140391,Lampa Tylna Polaris RKM Dragon 800 Turbo 2432034,Brak danych,299.00
332140647,Drążek Kierowniczy Polaris RKM Dragon 800 Turbo 1822907,Brak danych,199.00
332140869,Przewód Paliwowy Polaris RKM Dragon 800 Turbo,Brak danych,199.00
332140980,Dźwignia Hamulca Pompa Polaris RKM Dragon 800 Turbo 2203055 2203061 2202791,Brak danych,499.00
332666085,Osłona Kierownicy Pompa Polaris RKM Dragon 800 Turbo 5430000,Brak danych,299.00
332666133,Osłona Termiczna Heat Shield Polaris RKM Dragon 800 Turbo 5250214,Brak danych,199.00
332666208,Osłona Termiczna Heat Shield Alternatora Polaris RKM Dragon 800 Turbo 5250865,Brak danych,99.00
332666399,Osłona Wydechu Polaris RKM Dragon 800 Turbo,Brak danych,199.00
332667860,Schowek Prawy Polaris RKM Dragon 800 Turbo 5435944,Brak danych,199.00
332670695,Osłona Chłodnicy Polaris RKM Dragon 800 Turbo 5437344,Brak danych,249.00
332673507,Obudowa Zegarów Polaris RKM Dragon 800 Turbo 5435789-070,Brak danych,349.00
332676020,Sprzęgło Polaris RKM Dragon 800 Turbo 1322948,Brak danych,1599.00
332737283,Wahacz Lewy Przedni Polaris RKM Dragon 800 Turbo 1823487 2203023,Brak danych,799.00
332741703,Amortyzator Przedni Polaris RKM Dragon 800 Turbo 7043446,Brak danych,499.00
332759975,Poszerzenie stopki bocznej CF Moto 700 CL‑X,NADWOZIE,85.00
332765860,Kolumna Kierownicza Polaris RKM Dragon 800 Turbo,Brak danych,299.00
332776523,Osłona chłodnicy CF Moto 700 CL‑X,NADWOZIE,325.00
332781001,Osłona łańcucha CF Moto 700 CL‑X,NADWOZIE,430.00
333014683,Bagażnik Polaris Sportsman 570 2635059-070 !!!GABARYT!!!,Brak danych,999.00
333015939,Kompletna Chłodnica Smart Fortwo 98-03,Brak danych,199.00
333016128,Osłona Plaski Zderzaka Przód Polaris Sportsman 570 5456797 !!!GABARYT!!!,Brak danych,499.00
333016277,Lampa Centralna Przód Polaris Sportsman 570 2413427,Brak danych,499.00
333016391,Osłona Plastik Silnika Lewa Strona Polaris Sportsman 570 5454437-070,Brak danych,399.00
333016566,Osłona Chłodnicy Polaris Sportsman 570 5453258,Brak danych,299.00
333016633,Osłona Termiczna Wydechu Polaris Sportsman 570 5267108 !!!STANDARD!!!,Brak danych,199.00
333016716,Osłona Termiczna Wydechu Polaris Sportsman 570 5269956 !!!STANDARD!!!,Brak danych,299.00
333016837,Panel Boczny Owiewka Prawa Polaris Sportsman 570 2636441 !!!GABARYT!!!,Brak danych,449.00
333016960,Panel Boczny Owiewka Lewa Polaris Sportsman 570 5450521 !!!GABARYT!!!,Brak danych,449.00
333017397,Rura Dolot Powietrza Snorkel Do Sprzęgła Polaris Sportsman 570 5450546,Brak danych,249.00
333017612,Rura Dolot Powietrza Snorkel Do Sprzęgła Polaris Sportsman 570 5451155,Brak danych,349.00
333017867,Tłumik Wydech Końcowy Polaris Sportsman 570 1263139 1263784 !!!STANDARD!!!,Brak danych,649.00
333032004,Wydech Środkowy Polaris Sportsman 570 1263475 !!!GABARYT!!!,Brak danych,449.00
333032297,Zderzak Przód Polaris Sportsman 570 5456798 !!!GABARYT!!!,Brak danych,899.00
333032675,Osłona Termiczna Airboxa Puszki Filtra Powietrza Polaris Sportsman 570 5268861 !!!STANDARD!!!,Brak danych,399.00
333032876,Kierownica Polaris Sportsman 570 5342966 !!!STANDARD!!!,Brak danych,399.00
333033056,Tylna Część Ramy Polaris Sportsman 570 1026731,Brak danych,399.00
333033208,Tylna Część Ramy Polaris Sportsman 570 1026866,Brak danych,399.00
333033766,Siedzenia Kanapa Honda CX 500,Brak danych,499.00
333442537,Uchwyt na piłę łańcuchową QuadKit QUAD ATV,NADWOZIE,599.00
333448400,Uniwersalny uchwyt do konsoli z nakrętką QuadKit QUAD ATV UTV,NADWOZIE,29.00
333452796,Szybkozłączka do plastikowego bagażnika CF Moto QUADKIT (1 szt.)  QUAD ATV,NADWOZIE,29.00
333456248,Apteczka pierwszej pomocy dla motocyklistów QuadKit CFMOTO,NADWOZIE,39.00
333471785,Siekiera z etui QuadKit z logo CF Moto,NADWOZIE,259.00
333476858,Składana łopatka terenowa QuadKit z logo CF MOTO,NADWOZIE,119.00
333480614,Stojak na motocykle QuadKit Roller,NADWOZIE,219.00
333489042,Stojak transportowy do motocykli QuadKit,NADWOZIE,410.00
333489172,Stojak na tylne koło motocykla QuadKit,NADWOZIE,299.00
333489253,"Uchwyty ""Y"" QuadKit do tylnego koła motocykla",NADWOZIE,52.00
333489472,"Uchwyty w kształcie litery ""L"" QuadKit do stojaka na tylne koło motocykla",NADWOZIE,52.00
333492049,Stopka centralna CF Moto 800 MT Sport,NADWOZIE,1025.00
333492492,Poszerzenie stopki bocznej CF Moto 800MT 700MT,NADWOZIE,145.00
333492940,Przedłużenie przedniego błotnika CF Moto 800 MT,NADWOZIE,125.00
333493136,Gmol crash bar osłona ramy czarny CF Moto 800 MT,NADWOZIE,759.00
333493383,Osłony zacisków hamulcowych przednich CF Moto 800 MT,NADWOZIE,125.00
333493489,Pokrywa zbiornika płynu hamulcowego tylnego CF Moto 800 MT,NADWOZIE,110.00
333493696,Pokrywa zbiornika płynu hamulcowego przedniego CF Moto 800 MT,NADWOZIE,125.00
333548271,Zestaw naklejek ochronnych na zbiornik CF Moto 800 MT,NADWOZIE,259.00
333548604,Osłona chłodnicy czarna CF Moto 800 MT,NADWOZIE,385.00
333550331,Osłona chłodnicy srebrna CF Moto 800 MT,NADWOZIE,385.00
333550380,Osłony świateł CF Moto 800 MT,NADWOZIE,175.00
333558427,Osłona ochronna reflektorów metalowa czarna CF Moto 800 MT,NADWOZIE,399.00
333565240,Osłona ochronna reflektorów metalowa srebrna CF Moto 800 MT,NADWOZIE,399.00
333565305,Stopka centralna CF Moto 800 MT‑X,NADWOZIE,739.00
333566654,Dźwignia hamulca czarna CF MOTO 300 SR NK (2024+),NADWOZIE,259.00
333567099,Dźwignia sprzęgła czarna CF MOTO 300 SR NK (2024+),NADWOZIE,259.00
333570775,Lusterka wsteczne CF Moto 300 700 CL‑X,NADWOZIE,469.00
333571587,Podwyższone siedzenie CF Moto 300 NK,NADWOZIE,209.00
333573348,"Złącze USB CF Moto 450NK, 450SR, 700MT, 800NK",NADWOZIE,135.00
333868543,Składana dźwignia sprzęgła CF Moto 450 SR NK,NADWOZIE,289.00
333870795,Składana dźwignia hamulca CF Moto 450 SR NK,NADWOZIE,289.00
333872171,Oparcie pasażera CF Moto 450 CL‑C,NADWOZIE,329.00
333872524,Podwyższone siedzenie CF Moto 450 MT,NADWOZIE,580.00
333872676,Podgrzewane manetki CF Moto 450 MT,NADWOZIE,550.00
333872942,Rękawy izolacyjne przed zimnem CFMOTO,NADWOZIE,385.00
333881495,"Wyciągarka CFMOTO 2,7 ton",NADWOZIE,2030.00
333881767,Bezprzewodowe sterowanie wyciągarką CF Moto UTV/ SSV U/ Z,NADWOZIE,589.00
333883403,Odbojnik poduszka ogranicznik liny wyciągarki CF Moto,NADWOZIE,95.00
333887779,Syntetyczna lina wyciągarki CF Moto,NADWOZIE,189.00
333889681,"Rozrusznik Linhai 500, 520, 550, 600, 70250",NADWOZIE,470.00
333889792,Gniazdo wału tylnego CF MOTO 450 520 625 Q520-331006,NADWOZIE,194.00
333890154,Pas do drzewa do wyciągarki Premium WARN,NADWOZIE,446.00
333890272,Hak wyciągarki WARN,NADWOZIE,324.00
333890274,Krzyżak wału napędowego Can-Am przód tył,NADWOZIE,57.00
333890488,Dystanse przód Yamaha Raptor 700,NADWOZIE,369.00
333891556,Podkładka uszczelka króćca gaźnika Linhai 260 300 23204,NADWOZIE,16.99
333898817,Wahacz przedni dolny prawy Yamaha Raptor 700 YFZ 450 1PE-F3580-60-00 5TG-23508-00-00,NADWOZIE,355.00
333898925,Lusterka składane z kierunkowskazami Can-am Maverick X3,NADWOZIE,427.00
333899150,Amortyzator tylny Polaris Sportsman 500 570 800 7043100 QUAD UTV,NADWOZIE,479.00
333899669,Amortyzator przedni Polaris Sportsman 400 500 700 7041761 7041374 QUAD ATV,NADWOZIE,449.00
333899814,Amortyzator tylny Polaris Sportsman 450 500 570 800 7043100 QUAD UTV,NADWOZIE,409.00
333938300,Króciec ssący Polaris RZR 1204714 1205302 QUAD ATV,NADWOZIE,79.00
333938301,Lampy tylne Can-Am Maverick X3 R RR 710004744 710004743 QUAD ATV,NADWOZIE,470.00
333938302,Pompa hamulcowa Polaris Sportsman Scrambler Magnum 2010196 2010238 QUAD ATV,NADWOZIE,134.00
333938303,Pompa paliwa kompletna Can-Am Maverick 709000836 709001056,NADWOZIE,579.00
333938304,Pompa paliwa kompletna Polaris Sportsman 500 800 2204308 47-1014 QUAD ATV,NADWOZIE,695.00
333938305,Regulator napięcia Can-Am Outlander Renegade 500 650 800 G2 710010540,NADWOZIE,296.00
333938306,Tarcza hamulcowa Polaris General RZR XP 1000 5257196,NADWOZIE,157.00
333938309,Zawór turbodoładowania Can-Am Maverick X3,NADWOZIE,1113.00
333938310,Wał napędowy tylny Can-Am Commander 800 1000 703500854 L406 20/20 QUAD ATV,NADWOZIE,579.00
333938311,Czujnik hamulca Polaris Sportsman 570 4015069 QUAD ATV,NADWOZIE,180.00
333938312,Uszczelka pokrywy alternatora Yamaha Grizzly 700 3B4-15451-00 QUAD ATV,NADWOZIE,29.00
333938313,Przełącznik zespolony Grizzly 450 550 700 5KM-83976-20 5KM-83976-23-00,NADWOZIE,231.00
333938315,Wał napędowy tylny Can-Am Outlander 570 650 703500925 703500986 QUAD ATV,NADWOZIE,691.00
333938317,Wał napędowy tylny Can-Am Outlander Max 570 703500926 703500987 QUAD ATV,NADWOZIE,579.00
333938318,Maglownica Can-Am Maverick X3 709402021,NADWOZIE,1317.00
333938319,Zwrotnica przednia lewa Can-Am 705401290 705403307,NADWOZIE,626.00
333938320,"Rolki wariatora CF Moto 500 800 X5, 0180-051100-0003 8 sztuk QUAD ATV",NADWOZIE,139.00
333938321,Zwrotnica przednia prawa Can-Am Outlander  570 650 1000 705401291 705403308,NADWOZIE,626.00
333938322,Czujnik hamulca Polaris 4014262 4081117,NADWOZIE,141.00
333938323,Fajka świecy zapłonowej Yamaha Grizzly 660 3YF-82370-00,NADWOZIE,56.00
333938325,Pompa paliwa kompletna Polaris Sportsman 550 850 2204401,NADWOZIE,463.00
333938326,Przekaźnik rozrusznika Can-Am outlander renegade 400 500 800 1000 710007777,NADWOZIE,53.00
333938329,Wał napędowy tylny Can-Am 705501258 703500991,NADWOZIE,644.00
333938330,Półoś napędowa Polaris Sportsman 450 570 tylna  1333275 1337130,NADWOZIE,579.00
333938331,Aktuator Yamaha Grizzly 700 3B4-4616A-00,NADWOZIE,475.00
333938332,Amortyzator przedni Polaris Sportsman 500  7041761,NADWOZIE,405.00
333938333,Amortyzator przedni Polaris Sportsman 550 850 7043464,NADWOZIE,405.00
333938338,Filtr powietrza Yamaha YFZ 450 450R 5TG-14451-00-00,NADWOZIE,69.00
333938347,Łozysko piasty koła tylnego Polaris Sportsman Ranger 400 500 570 1000 3514917,NADWOZIE,127.00
333938348,Ślizgi wariatora CF Moto cforce 450 520 550 850 0GR0-051005 0JYA-051001,NADWOZIE,215.00
333938349,Ślizgi wariatora odważniki CF Moto cforce 450 520 550 850 0GR0-051005 0JYA-051001,NADWOZIE,285.00
333938351,Półoś tylna lewa Can-Am 705502701,NADWOZIE,545.00
333938352,Pompa hamulcowa Polaris 1911699 1911982,NADWOZIE,255.00
333938355,Schowek kuferek Can-Am outlander 570 650 850 1000 708200408,NADWOZIE,452.00
333938362,Uszczelka wydechu Yamaha Raptor 660 700 5LP-14714-00-00,NADWOZIE,87.00
333938363,Wał Korbowy Can-Am outlander renegade Commander Maverick 1000 420219735 420219736,NADWOZIE,2366.00
333938364,Wał napędowy przedni Yamaha Grizzly 660 5KM-46173-10-00,NADWOZIE,684.00
333939608,Bagnet Oleju Kawasaki KFX 700 16115-0001,Brak danych,89.00
333951345,Łożyska kół przednich Yamaha Rhino 450 660 700 YFM 350 400 450 25-1108-H,NADWOZIE,72.00
333957997,Blok Silnika Kartery Kawasaki KFX 700 14001-0044 14001-5432,Brak danych,1990.00
333958780,Czujnik Ciśnienia Oleju Kawasaki KFX 700 27010-1313,Brak danych,99.00
333960532,Łańcuch Rozrządu Z Zaślepką Wałka Balansującego Kawasaki KFX 700 92057-0187 11065-1151,Brak danych,199.00
333963656,Mechanizm Zmiany Biegów Kawasaki KFX 700 14041-1136,Brak danych,299.00
333964807,Metalowa Osłona Sprzęgła Paska Napędowego Kawasaki KFX 700 14091-1571,Brak danych,99.00
333966173,Wał Napędowy Kawasaki KFX 700 13107-1516,Brak danych,599.00
333967591,Obudowa Bagnetu Oleju Dekiel Kawasaki KFX 700 14091-1543,Brak danych,129.00
333969551,Wybierak Wodzik Skrzyni Biegów Kawasaki KFX 700 49047-1104,Brak danych,199.00
333974001,Przewody Olejowe Kawasaki KFX 700 39193-1052 39193-0592 39193-1054,Brak danych,299.00
333974939,Ślizgi Z Napinaczem Kawasaki KFX 700 12053-1443 12053-1442 12053-1444 12048-1177,Brak danych,249.00
333976703,Śruby Pompy Oleju Kawasaki KFX 700 92151-1781,Brak danych,99.00
333977312,Tłok Z Pierścieniami Kawasaki KFX 700 13001-1658 13002-1060 13008-1215 13025-0005,Brak danych,199.00
333978261,Wałek Tryb Pośredni Wałka Balansującego Kawasaki KFX 700 13107-0029,Brak danych,199.00
333979526,Wał Korbowy Kawasaki KFX 700 13031-0079 13251-1143,Brak danych,990.00
333981535,Wałek Skrzyni Biegów Kawasaki KFX 700 92200-1351 13107-1436 13262-1052 13262-0015 92026-1630,Brak danych,249.00
333982951,Wałek Atakujący Tył Kawasaki KFX 700 13127-0053,Brak danych,599.00
333983864,Wałek Skrzyni Biegów Kawasaki KFX 700 13107-0754,Brak danych,199.00
333984745,Czujnik Luzu Kawasaki KFX 700 13151-1080,Brak danych,129.00
333985566,Komplet Śrub Silnika Kawasaki KFX 700,Brak danych,149.00
333987233,Przekładnia Stożkowa Kawasaki KFX 700 41046-1102,Brak danych,499.00
333990263,Osłona Termiczna Wdechu Polaris Sportsman 500 5252161,Brak danych,149.00
333990781,Osłona Termiczna Wdechu Polaris Sportsman 500 5252161,Brak danych,149.00
333990877,Tylna Piasta Polaris Sportsman 500 5131649,Brak danych,299.00
333991076,Tylna Piasta Polaris Sportsman 500 5131649,Brak danych,299.00
333991175,Rura Wydechowa Polaris Sportsman 500 1261898 1261688,Brak danych,299.00
333991447,Rura Wydechowa Polaris Sportsman 500 1261898 5250184,Brak danych,299.00
333991630,Tłumik Wydech Końcowy Polaris Sportsman 500 1261996,Brak danych,499.00
334114434,Sprzęgło Rozrusznika Bendix Kawasaki KVF 400 16085-1238,Brak danych,499.00
334114647,Blok Silnika Karter Kawasaki KVF 400 14001-1245,Brak danych,2690.00
334114834,Tryb Zębatka Przesówka Skrzyni Biegów Kawasaki KVF 400 13139-1084,Brak danych,229.00
334116976,Szarpak Zbierak Starter Kawasaki KVF 400 49080-1056,Brak danych,199.00
334117701,Łańcuszek Rozrządu Kawasaki KVF 400 92057-1256,Brak danych,99.00
334118272,Osłona Silnika Obudowa Sprzęgła Kawasaki KVF 400 49015-1056,Brak danych,599.00
334118744,Pokrywa Pompy Wody Kawasaki KVF 400 16142-1137 39062-1741,Brak danych,99.00
334119101,Ślizgi Łańcucha Rozrządu Kawasaki KVF 400 12053-1423 12053-1424,Brak danych,149.00
334119315,Przekładnia Kątowa Kawasaki KVF 400 14055-1127,Brak danych,990.00
334119415,Przekładnia Wyjściowa Koło Zębate Kawasaki KVF 400 13260-1736,Brak danych,249.00
334119924,Przewody Olejowe Kawasaki KVF 400 39193-1028 39193-1043,Brak danych,129.00
334123830,Cewka Zapłonowa Polaris Sportsman 570 4015072,Brak danych,349.00
334124898,Przewód Cewki Wysokiego Napięcia Polaris Sportsman 570 4019338,Brak danych,299.00
334126193,Tryb Wałek Przekładni Kawasaki KVF 400 49022-1151 13107-1396,Brak danych,599.00
334126373,Tryb Rozrusznika Kawasaki KVF 400 39076-1066,Brak danych,499.00
334126636,Tryb Skrzyni Biegów Kawasaki KVF 400 39135-1058,Brak danych,399.00
334127595,Wałek Wejściowy Kawasaki KVF 400 13107-1395,Brak danych,599.00
334128395,Wałek Balansujący Kawasaki KVF 400 13164-1012,Brak danych,499.00
334129192,Tryb Wałek Pompy Oleju Kawasaki KVF 400 13216-1180 16142-1136,Brak danych,99.00
334129629,Wałek Skrzyni Biegów Kawasaki KVF 400 13107-1413 39135-1058 13139-1084 13260-1737,Brak danych,599.00
334129906,Wałek Wodzika Skrzyni Biegów Kawasaki KVF 400 49047-1098,Brak danych,99.00
334130057,Wodzik Skrzyni Biegów Kawasaki KVF 400 13140-1276,Brak danych,249.00
334130230,Wybierak Skrzyni Biegów Kawasaki KVF 400 13236-1323,Brak danych,149.00
334147349,Wodzik Skrzyni Biegów Kawasaki KVF 400 13140-1276,Brak danych,249.00
334277602,Przepustnica Polaris Sportsman 570 1205009 2021,Brak danych,999.00
334277619,Kciuk Gaz Manetka Gazu Polaris Sportsman 570 2010403 2021,Brak danych,549.00
334277625,Lampa Reflektor Prawy Polaris Sportsman 570 2417232 2021,Brak danych,399.00
334277801,Lampa Reflektor Lewy Polaris Sportsman 570 2417231 2021,Brak danych,399.00
334277910,Obudowa Licznika Polaris Sportsman 570 5457091-070 2021,Brak danych,499.00
334277932,Air Box Polaris Sportsman 570 5450387 7083107 5414638 2021,Brak danych,699.00
334277940,Regulator Napięcia Polaris Sportsman 570 4016868 2021,Brak danych,499.00
334277984,Przekaźnik Rozrusznika Polaris Sportsman 570 177076 4014424-750 2021,Brak danych,299.00
334277992,Tarcza Hamulcowa Tył Polaris Sportsman 570 5248250 2021,Brak danych,149.00
334278000,Licznik Polaris Sportsman 570 3286849 5456515 5415589 2021,Brak danych,1399.00
334278011,Stacyjka Z Kluczykiem Polaris Sportsman 570 4080413 324555 2021,Brak danych,249.00
334278026,Gniazdo Zapalniczki 12v Polaris Sportsman 570 4012393 2021,Brak danych,199.00
334278164,Gniazdo Ładowania ASM Polaris Sportsman 570 2415295 5417215 2415295 2021,Brak danych,199.00
334278172,Moduł Zapłonowy  Sterownik ECU Polaris Sportsman 570 4012838 2021,Brak danych,1699.00
334278229,Plastik Osłona Kierownicy Polaris Sportsman 570 5457089-070 2021,Brak danych,229.00
334278269,Blokada Mocowanie Akumulatora Polaris Sportsman 570 5457517-070 2021,Brak danych,99.00
334278345,Osłona Chłodnicy Polaris Sportsman 570 5457443-070 2021,Brak danych,199.00
334278401,Osłona Bezpieczników Polaris Sportsman 570 7300335 2021,Brak danych,99.00
334278409,Rozrusznik Polaris Sportsman 570 4018940 2021,Brak danych,899.00
334278440,Czujnik Podciśnienia Map Sensor Polaris Sportsman 570 411528 2021,Brak danych,499.00
334278465,Wtrysk Paliwa Z Szyną Polaris Sportsman 570 2521796 2521795 2021,Brak danych,499.00
334278482,Podnóżek Prawy Polaris Sportsman 570 5450524 2021 !!!GABARYT!!!,Brak danych,590.00
334278539,Podnóżek Lewy Polaris Sportsman 570 5450523 2021 !!!GABARYT!!!,Brak danych,590.00
334278554,Przepustnica Polaris Sportsman 570 128881,Brak danych,799.00
334308800,Zwrotnica Tylna Polaris Sportsman 500 5135563,Brak danych,249.00
334308887,Zwrotnica Tylna Polaris Sportsman 500 5135563,Brak danych,249.00
334309201,Zwrotnica Tylna Polaris Sportsman 500 5135563,Brak danych,249.00
334309508,Zwrotnica Tylna Polaris Sportsman 500 5135563,Brak danych,249.00
334981013,Opony Kenda Bear Claw 23x7.00-10 DOT 0205,Brak danych,249.00
334981636,Opony Maxxis M976Y 20X10-9 DOT 5121,Brak danych,229.00
334981675,Opona Bridgestone Exedra G702 140X90-16 71H DOT 2112,Brak danych,129.00
334981703,Opona Bridgestone Battalax BT57R 160X60-17 Dot 3710,Brak danych,149.00
334981742,Opona Bridgestone Battalax BT45F 100X90-19 Dot 1308,Brak danych,199.00
334981788,Opona Bridgestone Battalax BT45R 130X90-16 Dot 4607,Brak danych,189.00
334981831,Opona Bridgestone Battalax BT45R 150X80-16 Dot 1713,Brak danych,149.00
334981843,Opona Continental Twinduro 120x90-18 65R  Dot 2009,Brak danych,149.00
334981869,Opona Dunlop 74S 160x80-15 Dot 5107,Brak danych,199.00
334981934,Opona Dunlop Geomax 51M 80x100-21 Dot 1715,Brak danych,99.00
334981971,Opona Dunlop K555 170X80-15 DOT 3811,Brak danych,199.00
334982557,Opona Dunlop Sportmax 120x70-17 Dot 3210,Brak danych,129.00
334983580,Opona Dunlop Sports 57M 100X90-19 Dot 4914,Brak danych,129.00
334983600,Opona Dunlop Sportmax 58W 120x70-17 Dot 4308,Brak danych,129.00
334983602,Opona Metzeler Marathon 56H 100x90-18 Dot 3800,Brak danych,129.00
334983829,Opona Metzeler RaceTec Rain 180x55-17 Dot 1206,Brak danych,179.00
334983838,Opona Metzeler Steel Radial 130x80-17 Dot 0706,Brak danych,129.00
334983861,Opona Michelin Pilot Power 58W 120x70-17 Dot 1505,Brak danych,159.00
334983901,Opona Michelin StarCrooss 5 Hard 62M 110x90-19 Dot 0717,Brak danych,149.00
334983948,Opona Michelin StarCross MS2 51M 90X100-16 Dot 0409,Brak danych,149.00
334983978,Opona Mitas LighTing H14 90x90-19 Dot 3409,Brak danych,129.00
334983981,Opona MxGrip 68M 110x90-19 Dot 3116,Brak danych,119.00
335086150,Bak Paliwa Z Pompą Yamaha YFZ 450 R 1TD-F4110-00-00 18P-13907-12-00,Brak danych,899.00
335086180,Amortyzator Przedni Yamaha YFZ 450 R 1TD-F3390-00-00,Brak danych,899.00
335086187,Bumper XRW Zderzak Przedni Yamaha YFZ 450 R,Brak danych,299.00
335086192,Tylna Część Ramy Tuningowa Yamaha YFZ 450 R,Brak danych,1590.00
335086196,Chłodnica Yamaha YFZ 450 R 1TD-E2460-03-00,Brak danych,599.00
335086253,Kolanko Wydechu Yamaha YFZ 450 R 18P-14611-01-00,Brak danych,349.00
335086325,Cewka Zapłonowa Yamaha YFZ 450 R 18P-H2310-04-00,Brak danych,490.00
335086331,Moduł Zapłonowy ECU Yamaha YFZ 450 R 1TD-8591A-00-00,Brak danych,999.00
335086338,Regulator Napięcia Yamaha YFZ 450 R 5BN-81960-00-00,Brak danych,399.00
335086342,Przepustnica Yamaha YFZ 450 R 1TD-13750-02-00,Brak danych,899.00
335086355,Pompa Paliwa Yamaha YFZ 450 R 51D-13907-01-00,Brak danych,149.00
335086373,Kciuk Gaz Manetka Gazu Yamaha YFZ 450 R 1S3-26250-02-00,Brak danych,449.00
335086420,Stacyjka Z Kontrolkami Yamaha YFZ 450 R 4SH-82510-01-00 18P-83530-01-00,Brak danych,499.00
335086445,Linka Sprzęgła Yamaha YFZ 450 R 18P-26335-00-00,Brak danych,59.00
335086466,Przewód Paliwowy Yamaha YFZ 450 R 18P-13971-00-00,Brak danych,99.00
335086484,Wydech Końcowy Tłumik Yamaha YFZ 450 R 1TD-E4703-00-00,Brak danych,699.00
335089070,Teleskop kolumny kierowniczej Polaris RZR 800 S 7043439 7043810,Brak danych,119.00
335089118,Kierownica Polaris RZR 800 S 1823623,Brak danych,249.00
335089124,Łącznik Stabilizatora Tył Polaris RZR 800 S 1542601,Brak danych,149.00
335089135,Pas Bezpieczeństwa Polaris RZR 800 S 2633796,Brak danych,199.00
335089142,Plastik Panel Boczny Polaris RZR 1000 5451447-070 2015-2024,Brak danych,399.00
335089151,Plastik Panel Boczny Polaris RZR 800 S 5437392,Brak danych,590.00
335089158,Schowek Polaris RZR 800 S 5437399,Brak danych,399.00
335089163,Wiązka Elektryczna Polaris RZR 800 S 2411764,Brak danych,1290.00
335089169,Mocowanie Kolumny Kierowniczej Polaris RZR 800 S 1017621,Brak danych,599.00
335089175,Wydech Końcowy Tłumik Polaris RZR 800 S 1262238-489,Brak danych,559.00
335089184,Prowadnica Rolki Wyciągarki Polaris RZR 800 S,Brak danych,99.00
335098011,Pompa Hamulcowa Polaris RZR 800 S 1911234 1912463,Brak danych,599.00
335098766,Linka Zmiany Biegów Polaris RZR 800 S 7081342 7081680,Brak danych,199.00
335100318,Padły Gaz Hamulec Polaris RZR-S 800 4014042,Brak danych,499.00
335104680,Zderzak Przedni Bumper Polaris Sportsman 500 2875173,Brak danych,499.00
335105994,Zderzak Tylni Grab Bar Polaris Sportsman 500 1014668,Brak danych,499.00
335118758,Lusterko lewe CF Moto 5190-200200 QUAD ATV,NADWOZIE,42.00
335118899,Felga aluminiowa XTP Yamaha Raptor 700 660,Felgi,287.00
336471663,Plastik Owiewka Baku Yamaha YFZ 450 R 1TD-F171A-21-00,Brak danych,399.00
336471713,Plastikowa Osłona Lampy Tylnej Yamaha YFZ 450 R 18P-84716-00-00,Brak danych,299.00
336471714,Obudowa Akumulatora Yamaha YFZ 450 R 18P-8212B-00-00,Brak danych,299.00
336471717,Tylny Stelaż Ramy Zderzaka Yamaha YFZ 450 R 18P-2845R-30-00,Brak danych,399.00
336471718,Kiwak Kołyska Amortyzatora Tył Yamaha YFZ 450 R 1TD-F217F-00-00,Brak danych,399.00
336471723,Plastik Owiewka Boczna Lewa Yamaha YFZ 450 R 1TD-F1731-00-00,Brak danych,349.00
336471725,Plastik Owiewka Boczna Prawa Yamaha YFZ 450 R 1TD-F1741-00-00,Brak danych,349.00
336471726,Plastik Owiewka Yamaha YFZ 450 R 1TD-F1721-01-00,Brak danych,299.00
336471730,Plastik Owiewka Yamaha YFZ 450 R 1TD-F1711-01-00,Brak danych,299.00
336471731,AirBox Obudowa Filtra Powietrza Yamaha YFZ 450 R 18P-14411-01,Brak danych,499.00
336471732,Plastik Wypełnienie Yamaha YFZ 450 R 18P-81948-00-00,Brak danych,199.00
336471737,Osłona Chłodnicy Yamaha YFZ 450 R 1TD-E2467-00-00,Brak danych,149.00
336471738,Siedzenie Kanapa Yamaha YFZ 450 R 18P-24710-21-00,Brak danych,649.00
336471739,Felga Przednia 10x5.5 AT Yamaha YFZ 450 R 1TD-F5180-11-00,Brak danych,399.00
336471740,Felga Przednia 10x5.5 AT Yamaha YFZ 450 R 1TD-F5180-11-00,Brak danych,399.00
336471741,Felga Tylna 9x8.5 AT Yamaha YFZ 450 R 1TD-F5390-11-00,Brak danych,349.00
336471742,Felga Tylna 9x8.5 AT Yamaha YFZ 450 R 1TD-F5390-11-00,Brak danych,349.00
336471744,Amortyzator Przód Yamaha YFZ 450 R 1TD-F3390-30-00,Brak danych,699.00
336471755,Amortyzator Przód Yamaha YFZ 450 R 1TD-F3390-30-00,Brak danych,699.00
336471756,Drążek Kierowniczy Yamaha YFZ 450 R 18P-23831-00,Brak danych,149.00
336471757,Drążek Kierowniczy Yamaha YFZ 450 R 18P-23831-00,Brak danych,149.00
336471765,Wahacz Dolny Przedni Lewy Yamaha YFZ 450 R 1TD-F3570-00-00,Brak danych,449.00
336471773,Wahacz Dolny Przedni Prawy Yamaha YFZ 450 R 1TD-F3580-00-00,Brak danych,449.00
336471774,Wahacz Przedni Górny Lewy Yamaha YFZ 450 R 1TD-F3540-00-00,Brak danych,349.00
336471787,Wahacz Przedni Górny Prawy Yamaha YFZ 450 R 1TD-F3550-00-00,Brak danych,349.00
336471789,Zwrotnica Prawa Yamaha YFZ 450 R 18P-23502-00,Brak danych,699.00
336471823,Piasta Tylnej Zębatki Yamaha YFZ 450 R 18P-25386-00-00,Brak danych,299.00
336471825,Piasta Koła Tył Yamaha YFZ 450 R 18P-25383-00-00,Brak danych,349.00
336471830,Wahacz Tylny Yamaha YFZ 450 R 18P-22110-00-00 5TG-25721-30-00,Brak danych,1499.00
336471855,Dźwignia Hamulca Yamaha YFZ 450 R 5D3-2583T-01 18P-25872-10,Brak danych,499.00
336471868,Wspornik Lewy Plastiku Przedniego Yamaha YFZ 450 R 18P-21513-00,Brak danych,199.00
336471877,Wspornik Prawy Plastiku Przedniego Yamaha YFZ 450 R 18P-21514-00,Brak danych,199.00
336474865,Zacisk Hamulcowy Prawy Przód Yamaha YFZ 450 R 5TG-2580U-12-00,Brak danych,399.00
336474915,Zacisk Hamulcowy Lewy Przód Yamaha YFZ 450 R 5TG-2580T-12-00,Brak danych,399.00
336474918,Zacisk Hamulcowy Tylny Yamaha YFZ 450 R 5TG-2580W-21-00,Brak danych,649.00
336474919,Piasta Przednia Yamaha YFZ 450 R 1S3-25111-00 1S3-25127-01,Brak danych,349.00
336474920,Piasta Przednia Yamaha YFZ 450 R 1S3-25111-00 1S3-25127-01,Brak danych,349.00
336474922,Tylna Pompa Hamulcowa Yamaha YFZ 450 R 1S3-2580E-00 18P-25874-00,Brak danych,349.00
336474923,Dźwignia Hamulca tylnego Nożnego Yamaha YFZ 450 R 18P-27211-01-00,Brak danych,199.00
336474925,Przewody Hamulcowe Yamaha YFZ 450 R 1TD-F5873-01-00,Brak danych,249.00
336592392,Śruba Mocująca Wahacz Yamaha YFZ 450 R 5LP-22141-00-00,Brak danych,59.00
336593231,Zębatka Tylna Yamaha YFZ 450 R 5TG-25438-10-00,Brak danych,89.00
336593292,Piasta Koła Tył Yamaha YFZ 450 R 18P-25383-00-00,Brak danych,399.00
336593355,Osłona Tarczy Hamulcowej Yamaha YFZ 450 R 5TG-2514A-00-00,Brak danych,59.00
336593406,Osłona Tarczy Hamulcowej Yamaha YFZ 450 R 1TD-F5873-01-00,Brak danych,59.00
336593474,Tarcza Hamulcowa Przednia Yamaha YFZ 450 R 3GD-2582T-10,Brak danych,129.00
336593527,Tarcza Hamulcowa Przednia Yamaha YFZ 450 R 3GD-2582T-10,Brak danych,129.00
336593605,Tarcza Hamulcowa Tył Yamaha YFZ 450 R 1S3-2582W-20,Brak danych,149.00
336593655,Piasta Tylnej Tarczy Hamulcowej Yamaha YFZ 450 R 1TD-F5712-00-00,Brak danych,249.00
336593735,Łańcuch Z Napinaczem Yamaha YFZ 450 R 94582-13098,Brak danych,149.00
336593838,Oś tylna Yamaha YFZ 450 R BDK-F5381-00-00,Brak danych,899.00
336593941,Ślizg Łańcucha Yamaha YFZ 450 R,Brak danych,49.00
336593988,Przełącznik Zapłonu Yamaha YFZ 450 R Pro Armor,Brak danych,249.00
336594063,Osłona Chłodnicy Yamaha YFZ 450 R,Brak danych,49.00
336594117,Osłona Chłodnicy Yamaha YFZ 450 R,Brak danych,49.00
336594199,Przewody Paliwowe Yamaha YFZ 450 R,Brak danych,99.00
336594252,Wentylator Chłodnicy Yamaha YFZ 450 R 1TD-E2405-01-00,Brak danych,449.00
336594339,Zbiorniczek Wyrównawczy Yamaha YFZ 450 R 18P218710000,Brak danych,99.00
336594417,Instalacja Wiązka Elektryczna Yamaha YFZ 450 R,Brak danych,899.00
336594468,Mocowanie ECU Yamaha YFZ 450 R,Brak danych,199.00
336594602,Podłoga XRW Stopnie Yamaha YFZ 450 R,Brak danych,699.00
336594700,Rama Yamaha YFZ 450 R 1TD-F1101-69-00,Brak danych,4499.00
336929399,Sprzęgło Wtórne CF MOTO 800 0800-052000-0001,Brak danych,590.00
337258495,"Lusterka wsteczne UTV komplet lewe i prawe z mocowaniem 1,75  i 2 cal",NADWOZIE,135.00
337598020,Drążek kierowniczy z końcówkami Linhai 20629,NADWOZIE,71.00
337602930,Włącznik przełącznik uniwersalny wodoszczelny niebieski PR18101,NADWOZIE,9.20
337603188,Gaźnik Linhai 260 300 23301 QUAD UTV,NADWOZIE,309.00
337686654,Półoś Przednia Przód Polaris Sportsman 570 1332931,Brak danych,450.00
337687035,Półoś Przednia Przód Polaris Sportsman 570 1332931,Brak danych,450.00
337688262,PóŁoŚ Przód Przednia CF MOTO GOES 520 9010-270100,Brak danych,299.00
337701559,Półoś Przednia Przód Polaris Sportsman 570 1332931,Brak danych,450.00
337719450,Tylne Klocki Hamulcowe Tył Cf Moto 450 520 550 625 9010-0805A0,Brak danych,99.00
337722173,"Uszczelniacz Cf Moto 500 X5 0180-060007 44x60x6,7",Brak danych,39.00
338198167,Karter Skrzyni Korbowej Polaris Sportsman 500 2005/2010 3089240,Brak danych,1490.00
338198198,Karter Skrzyni Korbowej Polaris Sportsman 500 2005/2010 3098240,Brak danych,1490.00
338198200,Pokrywa Dekiel Statora Polaris Sportsman 500 2005/2010 3090085,Brak danych,399.00
338198202,Wał Korbowy Polaris Sportsman 500 2005/2010 3090323 3085815,Brak danych,1299.00
338198210,Pompa Oleju Polaris Sportsman 500 2005/2010 3087265,Brak danych,390.00
338198211,Wałek Balansujący Polaris Sportsman 500 2005/2010 3090031,Brak danych,449.00
338198212,Dekiel Pompy Wody Polaris Sportsman 500 2005/2010 3085351 3084935,Brak danych,299.00
338198213,Komplet Śrub Do Karterów Polaris Sportsman 500 2005/2010 3084841,Brak danych,199.00
338198214,Magneto Uzwojenie Statora Polaris Sportsman 500 2005/2010 3090061 3089254,Brak danych,499.00
338198217,Króciec Gumowy Polaris Sportsman 500 2005/2010 5412636,Brak danych,49.00
338198219,Podstawa Statora Polaris Sportsman 500 2005/2010 3089965,Brak danych,299.00
338198221,Napinacz Rozrządu Polaris Sportsman 500 2005/2010 3086493,Brak danych,249.00
338198224,Pierścień Uszczelki Osłony Wariatora Polaris Sportsman 500 2005/2010 5242046,Brak danych,99.00
338198226,Łapa Silnika Polaris Sportsman 500 2005/2010 5241453 7512315,Brak danych,149.00
338198227,Śruba Sprzęgła Górnego Polaris Sportsman 500 2005/2010 7512566,Brak danych,199.00
338198228,Ślizgi Łańcucha Rozrządu Polaris Sportsman 500 2005/2010 3084916 3084917,Brak danych,149.00
338198230,Łańcuch Rozrządu Polaris Sportsman 500 2005/2010 3084915,Brak danych,129.00
338198233,Śruby Głowicy Polaris Sportsman 500 2005/2010 3084875,Brak danych,149.00
338198234,Przewód Olejowy Polaris Sportsman 500 2005/2010 3084965,Brak danych,129.00
338198239,Przewód Olejowy Polaris Sportsman 500 2005/2010 3084964,Brak danych,129.00
338198241,Odpowietrznik Air Boxa Polaris Sportsman 500 2005/2010 2530029 5413104 8450073,Brak danych,99.00
338198245,Poduszka Silnika Polaris Sportsman 500 2005/2010 3110044 3024012,Brak danych,99.00
338198246,Wąż Chłodniczy Polaris Sportsman 500 2005/2010 3085857,Brak danych,49.00
338198254,Łapa Silnika Polaris Sportsman 500 2005/2010 5249873,Brak danych,149.00
338198255,Kompletna Głowica Polaris Sportsman 500 2005/2010 3085527 3085349 3085412,Brak danych,1599.00
338198257,Szarpak Z Obudową Polaris Sportsman 500 2005/2010 3090085 3084822,Brak danych,649.00
338198259,Sprzęgło Polaris Sportsman 500 2005/2010 1322673,Brak danych,1499.00
338198260,Cylinder Z Tłokiem Polaris Sportsman 500 2005/2010 3089256 3087222 3087226,Brak danych,990.00
338199981,Komplet Świateł Przód Kawasaki KVF 400 23005-1170-6Z,Brak danych,899.00
338200013,Osłona Chłodnicy Kawasaki KVF 400 14037-1221,Brak danych,99.00
338200016,Chłodnica Kawasaki KVF 400 39060-1150,Brak danych,399.00
338200020,Wahacz Tylny Kawasaki KVF 400 33001-1552,Brak danych,449.00
338200024,Zbiorniczek Wyrównawczy Kawasaki KVF 400 43078-1163,Brak danych,99.00
338200027,Dolot Powietrza Do Sprzęgła Kawasaki KVF 400 14073-1678 14073-1680,Brak danych,99.00
338200029,Dolot Powietrza Do Sprzęgła Kawasaki KVF 400 14073-1684 14073-1683,Brak danych,129.00
338200030,Dolot Powietrza Do Filtra powietrza Kawasaki KVF 400 14073-1654,Brak danych,249.00
338200031,Zbiornik Paliwa Bak Kawasaki KVF 400 51001-1500,Brak danych,449.00
338200034,Dolot Powietrza Kawasaki KVF 400 14073-1682,Brak danych,149.00
338200037,Wiązka Instalacja Elektryczna Kawasaki KVF 400 26030-1781,Brak danych,599.00
338200038,Obudowa Filtra Powietrza Air Box Kawasaki KVF 400 11010-1681,Brak danych,299.00
338200040,Mocowanie Obudowa Akumulatora Kawasaki KVF 400 39012-1059,Brak danych,149.00
338200042,Dolot Powietrza Kawasaki KVF 400 14073-1649,Brak danych,149.00
338200047,Wentylator Kawasaki KVF 400 59502-1123,Brak danych,199.00
338200049,Wąż Chłodnicy Kawasaki KVF 400 39060-1701,Brak danych,99.00
338200051,Trójnik Z Wężami Chłodnicy Kawasaki KVF 400 39192-1020,Brak danych,149.00
338200054,Cewka Zapłonowa Kawasaki KVF 400 21121-1160,Brak danych,99.00
338200057,Przewód Zapłonowy Kawasaki KVF 400 21130-1071,Brak danych,99.00
338200070,Linka Hamulca Kawasaki KVF 400 54005-1206,Brak danych,129.00
338200072,Kierownica Kawasaki KVF 400 46003-1452,Brak danych,99.00
338200073,Przełącznik Zespolony Z Wiązką Kawasaki KVF 400 46091-1848,Brak danych,299.00
338200080,Klamka Hamulca Kawasaki KVF 400 46076-0178,Brak danych,199.00
338200088,Przełącznik Zespolony Kawasaki KVF 400,Brak danych,249.00
338200091,Linka Gazu Kawasaki KVF 400 54012-1620,Brak danych,99.00
338200097,Tarcza Hamulcowa Przód Kawasaki KVF 400 41080-1216,Brak danych,99.00
338200103,Przewodu Hamulcowe Kawasaki KVF 400,Brak danych,199.00
338200109,Linka Hamulca Nożnego Kawasaki KVF 400 54005-1186,Brak danych,99.00
338200115,Piasta Koła Kawasaki KVF 400 49030-1120,Brak danych,249.00
338200123,Tylny Amortyzator Kawasaki KVF 400 45014-1709-CD,Brak danych,349.00
338200124,Mocowanie Silnika Kawasaki KVF 400 32029-1971 32029-1970 92002-1531,Brak danych,149.00
338200131,Mocowanie Tylnej Lampy Kawasaki KVF 400 11050-1718,Brak danych,99.00
338200133,Klakson Kawasaki KVF 400,Brak danych,29.00
338200136,Dźwignia Hamulca Nożnego Kawasaki KVF 400 43001-1369,Brak danych,99.00
338200139,Rama Bagażnika Przedniego Kawasaki KVF 400 53029-1208,Brak danych,399.00
338200141,Bagażnik Przód Kawasaki KVF 400 53028-1094-6Z,Brak danych,499.00
338586555,Wariator Yamaha Grizzly kodiak 550 700 3B4-17606-00-00,NADWOZIE,639.00
340128332,Felga ITP Delta 12x7 cali rozstaw 4/110 ET 2+5,NADWOZIE,267.30
340225034,Lusterko wsteczne UTV Polaris RZR PRO 2020 premium QUAD UTV,NADWOZIE,156.00
340226064,Włacznik rozrusznika CF MOTO CForce 500 9010-150400 ORGINAŁ,NADWOZIE,49.00
340226537,"Uszczelka pokrywy głowicy cfmoto 800 X8 0800-021002, 0800-021002-00001",NADWOZIE,49.00
340227327,Kratka Atrapy Przedniej CF MOTO 850 1000 G3 9AWV-041017-8000,Brak danych,69.00
340229781,Manszeta Osłona Przegubu CF MOTO 450 520 550 600 800 1000 - 70mm,Brak danych,99.00
340230662,Manszeta Osłona Przegubu CF MOTO 800 1000 - 75mm 7020-280160-50000,Brak danych,89.00
341201498,Moduł Wspomagania ESP CF MOTO 600 9DS#-150810-6100,Brak danych,1290.00
341202466,Linka Ssania Kawasaki KFX 700 Oem 54017-1226,Brak danych,249.00
341202949,Lampa Prawy Przód Polaris Predator 500 Oem 2410304,Brak danych,349.00
341203167,Moduł ECU Polaris Predator Sportsman 500 Oem 3089613 3089775,Brak danych,599.00
341203501,Gril Atrapa Przód Polaris Predator 500 Oem 2632758,Brak danych,990.00
341203825,Dyfer Przód Polaris Sportsman 570 Oem 1333393,Brak danych,3490.00
341204147,Lampa Tył Polaris Sportsman 570 Oem 2411099,Brak danych,349.00
341204454,Silnik Can Am Outlander 400 EFI Oem 707000538,Brak danych,6990.00
341204751,Komplet Kół Terenowych Yamaha Raptor YFZ,Brak danych,2490.00
341205991,Osłona Tarczy Hamulcowej Yamaha Raptor YFZ 5TG-2514A-00-00,Brak danych,99.00
341206571,Piasta Koła Tył Yamaha Raptor YFZ 1S3-25383-10-00 1PE-F53K0-00-00,Brak danych,299.00
341207259,Zadupek Tylna Część Ramy Yamaha YFZ 450 5D3-21190-29-00 5D3-21190-28-00,Brak danych,1890.00
341208210,Zbierak Zębatki Tył Yamaha Raptor 660 5LP-25386-00-00,Brak danych,349.00
341208803,Wahacz Tył Yamaha Raptor 660 5LP-22110-10-00,Brak danych,890.00
341208896,Piasta Ośki Yamaha Raptor 660 5LP-25311-10-00,Brak danych,690.00
341208914,Ośka Przegubu Wahacza Yamaha Raptor 660 5LP-22141-00-00,Brak danych,129.00
341209027,Oś Tylna Yamaha Raptor 660 5LP-25381-10-00,Brak danych,990.00
341209041,Nakrętka Ośki Yamaha Raptor 660 90170-33008-00 90170-33009-00,Brak danych,99.00
341209059,Amortyzator Tył Yamaha Raptor 660 5LP-22210-31-00 5LP-22210-F1-00,Brak danych,790.00
341209106,Zbierak Tarczy Hamulcowej Yamaha Raptor 660 5LP-25712-10-00,Brak danych,299.00
341213750,Air Box Yamaha Raptor 700 1S3-14412-01-00 1S3-14411-00-00,Brak danych,549.00
341214077,Sportowy Filtr Powietrza Yamaha Raptor 700,Brak danych,99.00
341214198,Zadupek Tylna Część Ramy Yamaha Raptor 700 1S3-21190-18-00,Brak danych,2490.00
341214393,Amortyzator Tył Yamaha Raptor 700 1AS-22210-30-00,Brak danych,899.00
341214494,Grill Plastik Przód Yamaha Raptor 700 1S3-23391-30-00,Brak danych,349.00
341214623,Mocowanie Lampy Lewy Przód Yamaha Raptor 700 1S3-21513-00-00,Brak danych,249.00
341215704,Mocowanie Lampy Prawy Przód Yamaha Raptor 700 1S3-21514-00-00,Brak danych,249.00
341215852,Zbiorniczek Wyrównawczy Płynu Chłodniczego Yamaha Raptor 700 5KM-21871-00-00,Brak danych,149.00
341216176,Zwrotnica Lewa Yamaha Raptor 700 1S3-23501-00-00,Brak danych,799.00
341216233,Zwrotnica Lewa Yamaha Raptor 700 1S3-23501-00-00,Brak danych,799.00
341216260,Zwrotnica Prawa Yamaha Raptor 700 1S3-23502-00-00,Brak danych,799.00
341216365,Felga Tył Yamaha Raptor 700 5LP-25390-21-00,Brak danych,349.00
341216379,Felga Tył Yamaha Raptor 700 5LP-25390-21-00,Brak danych,349.00
341608485,Błotnik Plastik Przód CF MOTO 625 Touring 9DS#-041021-6K00 Gabaryt,Brak danych,690.00
341608566,Błotnik Tylny Plastik Tył CF MOTO 625 Touring 9DS#-043021-6000 Gabaryt,Brak danych,790.00
341608570,Boczek Plastik Lewy CF MOTO 625 Touring 9DS#-042021-6000 Gabaryt,Brak danych,390.00
341608572,Boczek Plastik Prawy CF MOTO 625 Touring 9DS#-042022-6000 Gabaryt,Brak danych,390.00
341698166,Zwrotnica Prawa Yamaha Raptor 700 1S3-23502-00-00,Brak danych,799.00
341907835,Opona ITP Holeshot MXR6 18x10-9 3* TL 34F NHS - 532024,Brak danych,449.00
341912054,Szybkozłączka do plastikowego bagażnika CF Moto QUADKIT (1 szt.)  QUAD ATV,NADWOZIE,29.00
341912059,"Szybkozłączka CF Connect (2 sztuki) X520 G2, X625, X850 X1000 G2 i G3 QUAD",NADWOZIE,220.00
341912069,Felga Aluminiowa DWT DOUGLAS WHEEL 10X8 4/115 3+5,Brak danych,642.00
341912169,Opona MAXXIS M932 RAZR MX 18x10-8 DOT 2823,Brak danych,499.00
341912582,Opona Journey P348 21x7-10 DOT 2724,Brak danych,159.00
341912732,Felga ITP Delta 12x7 cali rozstaw 4/110 ET 2+5,NADWOZIE,240.00
341912796,Felga ITP SS212 14x8 cali rozstaw 4/110 ET 5+3,NADWOZIE,593.00
341913047,"Opona SUNF 18X9,5-8 70J",Brak danych,249.00
341913188,Opona SUNF A-021 18x9.50-8  A-021,Brak danych,239.00
341913377,Opona Dlunlop Radial KT381 20x7-10,Brak danych,299.00
341913408,Dystanse X-ATV rozstaw otworów 4/110 30mm nie zrywające szpilek WA11030,NADWOZIE,245.00
341913472,Zamek zatrzask schowka bagażnika Quad Logic Polaris Sportsman 500 HO 550 EFI 850,NADWOZIE,117.00
341913540,Filtr paliwa Suzuki LTR 450 44331-45G00,NADWOZIE,31.60
341913573,Tarcza hamulcowa przód Yamaha Grizzly 700,NADWOZIE,115.00
342109464,Przegub przedni zewnętrzny Odes 1000 17001220140,NADWOZIE,242.00
342440513,Osłona Dolna Plastik CF MOTO 520 450 9GQ0-041041,Brak danych,139.00
342440823,Osłona Zderzaka Przedniego CF MOTO 800 X8 7020-230001,Brak danych,129.00
342602176,Lewe Lusterko Cf Moto 450 520 550 625 800 850 1000 9AY0-200200,Brak danych,112.00
342602232,Lewe Lusterko Cf Moto 450 520 550 625 800 850 1000 9AY0-200300,Brak danych,112.00
342603549,Kierunkowskaz Lewy Tylny CF MOTO 400 500m 9GQ0-160410,Brak danych,99.00
342605318,Kierunkowskaz Prawy Tylny CF MOTO 400 500m 9GQ0-160420,Brak danych,99.00
342766976,Blokada na tarczę hamulcową AUVRAY B-LOCK 10 CF Moto CF 125 150 250 650,NADWOZIE,415.00
342766977,Filtr powietrza 48-1091 All Balls CF Moto Cforce 600 800 Uforce Zforce 800,NADWOZIE,167.00
342766978,Filtr powietrza K&N CF Moto CL-X 700 ABS,NADWOZIE,273.00
342766979,Filtr powietrza K&N CO-6516 CF Moto MT 700 ABS,NADWOZIE,250.00
342766980,Filtr powietrza K&N CO-2518 CF Moto NK 250 300 ABS,NADWOZIE,250.00
342766981,Filtr powietrza Moose Offroad CF Moto Cforce 400 450 520 800 820,NADWOZIE,292.00
342766982,Filtr powietrza Moose Offroad CF Moto Uforce 1000 V2 EFI 4X4,NADWOZIE,281.00
342766983,Klocki hamulcowe przód DP411 DP BRAKES CF Moto Uforce 550 800 Zforce 600,NADWOZIE,123.00
342766984,Klocki hamulcowe przód DP412 DP BRAKES CF Moto Uforce 550 800 Zforce 600,NADWOZIE,123.00
342766985,Klocki hamulcowe przód DP623 DP BRAKES CF Moto CF GT MT 650 NK 400 650,NADWOZIE,127.00
342766986,Klocki hamulcowe przód DP630 DP BRAKES CF Moto CL-X 700 MT 800,NADWOZIE,127.00
342766987,Klocki hamulcowe przód EBC Carbon Offroad CF Moto Cforce 450 500 625 1000,NADWOZIE,162.00
342766988,Klocki hamulcowe przód SBS Street Ceramic CF Moto Uforce 550 Zforce 800,NADWOZIE,159.00
342766989,Klocki hamulcowe przód SBS 674HF Street Ceramic CF Moto CF 650 NK TK,NADWOZIE,159.00
342766990,Klocki hamulcowe tył EBC FA067TT Carbon Offroad CF Moto Uforce 550 800,NADWOZIE,120.00
342766991,Klocki hamulcowe tył SBS 671CS Off-Road Carbon CF Moto CL-X 700 ABS,NADWOZIE,108.00
342766992,Klocki hamulcowe tył SBS 675HF Street Ceramic CF Moto CF 650 NK TK,NADWOZIE,159.00
342766993,Klocki hamulcowe tył SBS 730HF Street Ceramic CF Moto CL-X 700 ABS,NADWOZIE,147.00
342766994,Klocki hamulcowe tył SBS 730RQ Road Racing Carbon Tech CF Moto CL-X 700 ABS,NADWOZIE,193.00
342766995,Łożyska koła tył Moose Racing 25-1783 CF Moto Zforce 600 800 1000,NADWOZIE,184.00
342766996,Opona Bridgestone Battlax A41 110/80R19 59V TL przód CF Moto MT 800 ABS,NADWOZIE,827.00
342766997,Opona Bridgestone Battlax A41 150/70R17 69V TL tył CF Moto MT 800 ABS,NADWOZIE,1006.00
342766998,Opona Bridgestone Battlax A41 160/60ZR17 69W TL tył CF Moto CF GT MT NK 650,NADWOZIE,1019.00
342766999,Opona Bridgestone Battlax A41 170/60R17 72V TL tył CF Moto CL-X 700,NADWOZIE,1033.00
342767000,Opona Bridgestone Battlax AT41 110/80R19 59V TL przód CF Moto MT 700 800,NADWOZIE,827.00
342767001,Opona Bridgestone Battlax AT41 150/70R17 69V TL tył CF Moto MT 700 800,NADWOZIE,1006.00
342767002,Opona Bridgestone Battlax AX41 110/80B19 57Q TL przód CF Moto MT 800,NADWOZIE,813.00
342767003,Opona Bridgestone Battlax AX41 150/70B17 69Q TL tył CF Moto MT 800,NADWOZIE,997.00
342767004,Opona Bridgestone Battlax AX41S 110/80R18 58H TL przód CF Moto CL-X 700 ABS,NADWOZIE,808.00
342767005,Opona Bridgestone Battlax AX41S 120/70R17 58H TL przód CF Moto GT MT NK 650,NADWOZIE,808.00
342767006,Opona Bridgestone Battlax AX41S 160/60R17 69H TL tył CF Moto GT MT NK 650,NADWOZIE,1024.00
342767007,Opona Bridgestone Battlax AX41S 180/55R17 73H TL tył CF Moto CL-X 700,NADWOZIE,1098.00
342767008,Opona Michelin Anakee Adventure 110/80R18 58V TL/TT przód CF Moto CL-X 700,NADWOZIE,928.00
342767009,Opona Michelin Anakee Adventure 170/60R17 72V TL tył CF Moto CL-X 700 ABS,NADWOZIE,1240.00
342767010,Opona Michelin Anakee Adventure 180/55R17 73V TL tył CF Moto CL-X 700 ABS,NADWOZIE,1481.00
342767011,Osłona przegubu manszeta Moose Utility CF Moto Cforce Uforce Zfroce 500 800,NADWOZIE,124.00
342767012,Osłona silnika płyta pod silnik czarna AXP Racing CF Moto MT 450 ABS,NADWOZIE,1166.00
342767013,Pasek napędowy ATHENA CF Moto CF 125 150 22.1X10.2X918,NADWOZIE,78.00
342767014,Pasek napędowy EPI WE265037 CF Moto Cforce Uforce Zfroce 800,NADWOZIE,964.00
342767015,Pasek napędowy EPI WE265040 CF Moto Cforce Uforce Zfroce 1000 800,NADWOZIE,973.00
342767016,Pasek napędowy EPI WE265041 CF Moto Cforce 400 500 600 Zforce 500,NADWOZIE,973.00
342767017,Pasek napędowy GATES G-Force 40G3569 CF MOTO Cforce 500 520 550 600,NADWOZIE,406.00
342767018,Pasek napędowy GATES G-Force 40G3691 CF Moto Cforce Uforce Zfroce 800,NADWOZIE,485.00
342767020,Pasek napędowy GATES RedLine 40R3691 UTV CF MOTO Cforce Uforce Zfroce 800,NADWOZIE,839.00
342767021,Pasek napędowy Ultimax Hypermax UA485 CF Moto Cforce Uforce Zfroce 800 1000,NADWOZIE,884.00
342767022,Półoś napędowa HD przód lewa Demon CF Moto Uforce 800 4X4,NADWOZIE,1230.00
342767023,Półoś napędowa HD przód lewa Demon CF Moto Uforce Zfroce 1000 V2 EFI 4X4,NADWOZIE,1173.00
342767024,Półoś napędowa HD przód lewa Demon CF Moto Zforce 800 1000 EFI 4X4,NADWOZIE,1230.00
342767025,Półoś napędowa HD przód lewa Demon CF Moto Zforce 800 EX 4X4,NADWOZIE,1209.00
342767026,Półoś napędowa HD przód prawa Demon CF Moto Zforce 1000 800 EFI 4X4,NADWOZIE,1230.00
342767027,Półoś napędowa HD przód prawa Demon CF Moto Zforce 800 EX 4X4,NADWOZIE,1173.00
342767028,Półoś napędowa HD przód prawa lewa Demon CF Moto Cforce 600 EFI 4X4,NADWOZIE,1230.00
342767029,Półoś napędowa HD przód prawa lewa Demon CF Moto Uforce 600 EFI 4X4,NADWOZIE,1230.00
342767030,Półoś napędowa HD przód prawa lewa Demon CF Moto Uforce 800 4X4,NADWOZIE,1230.00
342767031,Półoś napędowa HD tylna lewa Demon CF Moto Cforce 400 500,NADWOZIE,1230.00
342767032,Półoś napędowa HD tylna lewa Demon CF Moto Cforce 600 EFI 4X4,NADWOZIE,1230.00
342767033,Półoś napędowa HD tylna prawa Demon CF Moto Cforce 400 500,NADWOZIE,1230.00
342767034,Półoś napędowa HD tylna prawa lewa Demon CF Moto Cforce 1000 800,NADWOZIE,1230.00
342767035,Półoś napędowa HD tylna prawa lewa Demon CF Moto Uforce 1000 V2 EFI 4X4,NADWOZIE,1230.00
342767036,Półoś napędowa HD tylna prawa lewa Demon CF Moto Uforce 600 EFI 4X4,NADWOZIE,1230.00
342767037,Półoś napędowa HD tylna prawa lewa Demon CF Moto Zforce 950 HO EFI 4X4,NADWOZIE,1230.00
342767044,Zestaw łożysk osi Factory Links CF Moto Cforce 850 1000 Zforce Uforce 1000,NADWOZIE,168.00
342767248,Wycieraczka automatyczna Can-Am Defender Maverick 80309001 UTV,NADWOZIE,239.00
342768433,Podwyższone siedzenie CF Moto 450 MT,NADWOZIE,549.00
342868160,Stacyjka Linhai 260 300 400 30110 UAD ATV,NADWOZIE,69.30
342969005,Poszerzenie stopki bocznej CF Moto 800MT 700MT,NADWOZIE,145.00
342969042,Pokrowiec ochronny na motocykl CF Moto 450 SR,NADWOZIE,149.00
344829887,Pług do quada ATV Can Am Outlander G3 2025 SQUDDE,NADWOZIE,2390.00
344829888,Pług do quada ATV QJMOTOR 600 1000 SFA SQUDDE,NADWOZIE,2390.00
344829889,Pług do quada ATV Can Am Renegade 650 850 1000 2022+ SQUDDE,NADWOZIE,2390.00
344829890,Pług do quada ATV Can Am Outlander 1000 XTP SQUDDE,NADWOZIE,2390.00
344829891,Pług do quada ATV Loncin XWolf 1000 2025r. SQUDDE,NADWOZIE,2390.00
344829892,"Pług do quada ATV Segway AT10 L, AT10 WL SQUDDE",NADWOZIE,2390.00
344829893,Pług do quada ATV Yamaha Grizzly 700 2023- SQUDDE,NADWOZIE,2390.00
344829894,Pług do quada ATV Goes Terrox 400 500 SQUDDE,NADWOZIE,2390.00
344829895,Pług do quada ATV Linhai Landforce 650 2024 r. SQUDDE,NADWOZIE,2390.00
344829896,Pług do quada ATV CFMoto 520L (2016-2022) - SQUDDE,NADWOZIE,2390.00
344829898,Pług do quada ATV Odes Pathcross 525 2025 r. SQUDDE,NADWOZIE,2390.00
345920391,Zbiorniczek Płynu Hamulcowego Polaris Sportsman 500 HO 1998 2004 1910674,Brak danych,59.00
345920402,Przewód Hamulcowy Polaris Sportsman 500 HO 1998 2004 1930752,Brak danych,99.00
345920406,Zbiornik Paliwa Polaris Sportsman 500 HO 1998 2004 2520144 2520360,Brak danych,399.00
345920409,Kolumna Kierownicza Polaris Sportsman 500 HO 1998 2004 7080433,Brak danych,399.00
345920411,Piasta Koła Polaris Sportsman 500 HO 1998 2004 5131649,Brak danych,299.00
345920414,Wspornik Ramy Polaris Sportsman 500 HO 1998 2004 5244623,Brak danych,90.00
345920417,Wahacz Tylny Górny Polaris Sportsman 500 HO 1998 2004 1040730 5020827,Brak danych,249.00
345920419,Wahacz Przedni Lewy Polaris Sportsman 500 HO 1998 2004 2202280,Brak danych,349.00
345920422,Wspornik Ramy Polaris Sportsman 500 HO 1998 2004 5244623,Brak danych,90.00
345920425,Mocowanie Lampy Przedniej Polaris Sportsman 500 HO 1998 2004 5244969,Brak danych,249.00
345920428,Chłodnica Polaris Sportsman 500 HO 1998 2004 1240045 1240533,Brak danych,499.00
345920431,Przewody Hamulcowe Z Rozdzielaczem Polaris Sportsman 500 HO 1998 2004 7052129 1930817,Brak danych,199.00
345920433,Zbiornik Oleju Polaris Sportsman 500 HO 1998 2004 5131255,Brak danych,499.00
345920434,Plastik Wypełnienie Polaris Sportsman 500 HO 1998 2004 5811917,Brak danych,59.00
345920437,Plastik Wypełnienie Polaris Sportsman 500 HO 1998 2004 5811917,Brak danych,59.00
345920439,Pokrywa Schowka Na Narzędzia Polaris Sportsman 500 HO 1998 2004 5431787,Brak danych,149.00
345920441,Pokrywa Air Boxa Polaris Sportsman 500 HO 1998 2004 5432868,Brak danych,159.00
345920444,Osłona Wahacza Prawy Przód Polaris Sportsman 500 HO 1998 2004 5431838,Brak danych,99.00
345920446,Osłona Wahacza Lewy Tył Polaris Sportsman 500 HO 1998 2004 5433098,Brak danych,99.00
345920450,Osłona Wahacza Prawy Tył Polaris Sportsman 500 HO 1998 2004 5433099,Brak danych,99.00
345920452,Osłona Wahacza Prawy Tył Polaris Sportsman 500 HO 1998 2004 5433099,Brak danych,99.00
345920453,Mocowanie Osłony Polaris Sportsman 500 HO 1998 2004 5244913,Brak danych,99.00
345920454,Mocowanie Tylnego Wahacza Polaris Sportsman 500 HO 1998 2004 5247345,Brak danych,49.00
345920457,Wspornik Mocowanie Polaris Sportsman 500 HO 1998 2004,Brak danych,90.00
345920462,Rozrusznik Polaris Sportsman 500 HO 1998 2004 3084981 3090188,Brak danych,299.00
345920463,Schowek Na Narzędzia Polaris Sportsman 500 HO 1998 2004 5431786,Brak danych,149.00
345920469,Siatka Ochronna Na Chłodnice Polaris Sportsman 500 HO 1998 2004 5433317,Brak danych,99.00
345920474,Osłona Chłodnicy Polaris Sportsman 500 HO 1998 2004 1013772 Gabaryt,Brak danych,399.00
345920502,Wąż Chłodniczy Polaris Sportsman 500 HO 1998 2004 5411782,Brak danych,90.00
345920504,Wąż Chłodniczy Polaris Sportsman 500 HO 1998 2004 5411783,Brak danych,90.00
345920508,Wąż Chłodniczy Polaris Sportsman 500 HO 1998 2004 5411632,Brak danych,90.00
345920509,Drążek Kierowniczy Polaris Sportsman 500 HO 1998 2004 1820805 1822852,Brak danych,120.00
345920511,Drążek Kierowniczy Polaris Sportsman 500 HO 1998 2004 1820805 1822852,Brak danych,120.00
345920514,Gniazdo Haka Polaris Sportsman 500 HO 1998 2004,Brak danych,129.00
345920518,Dyferencjał Przedni Dyfer Polaris Sportsman 500 HO 1998 2004 1341323,Brak danych,1890.00
345920520,Mocowanie Kierownicy Polaris Sportsman 500 HO 1998 2004 5630187,Brak danych,59.00
345920624,Pompa Paliwa Polaris Sportsman 500 HO 1998 2004 3085275 2520227,Brak danych,99.00
345920626,Dźwignia Hamulca Nożnego Polaris Sportsman 500 HO 1998 2004 1911657,Brak danych,99.00
345920628,Mocowanie Osłony Polaris Sportsman 500 HO 1998 2004 5244914,Brak danych,90.00
345920632,Zbiorniczek Wyrównawczy Płynu Chłodniczego Polaris Sportsman 500 HO 5431673,Brak danych,90.00
345920633,Filtr Paliwa Polaris Sportsman 500 HO 1998 2004,Brak danych,59.00
345921233,Wentylator Polaris Sportsman 500 HO 1998 2004 2410123 1240068 5433059,Brak danych,349.00
345951405,Wahacz Tylny Dolny Prawy Polaris RZR 800 1018208,Brak danych,349.00
345952093,Wahacz Dolny Przedni Prawy CF MOTO 850 1000 9AWV-050410-2E01,Brak danych,329.00
345952969,Obudowa Licznika CF MOTO 850 1000 9AWA-041032,Brak danych,59.00
345953379,Pokrywa Filtra Powietrza CF MOTO 850 1000 9AWA-041036,Brak danych,59.00
345954359,Skrzynia Biegów Polaris RKM Dragon 800 Turbo 1332555,Brak danych,1490.00
345954541,Amortyzator Polaris RKM Dragon 800 Turbo 7043446,Brak danych,699.00
345954566,Wałek Wariatora Polaris RKM Dragon 800 Turbo 1332336,Brak danych,299.00
345954584,Łańcuch napędowy RK 532 GSV 116 XW-Ring,Brak danych,199.00
345954596,Lampa Przód Polaris RKM Dragon 800 Turbo 2410397,Brak danych,899.00
345954606,Wahacz Zwrotnicy Polaris RKM Dragon 800 Turbo 1823488,Brak danych,349.00
345954638,Prawa Osłona Drążka Kierowniczego Polaris RKM Dragon 800 Turbo 5436375,Brak danych,49.00
345954652,Lewa Osłona Drążka Kierowniczego Polaris RKM Dragon 800 Turbo 5436574,Brak danych,49.00
345954662,Karbonowa Osłona Polaris RKM Dragon 800 Turbo,Brak danych,49.00
345954673,Osłona dostępu Do Reflektora Polaris RKM Dragon 800 Turbo 5433660,Brak danych,99.00
345954683,Drążek Kierowniczy Polaris RKM Dragon 800 Turbo 1822907,Brak danych,199.00
346059630,Obudowa Silnika CAN AM Outlander 400 705001518,Brak danych,349.00
346059676,Obudowa Wariatora Przekładni CVT CAN AM Outlander 400 420610428,Brak danych,299.00
346059677,Czujnik Ciśnienia Powietrza CAN AM Outlander 400 0261230030,Brak danych,249.00
346059683,Wtryskiwacz CAN AM Outlander 400 874402,Brak danych,399.00
346059684,Króciec Przepustnicy CAN AM Outlander 400 420267525,Brak danych,149.00
346059687,Króciec Ssący CAN AM Outlander 400 420267480,Brak danych,99.00
346059702,Przewód Masowy CAN AM Outlander 400,Brak danych,49.00
346059707,Dźwignia Zmiany Biegów CAN AM Outlander 400 705003028,Brak danych,399.00
346059709,Aktuator Napędu Przedniego CAN AM Outlander 400 705400171 705400169,Brak danych,990.00
346059714,Wspornik Silnika CAN AM Outlander 400 707000224,Brak danych,99.00
346059716,Pasek Napędowy CAN AM Outlander 400 422280283,Brak danych,149.00
346059718,Tylny Wałek Napędowy CAN AM Outlander 400 705500352,Brak danych,699.00
346059747,Wąż Chłodniczy CAN AM Outlander 400 709206077,Brak danych,99.00
346059749,Wąż Chłodniczy CAN AM Outlander 400 709200198,Brak danych,99.00
346059751,Wydech Środkowy  CAN AM Outlander 400 707600181  Gabaryt,Brak danych,349.00
346061383,Kierownica Polaris Sportsman 500 5242987 Gabaryt,Brak danych,149.00
346061404,Polaris Zderzak Przedni Sportsman 500 1014023 Gabaryt,Brak danych,499.00
346062334,Wał Napędowy Polaris Sportsman 570 1334443 2203698 2203704 !!!GABARYT!!!,Brak danych,749.00
346062372,Pasek Napędowy Polaris Sportsman 570 3211113,Brak danych,199.00
346062374,Stelaż Przedni Polaris Sportsman 570 1028683-067 !!!GABARYT!!!,Brak danych,599.00
346062378,Węże Chłodnicze Polaris Sportsman 570 5417403 5417654 5417402,Brak danych,249.00
346062397,Wąż Chłodniczy Polaris Sportsman 570 5417401,Brak danych,149.00
346062401,Amortyzator Tylny Polaris Sportsman 570 7043100,Brak danych,499.00
346062402,Amortyzator Tylny Polaris Sportsman 570 7043100,Brak danych,499.00
346062403,Chłodnica Polaris Sportsman 570 1241476,Brak danych,749.00
346062407,Wentylator Polaris Sportsman 570 2415473,Brak danych,649.00
346062421,Stelaż Licznika Polaris Sportsman 570 5270791,Brak danych,399.00
346062427,Tarcza Hamulcowa Polaris Sportsman 570 5244314,Brak danych,149.00
346062435,Tarcza Hamulcowa Polaris Sportsman 570 5244314,Brak danych,149.00
346062439,Mocowanie Stabilizatora Polaris Sportsman 570 1543119,Brak danych,199.00
346062451,Mocowanie Stabilizatora Polaris Sportsman 570 1543119,Brak danych,199.00
346062458,Łącznik Stabilizatora Polaris Sportsman 570 5020827,Brak danych,199.00
346062459,Łącznik Stabilizatora Polaris Sportsman 570 5020827,Brak danych,199.00
346067639,Drążek Kierowniczy Polaris Sportsman 570,Brak danych,149.00
346067983,Zbiorniczek Wyrównawczy Płynu Chłodniczego Polaris RZR 800 5436936,Brak danych,149.00
346068000,Piasta Koła Polaris RZR 800 5135113 5631781,Brak danych,299.00
346068001,Piasta Koła Polaris RZR 800 5135113 5631781,Brak danych,299.00
346068015,Piasta Koła Polaris RZR 800 5135113 5631781,Brak danych,399.00
346069299,Osłona Podwozia Yamaha YFZ 450R,Brak danych,449.00
346069528,Zwrotnica Prawa Polaris Trail Boss 330 5131040,Brak danych,199.00
346069535,Piasta Koła Z Tarczą Polaris Trail Boss 330 5133294 5247961,Brak danych,399.00
346069542,Oryginalne Narzędzia Polaris Trail Boss 330 2874926,Brak danych,199.00
346069546,Dźwignia Zmiany Biegów Polaris Trail Boss 330 1821205 5435042 1013678 3233198,Brak danych,299.00
346069673,Wentylator Chłodnicy Oleju Polaris Trail Boss 330 2410157,Brak danych,449.00
346069873,Wahacz Tylny Polaris Trail Boss 330 7078572,Brak danych,449.00
346070061,Pływak Polaris Trail Boss 330 2871442,Brak danych,149.00
346070133,Kolektor Wydechowy Polaris Trail Boss 330 1260960,Brak danych,149.00
346070239,Drążek Kierowniczy Polaris Trail Boss 330 1822851,Brak danych,129.00
346070344,Dźwignia Hamulca Nożnego Polaris Trail Boss 330 1910376-067 1910375-067,Brak danych,149.00
346070458,Mocowanie Tylnego Zacisku Polaris Trail Boss 330 5247210,Brak danych,49.00
346119267,Silnik Honda CX 500 1982r 35000 km Gabaryt,Brak danych,2699.00
346125412,Silnik Kawasaki Z900 2019r 5390 km KHI,Brak danych,4490.00
346131095,Skrzynia Biegów Polaris Sportsman 570 2021r 2290 km 1334595 !!!GABARYT!!!,Brak danych,3990.00
346134545,Silnik Polaris Sportsman 570 2021r 2290 km !!!GABARYT!!!,Brak danych,9990.00
346142305,Silnik Polaris Soprtsman 500 2010r 2900 km,Brak danych,5999.00
346148382,Silnik Polaris Soprtsman 500 2009r 5900 km,Brak danych,4999.00
346154766,Silnik Piaggio Vespa ET4 150 2009r 30182 km,Brak danych,1490.00
346192560,Rama Yamaha MT07 2013,Brak danych,900.00
346199086,Rama Yamaha Raptor 700,Brak danych,0.00
346206635,Rama Yamaha YFM 700 Raptor,Brak danych,5999.00
346214128,Rama Kawasaki ZX9R Ninja 2001,Brak danych,799.00
346216734,Nadkole Lewy Tył Kawasaki KVF 400 35019-7501-6Z,Brak danych,99.00
346217694,Osłona Silnika Kawasaki KVF 400 14091-1173-6Z,Brak danych,99.00
346217812,Plastikowe Wypełnienie Nadkola Kawasaki KVF 400 14091-1075,Brak danych,99.00
346217890,Osłona Wahacza Lewa Kawasaki KVF 400 55020-0216,Brak danych,99.00
346217940,Gumowa Osłona Akumulatora Kawasaki KVF 400 14091-1379,Brak danych,69.00
346218073,Amortyzator Przedni Kawasaki KVF 400 45023-1011-CD,Brak danych,299.00
346218253,Drążek Kierowniczy Kawasaki KVF 400 39111-1162,Brak danych,129.00
346218460,Mocowanie Akumulatora Kawasaki KVF 400 92072-7501,Brak danych,59.00
346218599,Mocowanie Stelaż Licznika Kawasaki KVF 400,Brak danych,149.00
346218844,Mocowanie Silnika Kawasaki KVF 400 92160-1692 92150-1731,Brak danych,99.00
346218983,Mocowanie Silnika Kawasaki KVF 40092160-1692 92150-1493,Brak danych,99.00
346219083,Podpora Kolumny Kierowniczej Kawasaki KVF 400 92037-1975,Brak danych,99.00
346219341,Wzmocnienie Tylnego Lewego Nadkola Kawasaki KVF 40035011-1759,Brak danych,49.00
346219474,Manetka Gazu / Kciuk Gaz Kawasaki KVF 400 39074-0012,Brak danych,299.00
346219703,Przewód Masowy Kawasaki KVF 400 26011-1637,Brak danych,49.00
346219854,Zaślepka Piasty Kawasaki KVF 400 11012-1969,Brak danych,49.00
346310665,Wariator CAN AM Outlander 400 420280154,Brak danych,1999.00
346311983,Kciuk Gaz CAN AM Outlander 400 707000595,Brak danych,399.00
346312257,Przepustnica CAN AM Outlander 400 420685326,Brak danych,699.00
346312615,Sprzęgło CAN AM Outlander 400 420280232 420280171,Brak danych,1190.00
346352454,Osłona Obudowa Polaris Trail Boss 330,Brak danych,149.00
346353759,Mocowanie Reflektora Z Kierunkowskazem Polaris Trail Boss 330,Brak danych,199.00
346353939,Mocowanie Reflektora Polaris Trail Boss 330,Brak danych,149.00
346354163,Klakson Polaris Trail Boss 330 55306,Brak danych,99.00
347079962,Pompa paliwa CF Moto 500 X5 901F-150900 QUAD ATV,NADWOZIE,406.00
347190202,Szczęki sprzęgła mokrego Arctic Cat  400 Suzuki LTF 400 3446-227 21500-38F60 21500-27H50,NADWOZIE,333.00
347190216,Panewki kolumny kierowniczej Polaris Sportsman 1000,NADWOZIE,39.00
347190238,Sworzeń kulisty zwrotnicy wahacza dolnego CF Moto CForce 500 600 800 9010-050800 42-1061,NADWOZIE,73.00
347190255,Przekaźnik rozrusznika CF Moto 800 7020-150310,NADWOZIE,37.00
347687554,Stopień Lewy Polaris Sportsman 570 5450523 !!!GABARYT!!!,Brak danych,449.00
347692708,Stopień Prawy Polaris Sportsman 570 5450524 !!!GABARYT!!!,Brak danych,449.00
347692906,Bagażnik Przedni Polaris Sportsman 570 2636574 5526448 !!!GABARYT!!!,Brak danych,590.00
347708967,Stopień Prawy Polaris Sportsman 500 5436931 !!!GABARYT!!!,Brak danych,299.00
347711677,Wewnętrzna Obudowa Paka Napędowego Polaris Sportsman 500 5434234,Brak danych,149.00
347719173,Osłona Kierownicy Can Am Outlander 400 709402845 703100251 703100352 !!!STANDARD!!!,Brak danych,159.00
347724615,Wydech Końcowy Yamaha XT 600 4MY-14711-10-00 !!!STANDARD!!!,Brak danych,349.00
347728756,Wydech Końcowy Yamaha XT 600 4MY-14711-10-00 !!!STANDARD!!!,Brak danych,349.00
347730910,Podłoga Polaris RZR 800 5437398 !!!GABARYT!!!,Brak danych,790.00
347732686,Próg Polaris RZR 800 5436607 !!!GABARYT!!!,Brak danych,299.00
347732695,Plastik Pod Siedzenie Polaris RZR 800 5437395 !!!GABARYT!!!,Brak danych,299.00
347732696,Tunel Środkowy Polaris RZR 800 5437838 !!!GABARYT!!!,Brak danych,349.00
347732744,Stabilizator Tył Polaris RZR 800 5337865 !!!GABARYT!!!,Brak danych,249.00
347732751,Wał Napędowy Polaris RZR 800 1332906 !!!GABARYT!!!,Brak danych,649.00
347732758,Rura Dolot Do Sprzęgła Polaris RZR 800 5436731,Brak danych,90.00
347732766,Wypełnienie Podłogi Polaris RZR 800 5437397 !!!GABARYT!!!,Brak danych,399.00
347733790,Siedzenia Kanapa Yamaha YFZ 450 2004-2008 5TG-24710-50-00 !!!STANDARD!!!,Brak danych,599.00
347733798,Kolektor Wydechowy Yamaha YFZ 450 2004-2008 5TG-14611-20-00,Brak danych,349.00
347733857,Wydech Końcowy Yamaha YFZ 450 2004-2008 5TG-14711-00-00 !!!STANDARD!!!,Brak danych,499.00
347733872,Wydech Końcowy Yamaha YFZ 450 2004-2008 5TG-14711-00-00 !!!STANDARD!!!,Brak danych,449.00
347733873,Zbiornik Paliwa Yamaha YFZ 450 2004-2008 5TG-24110-00-00 !!!STANDARD!!!,Brak danych,499.00
347733880,Zbiornik Paliwa Yamaha YFZ 450 2004-2008 5TG-24110-00-00 !!!STANDARD!!!,Brak danych,399.00
347733883,Zbiornik Paliwa Yamaha YFZ 450 2004-2008 5TG-24110-00-00 !!!STANDARD!!!,Brak danych,399.00
347733895,Obudowa Filtra Powietrza Air Box Yamaha YFZ 450 2004-2008 18P-14411-01-00,Brak danych,399.00
347733904,Obudowa Filtra Powietrza Air Box Yamaha YFZ 450 2004-2008 18P-14411-01-00,Brak danych,399.00
347733905,Tuningowa Obudowa Filtra Powietrza Air Box Yamaha YFZ 450 2004-2008,Brak danych,499.00
347733906,Dolot Air Boxa Yamaha YFZ 450 2004-2008 5TG-14453-01-00,Brak danych,149.00
347733907,Dolot Air Boxa Yamaha YFZ 450 2004-2008 5TG-14453-01-00,Brak danych,149.00
347733909,Pokrywa Obudowy Filtra Powietrza Yamaha YFZ 450 2004-2008 5TG-14412-01-00,Brak danych,99.00
347735283,Zderzak Przedni Bumper Yamaha YZF 450 5TG-2845N-00-00,Brak danych,99.00
347803321,Wydech Yamaha YZF 450 2004-2008 5TG-14711-00-00 !!!STANDARD!!!,Brak danych,349.00
347803336,Wydech Yamaha YZF 450 2004-2008 5TG-14711-00-00 !!!STANDARD!!!,Brak danych,399.00
347803338,Amortyzator Tył Yamaha YZF 450 2004-2008 5TG-22210-P0-00,Brak danych,449.00
347803339,Amortyzator Tył Yamaha YZF 450 2004-2008 5TG-22210-P0-00,Brak danych,399.00
347803340,Amortyzator Tył Yamaha YZF 450 2004-2008 5TG-22210-P0-00,Brak danych,449.00
347803342,Amortyzator Przód Yamaha YZF 450 R 18P-23350-00-00,Brak danych,499.00
347804194,Nerf Bar Podłoga Suzuki LTR 450,Brak danych,0.00
347804550,Gaźniki Na Części Suzuki GSX-R 600,Brak danych,349.00
347804972,Gaźniki Honda VFR 750,Brak danych,449.00
347805079,Kapsel Piasty Polaris Sportsman 570 5411164,Brak danych,49.00
347805422,Chłodnica Yamaha YFZ 450 2004-2008 5TG-12461-10-00,Brak danych,349.00
347805499,Chłodnica Yamaha YFZ 450 2004-2008 5TG-12461-10-00,Brak danych,349.00
347805510,Kompletna Chłodnica Yamaha YFZ 450 2004-2008 5TG-12461-10-00,Brak danych,499.00
347805573,Osłona Chłodnicy Yamaha YFZ 450 2004-2005 5TG-12467-00-00,Brak danych,99.00
347805584,Osłona Chłodnicy Yamaha YFZ 450 2004-2005 5TG-12467-00-00,Brak danych,99.00
347805591,Osłona Chłodnicy Yamaha YFZ 450 2004-2005 5TG-12467-00-00,Brak danych,99.00
347805598,Osłona Chłodnicy Yamaha YFZ 450 2005-2008 5TG-12467-10-00,Brak danych,149.00
347805604,Osłona Chłodnicy Yamaha YFZ 450 2005-2008 5TG-12467-10-00,Brak danych,149.00
347805609,Osłona Chłodnicy Yamaha YFZ 450 2005-2008 5TG-12467-10-00,Brak danych,149.00
347805614,Wentylator Chłodnicy Yamaha YFZ 450 2004-2008 5TG-12405-00-00,Brak danych,249.00
347805622,Wentylator Chłodnicy Yamaha YFZ 450 2004-2008 5TG-12405-00-00,Brak danych,249.00
347805626,Wentylator Chłodnicy Yamaha YFZ 450 2004-2008 5TG-12405-00-00,Brak danych,249.00
347805632,Wentylator Chłodnicy Yamaha YFZ 450 2004-2008 5TG-12405-00-00,Brak danych,249.00
347805668,Termostat Yamaha RAPTOR 660 5LP-12411-01-00 5LP-12417-00-00 5LP-12413-00-00,Brak danych,129.00
347805675,Wąż Chłodniczy Yamaha YFZ 450 2004-2008 5TG-12577-00-00,Brak danych,99.00
347805679,Wąż Chłodniczy Yamaha YFZ 450 2004-2008 5TG-12577-00-00,Brak danych,99.00
347805788,Wąż Chłodniczy Yamaha YFZ 450 2004-2008 5TG-12577-00-00,Brak danych,99.00
347805806,Wąż Chłodniczy Yamaha YFZ 450 2004-2008,Brak danych,49.00
347805809,Zbiorniczek Wyrównawczy Płynu Chłodniczego Yamaha YFZ 450 2004-2008 5TG-21871-00,Brak danych,99.00
347805818,Osłona Wentylatora Yamaha YFZ 450 2004-2008,Brak danych,149.00
347805825,Korek Wlewu Płynu Do Chłodnicy Yamaha YFZ 450 2004-2008 5SL-12462-01-00,Brak danych,49.00
347805831,Czujnik Temperatury Wody Yamaha YFZ 450 2004-2008 5LP-82560-00-00,Brak danych,49.00
347805883,Czujnik Temperatury Wody Yamaha YFZ 450 2004-2008 5LP-82560-00-00,Brak danych,49.00
347805888,Lampa Tył Yamaha YFZ 450 2004-2005 5LP-84700-11-00 5TG-84702-00-00,Brak danych,199.00
347805894,Lampa Tył Yamaha YFZ 450 2004-2005 5LP-84700-11-00 5TG-84702-00-00,Brak danych,199.00
347805900,Zbiornik Oleju Yamaha YFZ 450 2004-2008 5TG-21750-00-00,Brak danych,349.00
347805907,Odma Yamaha YFZ 450 2004-2013 5TG-15370-00-00,Brak danych,249.00
347805912,Odma Yamaha YFZ 450 2004-2013 5TG-15370-00-00,Brak danych,249.00
347805920,Przewód Olejowy Yamaha YFZ 450 2004-2008 5TG-13465-01-00,Brak danych,199.00
347805929,Przewód Olejowy Yamaha YFZ 450 2004-2008,Brak danych,199.00
347805933,Przewód Olejowy Yamaha YFZ 450 2004-2008 5TG-13465-01-00,Brak danych,199.00
347805938,Przewód Olejowy Yamaha YFZ 450 2004-2008 5TG-13465-00-00,Brak danych,199.00
347805944,Przewód Olejowy Yamaha YFZ 450 2004-2008 5TG-13465-00-00,Brak danych,0.00
347805952,Bagnet Olejowy Yamaha YFZ 450 2004-2008 5LP-21761-01-00,Brak danych,99.00
347805956,Króciec Olejowy Yamaha YFZ 450 2004-2008,Brak danych,99.00
347805957,Przewód Olejowy Yamaha YFZ 450 2004-2008 5TG-13465-00-00,Brak danych,199.00
347805958,Osłona Nóg lewa Zapiętka Yamaha YFZ 450 2004-2008 5TG-21621-00-00 !!!STANDARD!!!,Brak danych,149.00
347805964,Osłona Nóg lewa Zapiętka Yamaha YFZ 450 2004-2008 5TG-21621-00-00 !!!STANDARD!!!,Brak danych,149.00
347805967,Osłona Nóg Prawa Zapiętka Yamaha YFZ 450 2004-2008 5TG-21691-00-00 !!!STANDARD!!!,Brak danych,249.00
347854817,Osłona Nóg lewa Zapiętka Yamaha YFZ 450 2004-2008 5TG-21621-00-00 !!!STANDARD!!!,Brak danych,249.00
347858825,Uchwyt Zapiętka Lewy Yamaha YFZ 450 2004-2008 5TG-2164F-00-00,Brak danych,99.00
347858994,Bumper Zderzak Przedni Yamaha YFZ 450 2004-2008 5TG-2845N-00-00 !!!STANDARD!!!,Brak danych,49.00
347859156,Zderzak Tylni Yamaha YFZ 450 2004-2008 5TG-2845R-09-00 !!!STANDARD!!!,Brak danych,249.00
347859397,Wspornik Przedniego Błotnika Yamaha YFZ 450 2004-2008 5TG-21513-10-00 !!!STANDARD!!!,Brak danych,149.00
347860116,Podnóżek Prawy Yamaha YFZ 450 2004-2008 5TG-27421-10-00,Brak danych,99.00
347860283,Podnóżek Prawy Yamaha YFZ 450 2004-2008 5TG-27421-10-00,Brak danych,99.00
347860684,Cewki Zapłonowe Kawaski Z900 129700-5430,Brak danych,349.00
347861914,Rozrusznik Kawaski Z900 211630748,Brak danych,249.00
347862213,Odma Kawaski Z900 161260745,Brak danych,149.00
347862444,Przewód Paliwowy Kawaski Z900,Brak danych,149.00
347863417,Kartery Yamaha YFZ 450 2004-2008 5TG-15100-00-00 99999-03508-00 !!!Uszkodzone STANDARD!!!,Brak danych,900.00
347863617,Kartery Yamaha YFZ 450 2004-2008 5TG-15100-00-00 99999-03508-00 !!!Uszkodzone STANDARD!!!,Brak danych,900.00
347863828,Kartery Yamaha YFZ 450 2004-2008 5TG-15100-00-00 99999-03508-00 !!!Uszkodzone STANDARD!!!,Brak danych,900.00
347864020,Plastik Owiewka Zbiornika Paliwa Yamaha YFZ 450 2004-2008 5TG-2171A-10-00,Brak danych,299.00
347864166,Plastik Owiewka Zbiornika Paliwa Yamaha YFZ 450 2004-2008 5TG-2171A-10-00,Brak danych,249.00
347864627,Gaźnik Kawaski Z900,Brak danych,399.00
347865367,Plastik Owiewka Zbiornika Paliwa Yamaha YFZ 450 2004-2008 5TG-2171A-10-00,Brak danych,299.00
347865556,Plastik Owiewka Zbiornika Paliwa Yamaha YFZ 450 2004-2008 5TG-2171A-10-00,Brak danych,299.00
347865998,Obudowa Magneta Yamaha YFZ 450 2004-2008 5TG-15411-00-00,Brak danych,299.00
347866456,Obudowa Magneta Yamaha YFZ 450 2004-2008 5TG-15411-00-00,Brak danych,349.00
347866584,Obudowa Magneta Yamaha YFZ 450 2004-2008 5TG-15411-00-00,Brak danych,299.00
347866738,Dekiel Sprzęgła Yamaha YFZ 450 2004-2008 5TA-15415-00-00,Brak danych,249.00
347866872,Dekiel Sprzęgła Yamaha YFZ 450 2004-2008 5TA-15415-00-00,Brak danych,299.00
347866981,Czujnik Luzu Z Przewodem Yamaha YFZ 450 2004-2008 3GB-82540-01-00,Brak danych,199.00
347867171,Przewód Czujnika luzu Yamaha YFZ 450 2004-2008 5TG-82541-00-00,Brak danych,99.00
347867391,Lampki Kontrolne Yamaha YFZ 450 2004-2008 5TG-83530-00-00,Brak danych,199.00
347867545,Czujnik Yamaha YFZ 450 2004-2008,Brak danych,99.00
347867668,Czujnik Światła Stopu Polaris Predator 500 4010991,Brak danych,149.00
347867942,Przełącznik Zespolony  Yamaha YFZ 450 2004-2008 4KB-83973-21-00,Brak danych,249.00
347868056,Przekaźnik Yamaha YFZ 450 2004-2008,Brak danych,49.00
347868163,Przekaźnik Rozrusznika Yamaha YFZ 450 2004-2008 5JW-81940-02-00,Brak danych,59.00
347868274,Przekaźnik Rozrusznika Yamaha YFZ 450 2004-2008 5JW-81940-02-00,Brak danych,59.00
347868415,Przekaźnik Rozrusznika Yamaha YFZ 450 2004-2008 5JW-81940-02-00,Brak danych,49.00
347868574,Przekaźnik Rozrusznika Yamaha YFZ 450 2004-2008 5JW-81940-02-00,Brak danych,49.00
347868689,Moduł Zapłonowy CDI Yamaha YFZ 450 2004-2008 5TG-85540-00-00,Brak danych,399.00
347868933,Moduł Zapłonowy CDI Yamaha YFZ 450 2004-2008 5TG-85540-00-00,Brak danych,399.00
347869054,Moduł Zapłonowy CDI Yamaha YFZ 450 2004-2008 5TG-85540-00-00,Brak danych,399.00
347869183,Moduł Zapłonowy CDI Yamaha YFZ 450 2004-2008 5TG-85540-00-00,Brak danych,399.00
347869368,Napinacz Łańcucha Rozrządu Yamaha YFZ 450 2004-2008 5TA-12210-10-00,Brak danych,149.00
347869380,Napinacz Łańcucha Rozrządu Yamaha YFZ 450 2004-2008 5TA-12210-10-00,Brak danych,149.00
347869381,Napinacz Łańcucha Rozrządu Yamaha YFZ 450 2004-2008 5TA-12210-10-00,Brak danych,149.00
347869383,Napinacz Łańcucha Rozrządu Yamaha YFZ 450 2004-2008 5TA-12210-10-00,Brak danych,149.00
347869385,Łańcuch Rozrządu Yamaha YFZ 450 2004-2008 94591-57118-00,Brak danych,59.00
347869386,Łańcuch Rozrządu Yamaha YFZ 450 2004-2008 94591-57118-00,Brak danych,59.00
347869387,Ślizg Łańcucha Rozrządu Yamaha YFZ 450 2004-2008 5BE-12241-01-00,Brak danych,49.00
347869388,Koło Zębate Rozrusznika Yamaha YFZ 450 2004-2008 5TG-15560-00-00,Brak danych,199.00
347869389,Koło Zębate Rozrusznika Yamaha YFZ 450 2004-2008 5TG-15560-00-00,Brak danych,199.00
347869390,Koło Zębate Rozrusznika Yamaha YFZ 450 2004-2008 5TG-15560-00-00,Brak danych,199.00
347869391,Koło Zębate Rozrusznika Yamaha YFZ 450 2004-2008 5TG-15560-00-00,Brak danych,199.00
347869394,Dekiel Statora Yamaha YFZ 450 2004-2008 5TG-1549B-10,Brak danych,129.00
347869395,Dekiel Statora Yamaha YFZ 450 2004-2008 5TG-1549B-10,Brak danych,99.00
347869396,Dekiel Statora Yamaha YFZ 450 2004-2008 5TG-1549B-10,Brak danych,99.00
347869397,Magneto Yamaha YFZ 450 2004-2008 5TG-81450-01,Brak danych,499.00
347869399,Magneto Yamaha YFZ 450 2004-2008 5TG-81450-01,Brak danych,449.00
347869409,Magneto Yamaha YFZ 450 2004-2008 5TG-81450-01,Brak danych,349.00
347869410,Magneto Yamaha YFZ 450 2004-2008 5TG-81450-01,Brak danych,349.00
347869412,Koło Zębate Magneta Yamaha YFZ 450 2004-2008 5TG-15515-01-00,Brak danych,149.00
347869488,Łożysko Jednokierunkowe Yamaha YFZ 450 2004-2008 5TG-15590-00-00,Brak danych,199.00
347869489,Pokrywa Silnika Yamaha YFZ 450 2004-2008 5D3-15431-00-00,Brak danych,249.00
347869501,Pokrywa Silnika Yamaha YFZ 450 2004-2008 5D3-15431-00-00,Brak danych,249.00
347869503,Pokrywa Silnika Yamaha YFZ 450 2004-2008 5D3-15431-00-00,Brak danych,249.00
347869505,Wydech Suzuki DRZ 400,Brak danych,449.00
347869513,Błotnik Przód Yamaha YFZ 450 2004-2008 5TG-W2151-00-00,Brak danych,249.00
347869515,Plastik Owiewka Zbiornika Paliwa Yamaha YFZ 450 2004-2008 5TG-2171A-10-00,Brak danych,299.00
347869519,Błotnik Przód Yamaha YFZ 450 2004-2008 5TG-W2151-00-00,Brak danych,449.00
347869523,Błotnik Przód Yamaha YFZ 450 2004-2008 5TG-W2151-00-00,Brak danych,349.00
347869536,Owiewki Boczne Plastik Yamaha YFZ 450 2004-2008 5TG-21711-00-00 5TG-21721-50-00,Brak danych,349.00
347869537,Owiewki Boczne Plastik Yamaha YFZ 450 2004-2008 5TG-21711-00-00 5TG-21721-50-00,Brak danych,349.00
347869539,Owiewki Boczne Plastik Yamaha YFZ 450 2004-2008 5TG-21711-00-00 5TG-21721-50-00,Brak danych,349.00
347869540,Owiewki Boczne Plastik Yamaha YFZ 450 2004-2008 5TG-21711-00-00 5TG-21721-50-00,Brak danych,349.00
347869541,Owiewki Boczne Plastik Yamaha YFZ 450 2004-2008 5TG-21711-00-00 5TG-21721-50-00,Brak danych,249.00
347869542,Owiewki Boczne Plastik Yamaha YFZ 450 2004-2008 5TG-21711-00-00 5TG-21721-50-00,Brak danych,299.00
348160943,Przekaźnik z podstawką wodoszczelną 12V,NADWOZIE,29.00
348161294,Gumowy ogranicznik liny wciągarki Moose Utility,NADWOZIE,73.00
348161806,Prowadnica łańcucha Yamaha Raptor 700,NADWOZIE,59.00
348162156,Ściągacz wariatora Polaris 2870506 QUAD ATV UTV,NADWOZIE,83.00
348162557,Półoś Can Am Outlander Renegade G2 XMR 2019-2024 705503025 tylna lewa,NADWOZIE,490.00
348163189,Pokrowiec siedzenia Polaris Sportsman 550 850 2009 2010,NADWOZIE,170.00
348164355,Dźwignia zmiany biegów CF Moto CForce 500 625 9050-320000-2000,NADWOZIE,399.00
348167007,Króciec ssący Yamaha Grizzly 450,NADWOZIE,65.00
348205585,Plastiki Błotnik Tył Yamaha YFZ 450 2004-2008 5TG-W2161-02-00,Brak danych,349.00
348205593,Plastiki Błotnik Tył Yamaha YFZ 450 2004-2008 5TG-W2161-02-00,Brak danych,299.00
348205595,Plastiki Błotnik Tył Yamaha YFZ 450 2004-2008 5TG-W2161-02-00,Brak danych,299.00
348205597,Plastiki Błotnik Tył Yamaha YFZ 450 2004-2008 5TG-W2161-02-00,Brak danych,349.00
348205598,Plastiki Błotnik Tył Yamaha YFZ 450 2004-2008 5TG-W2161-02-00,Brak danych,349.00
348205599,Plastiki Błotnik Tył Yamaha YFZ 450 2004-2008 5TG-W2161-02-00,Brak danych,349.00
348205638,Plastiki Błotnik Tył Yamaha YFZ 450 2004-2008 5TG-W2161-02-00,Brak danych,299.00
348205667,Plastiki Błotnik Tył Yamaha YFZ 450 2004-2008 5TG-W2161-02-00,Brak danych,349.00
348205669,Cylinder Yamaha YFZ 450 2004-2008 5TA-11311-02-00 5TA-11311-12-00,Brak danych,449.00
348205670,Cylinder Yamaha YFZ 450 2004-2008 5TA-11311-02-00 5TA-11311-12-00,Brak danych,499.00
348205672,Sworzeń Tłoka Yamaha YFZ 450 2004-2008 5TG-11633-10-00,Brak danych,99.00
348205673,Sworzeń Tłoka Yamaha YFZ 450 2004-2008 5TG-11633-10-00,Brak danych,99.00
348205675,Tłok Yamaha YFZ 450 2004-2008 5TG-11631-10-00 5TG-11631-12-00,Brak danych,249.00
348205676,Tłok Yamaha YFZ 450 2004-2008 5TG-11631-10-00 5TG-11631-12-00,Brak danych,349.00
348205677,Tłok Yamaha YFZ 450 2004-2008 5TG-11631-10-00 5TG-11631-12-00,Brak danych,449.00
348205678,Szpilki Głowicy Yamaha YFZ 450 2004-2008 90105-104A7-00,Brak danych,199.00
348205679,Sprężyny Śruby Docisku Sprzęgła Yamaha YFZ 450 2004-2008 90501-224A8-00 90159-06123-00,Brak danych,249.00
348205680,Popychacz Sprzęgła Yamaha Raptor 660 3JD-16382-00-00,Brak danych,149.00
348205681,Popychacz Sprzęgła Yamaha YFZ 450 2004-2008 5TG-16357-00-00,Brak danych,149.00
348205683,Tarczki Sprzęgła Yamaha YFZ 450 2004-2008 4X7-16325-10-00 5TG-16321-00-00,Brak danych,99.00
348205685,Docisk Sprzęgła Yamaha YFZ 450 2004-2008 5TG-16351-00-00,Brak danych,229.00
348205686,Dekiel Sprzęgła Yamaha YFZ 450 2004-2008 5TA-15415-00-00,Brak danych,299.00
348206677,Filtr oleju MIW Meiwa Y4001 HF145,NADWOZIE,21.00
348206991,Filtr powietrza Twin Air 152908 HFF4025 Yamaha YFM 700 Raptor,NADWOZIE,90.00
348207008,Filtr powietrza BMC FM01121 Yamaha Raptor 700 / Grizzly / Kodiak,NADWOZIE,339.00
348207154,Płyn do nasączania filtrów powietrza IPONE Air Filter Oil Liquid 500 ml - 800651,NADWOZIE,65.00
348207204,Płyn do nasączania filtrów powietrza MANNOL Air Filter Oil 200 ml (9964),NADWOZIE,18.90
348207223,Środek w sprayu do filtrów powietrza Motul A2 Air Filter Oil 400ml - 102986,NADWOZIE,42.00
348207272,Płyn do mycia filtrów powietrza IPONE Air Filter Cleaner 5L Careline 800683,NADWOZIE,234.00
348207337,Płyn do mycia czyszczenia filtrów powietrza MULTI AIR Filter Cleaner 5L MA405,NADWOZIE,250.00
348207404,Zestaw do czyszczenia i nasączania filtrów powietrza Multi Air (AKC) - MA703KIT,NADWOZIE,279.00
348207567,"Akumulator żelowy LANDPORT GT9B-4 (MG LT9B-4) 12V 8Ah bezobsługowy, zalany",NADWOZIE,160.00
348208389,Akumulator BS Battery litowo-jonowy ze wskaźnikiem 12V 3Ah BSLI-03 LiFePO4 - 360103,NADWOZIE,509.00
348208427,Kosz Sprzęgłowy Yamaha YFZ 450 2004-2008 5D3-16150-00-00,Brak danych,249.00
348208443,Akumulator bezobsługowy BS Battery BT9B-4 YT9B-4 12V 8Ah - 300642,NADWOZIE,295.00
348208674,"Akumulator LANDPORT YT9B-4 (MS LT9B-4) 12V 8Ah bezobsługowy, zalany",NADWOZIE,138.00
348208980,Kosz Sprzęgłowy Yamaha YFZ 450 2004-2008 5D3-16150-00-00,Brak danych,249.00
348208984,Stacyjka Yamaha YFZ 450 2004-2008 5TG-82510-02-00,Brak danych,99.00
348208988,Przewód Masowy Rozrusznika Yamaha YFZ 450 2004-2008 5TG-81815-00-00,Brak danych,59.00
348209011,Przewód Czujnika Luzu Yamaha YFZ 450 2004-2008 5TG-82541-00-00,Brak danych,99.00
348209026,Mocowanie Akumulatora Yamaha YFZ 450 2004-2008 5TG-82128-10-00,Brak danych,99.00
348209028,Wałek Skrzyni Biegów Z Trybami Yamaha YFZ 450 2004-2008 5TG-17411-00-00,Brak danych,599.00
348209029,Przewód Plusowy Yamaha YFZ 450 2004-2008 5TG-82115-00-00,Brak danych,49.00
348209032,Czujnik Stopu Yamaha YFZ 450 2004-2008 5TG-82530-10-00,Brak danych,149.00
348209034,Czujnik Stopu Yamaha YFZ 450 2004-2008 5TG-82530-10-00,Brak danych,129.00
348209042,Przewód Czujnika Luzu Yamaha YFZ 450 2004-2008 5TG-82541-00-00,Brak danych,99.00
348209043,Czujnik Stopu Yamaha YFZ 450 2004-2008 1UY-82917-00-00,Brak danych,99.00
348209044,Czujnik Położenia Przepustnicy Yamaha YFZ 450 2004-2008 5TG-85885-01-00,Brak danych,249.00
348209045,Lampki Kontrolne Yamaha YFZ 450 2004-2008 5TG-83530-00-00,Brak danych,149.00
348209060,Przewód Plusowy Yamaha YFZ 450 2004-2008 5TG-17131-00-00,Brak danych,49.00
348209075,Cewka Zapłonowa Yamaha YFZ 450 2004-2008 5TA-82310-10-00 129700-4740,Brak danych,199.00
348209077,Wodzik Skrzyni Biegów Yamaha YFZ 450 2004-2008 5TG-18502-00-00,Brak danych,149.00
348209078,Wodzik Skrzyni Biegów Yamaha YFZ 450 2004-2008 5TG-18503-00-00,Brak danych,149.00
348209081,Wodzik Skrzyni Biegów Yamaha YFZ 450 2004-2008 5TG-18501-00-00,Brak danych,149.00
348209084,Tryb Zębatka Skrzyni Biegów Yamaha YFZ 450 2004-2008 5TG-17141-00-00,Brak danych,99.00
348209085,Tryb Zębatka Skrzyni Biegów Yamaha YFZ 450 2004-2008 5TG-17141-00-00,Brak danych,149.00
348209087,Choinka Programator Skrzyni Biegów Yamaha YFZ 450 2004-2008 5TG-18541-01-00,Brak danych,199.00
348209091,Dźwignia Zatrzymująca Yamaha YFZ 450 2004-2008 3XK-18140-00-00,Brak danych,149.00
348209092,Popychacz Yamaha YFZ 450 2004-2008 5TG-16356-00-00,Brak danych,129.00
348209095,Bębenek Programator Skrzyni biegów Yamaha YFZ 450 2004-2008 4EW-18185-00-00,Brak danych,99.00
348209097,Tryb Sprzęgła Yamaha YFZ 450 2004-2008 5TG-16111-00-00,Brak danych,149.00
348209099,Tryb Zębatka Skrzyni Biegów Yamaha YFZ 450 2004-2008 5TG-17131-00-00,Brak danych,199.00
348209100,Popychacz Sprzęgła Yamaha YFZ 450 2004-2008 5TG-16357-00-00,Brak danych,149.00
348209101,Przewód Olejowy Yamaha YFZ 450 2004-2008 5TA-13171-00-00,Brak danych,99.00
348209132,Wodzik Yamaha YFZ 450 2004-2008 5TG-18101-10-00,Brak danych,199.00
348209133,Wałek Skrzyni Biegów Yamaha YFZ 450 2004-2008 5TG-17411-00-00,Brak danych,299.00
348209134,Wałek Skrzyni Biegów Yamaha YFZ 450 2004-2008 5TG-17411-00-00,Brak danych,399.00
348209135,Programator Skrzyni Biegów Yamaha YFZ 450 2004-2008 5TG-18541-01-00,Brak danych,399.00
348209136,Kosz Sprzęgłowy Yamaha YFZ 450 2004-2008 5D3-16150-00-00,Brak danych,249.00
348209143,Odma Yamaha YFZ 450 2004-2008 5TG-15370-00-00,Brak danych,249.00
348209152,Wałek Balanser Yamaha YFZ 450 2004-2008 5TA-11455-11-00 5TA-11531-01-00,Brak danych,399.00
348209171,Przewód Olejowy Yamaha YFZ 450 2004-2008 5TA-13171-00-00,Brak danych,99.00
348209172,Yamaha YFZ 450 2004-2008,Brak danych,149.00
348209243,Koło Zębate Pompy Oleju Yamaha YFZ 450 2004-2008 18P-13341-00-00,Brak danych,149.00
348209259,Koło Zębate Wału Korbowego Yamaha YFZ 450 2004-2008 5TA-11536-00-00,Brak danych,199.00
348216742,Ładowarka do akumulatorów OXFORD Oximiser 3X 12V (EL200EU),NADWOZIE,689.00
348216796,Ładowarka do akumulatorów OXFORD Oximiser Pro 900 6V / 12V (EL201EU),NADWOZIE,289.00
348216978,Przekaźnik rozrusznika ATHENA Yamaha / Suzuki,NADWOZIE,90.00
348216990,Przekaźnik rozrusznika ATHENA Yamaha MT / Tracer / Tenere / Raptor / Niken,NADWOZIE,128.00
348217043,Szczotka rozrusznika JMP Yamaha,NADWOZIE,35.00
348224789,Czujnik sprzęgła / automat stopu JMP 705.06.11,NADWOZIE,79.00
348225662,Świeca zapłonowa irydowa Denso IU24 (CR8EIX / CR8EIA / CR8EIB),NADWOZIE,63.00
348228942,Świeca zapłonowa irydowa NGK CR8EIX (nr 4218) (IU24),NADWOZIE,65.00
348230619,Świeca zapłonowa NGK CR8E (nr 1275) (U24ESR-N) (10),NADWOZIE,39.00
348232102,Świeca zapłonowa DENSO U24ESR-N (CR8E),NADWOZIE,29.00
348235174,Cewka zapłonowa DZE 700.09.00,NADWOZIE,120.00
348239258,Regulator napięcia GZ GZRY04 Yamaha,NADWOZIE,229.00
348241303,Regulator napięcia / prostownik TOURMAX RGU-210 Yamaha,NADWOZIE,259.00
348242718,Wyłącznik główny zasilania BAAS 706.01.37 (BA18) Yamaha Can-Am Polaris CFMOTO,NADWOZIE,110.00
348244883,Uzwojenie alternatora stator Electrosport Yamaha YFM 700 Raptor ESG152,NADWOZIE,560.00
348246592,Uzwojenie alternatora (stator) BRONCO AC-01959,NADWOZIE,400.00
348256445,Klocki hamulcowe przód DELTA BRAKING KH165 Yamaha Kawasaki Suzuki,NADWOZIE,79.00
348259199,Klocki hamulcowe przód DELTA BRAKING KH135 / KH214 Yamaha Kawasaki Suzuki,NADWOZIE,79.00
348261598,Klocki hamulcowe tył DELTA BRAKING KH428 Yamaha YFM 700 R Raptor,NADWOZIE,79.00
348265384,Tarcza hamulcowa przód NG NG264 Yamaha,NADWOZIE,139.00
348277800,Tarcza hamulcowa przód NG NG1730 Yamaha YFM 700 550 Grizzly,NADWOZIE,221.00
348360683,Zębatka Pompy Oleju Yamaha YFZ 450 2004-2008 5TA-13341-00-00,Brak danych,199.00
348360715,Koło Zębate Balansera Yamaha YFZ 450 5BE-11454-00-00 5TA-11531-01-00,Brak danych,199.00
348360716,Koło Zębate Skrzyni Biegów Yamaha YFZ 450 2004-2008 5TG-15517-00-00,Brak danych,149.00
348360717,Termostat Yamaha Raptor 660 5LP-12411-01-00,Brak danych,59.00
348360719,Oś Pompy Wody Yamaha YFZ 450 2004-2008 5GR-12458-00-00,Brak danych,59.00
348360722,Napinacz Rozrządu Yamaha YFZ 450 2004-2008 5TA-12210-10-00,Brak danych,149.00
348360723,Rura Układu Chłodzenia Yamaha Raptor 660 5LP-12481-00-00,Brak danych,99.00
348360724,Dekiel Pompy Wody Yamaha YFZ 450 2004-2008 5TG-12422-00-00,Brak danych,149.00
348360726,Dekiel Pompy Wody Yamaha YFZ 450 2004-2008 5TG-12422-00-00,Brak danych,149.00
348360731,Wirnik Pompy Wody Yamaha YFZ 450 2004-2008 5DJ-12451-00-00 5GR-12458-00-00,Brak danych,149.00
348360733,Króciec Wodny Yamaha Raptor 660 3YF-12469-00-00,Brak danych,129.00
348360735,Rura Płynu Chłodniczego Yamaha YFZ 450 2004-2008 5TG-12481-00-00,Brak danych,59.00
348360737,Króciec Wodny Silnika Yamaha YFZ 450 2004-2008 5TG-12482-00-00,Brak danych,99.00
348360738,Osłona Przewodu Hamulcowego Yamaha YFZ 450 2004-2008 5TG-2587A-00-00,Brak danych,99.00
348360740,Wałek Skrzyni Biegów Kompletny Yamaha YFZ 450 2004-2008 5TG-17411-00-00,Brak danych,790.00
348360741,Wałek Skrzyni Biegów Kompletny Yamaha YFZ 450 2004-2008 5TG-17402-00-00,Brak danych,799.00
348360744,Wałek Skrzyni Biegów Kompletny Yamaha YFZ 450 2004-2008 5TG-17402-00-00,Brak danych,790.00
348360745,Przewód Olejowy Yamaha YFZ 450 2004-2008,Brak danych,99.00
348360775,Pompa Oleju Yamaha YFZ 450 2004-2008 5TA-13300-00-00,Brak danych,149.00
348360778,Rotor Pompy Oleju Yamaha YFZ 450 2004-2008 5TA-13320-00-00,Brak danych,99.00
348360781,Rotor Pompy Oleju Yamaha YFZ 450 2004-2008 5TA-13320-00-00,Brak danych,59.00
348360784,Koło Zębate Yamaha YFZ 450 2004-2008,Brak danych,99.00
348360786,Dekiel Pokrywa Filtra Oleju Yamaha YFZ 450 2004-2008 5BE-13447-10-00,Brak danych,149.00
348360790,Czujnik Temperatury Cieczy Yamaha YFZ 450 2004-2008 5EB-82560-01-00,Brak danych,59.00
348360793,Regulator Napięcia Yamaha YFZ 450 2009- 5BN-81960-00-00,Brak danych,199.00
348360852,Rezystor ASSY Yamaha YFZ 450 2004-2008 5TG-85370-00-00,Brak danych,249.00
348360854,Regulator Napięcia Yamaha YFZ 450 2004-2008 5TG-81960-00-00,Brak danych,249.00
348360857,Przekaźnik Yamaha YFZ 450 2004-2008,Brak danych,99.00
348360860,Przekaźnik Yamaha YFZ 450 2004-2008,Brak danych,99.00
348360862,Przekaźnik Yamaha YFZ 450 2004-2008 4WA-81980-00-00,Brak danych,99.00
348360866,Wałek Rozrządu Yamaha YFZ 450 2004-2008 5TG-12180-20-00,Brak danych,359.00
348360868,Podpory Wałka Rozrządu Yamaha YFZ 450 2004-2008 5D3-11102-00-00,Brak danych,299.00
348360869,Głowica Yamaha YFZ 450 2004-2008 5D3-11102-00-00,Brak danych,799.00
348360871,Głowica Yamaha YFZ 450 2004-2008 5D3-11102-00-00,Brak danych,959.00
348360872,Głowica Yamaha YFZ 450 2004-2008 5D3-11102-00-00,Brak danych,799.00
348360874,Kołyska Amortyzatora Yamaha YFZ 450 2004-2008 5TG-2217F-10-00,Brak danych,149.00
348360879,Kołyska Amortyzatora Yamaha YFZ 450 2004-2008 5TG-2217F-10-00,Brak danych,149.00
348360882,Mocowanie Jarzmo Zacisku Hamulcowego Yamaha YFZ 450 2004-2008 5TG-25721-30-00,Brak danych,199.00
348360884,Mocowanie Drążków Kierowniczych Yamaha YFZ 450 2004-2008 5TG-23816-10-00,Brak danych,249.00
348360889,Mocowanie Zacisku Tylnego Yamaha Raptor 660 5LP-25721-10-00,Brak danych,249.00
348360890,Mocowanie Linki Hamulcowej Yamaha YFZ 450 2004-2008,Brak danych,149.00
348360891,Podkładka Osłona Trybu Skrzyni Biegów Yamaha YFZ 450 2S2-17471-00-00,Brak danych,59.00
348360939,Mocowanie Yamaha YFZ 450 2004-2008,Brak danych,99.00
348360942,Mocowanie Statora Yamaha YFZ 450 2004-2008 90465-10017-00,Brak danych,59.00
348360944,Mocowanie Yamaha YFZ 450 2004-2008,Brak danych,59.00
348360946,Mocowanie Yamaha YFZ 450 2004-2008,Brak danych,59.00
348360948,Mocowanie Yamaha YFZ 450 2004-2008,Brak danych,59.00
348360950,Mocowanie błotnika Yamaha YFZ 450 2004-2008 5TG-21644-20-00,Brak danych,149.00
348360952,Mocowanie błotnika Yamaha YFZ 450 2004-2008 5TG-21643-10-00,Brak danych,149.00
348360954,Mocowanie błotnika Yamaha YFZ 450 2004-2008 5TG-21643-10-00,Brak danych,149.00
348361033,Tarcza hamulcowa tył NG NG1059 Yamaha YFM 450 700 YFZ 450,NADWOZIE,199.00
348361067,Tarcza hamulcowa tył NG WAVE NG1059X Yamaha YFZ 450 YFM 700 Raptor,NADWOZIE,200.00
348361097,Zacisk hamulcowy tył BRONCO AC-05A42 Yamaha YFM 700 R Raptor,NADWOZIE,300.00
348361211,Komplet tłoczków zacisku hamulcowego przód ALL BALLS 18-9017 Yamaha Suzuki,NADWOZIE,140.00
348361248,Zestaw naprawczy zacisku hamulcowego przód tył PROX 37.63041 Yamaha Can-Am,NADWOZIE,89.00
348361330,Zestaw naprawczy zacisku hamulcowego ALL BALLS 18-3041 Yamaha Can Am,NADWOZIE,95.00
348361347,Zestaw naprawczy zacisku hamulcowego tył TOURMAX BCR-205 Yamaha Raptor Rhino,NADWOZIE,59.00
348361953,Zestaw naprawczy pompy hamulcowej tył ALL BALLS 18-1007 Honda Yamaha,NADWOZIE,89.00
348363527,Zestaw naprawczy pompy hamulcowej ALL BALLS 18-1004 Honda Suzuki Yamaha,NADWOZIE,89.00
348366976,Uszczelka zbiorniczka płynu hamulcowego tył TOURMAX RVD-206 Yamaha,NADWOZIE,63.00
348367087,Trzpienie (wieszaki) klocków hamulcowych przód TOURMAX PPS-923 Yamaha,NADWOZIE,54.00
348368694,Trzpienie (wieszaki) klocków hamulcowych (1 sztuka) przód TOURMAX PPS-903 Yamaha,NADWOZIE,40.00
348370957,"Odpowietrznik TOURMAX BSC-101 do zacisku hamulcowego Nissin M8 x 1,25 mm",NADWOZIE,15.00
348385934,Prowadnica Łańcucha Yamaha YFZ 450 2004-2008 18P-22151-10,Brak danych,99.00
348386905,Osłona Łańcucha Yamaha YFZ 450 2004-2008 5TA-15421-00-00 5TA-15421-10-00,Brak danych,149.00
348386967,Wspornik Kolektora Yamaha YZ 125,Brak danych,199.00
348387016,Osłona Tarczy Hamulcowej Yamaha YFZ 450 2004-2008 5TG-2514A-00-00,Brak danych,49.00
348387071,Ślizg Łańcucha Yamaha YFZ 450 2004-2008,Brak danych,99.00
348387172,Osłona Zwrotnicy Yamaha YFZ 450 2004-2008 1S3-25127-00-00,Brak danych,59.00
348387260,Dźwignia Zmiany Biegów Yamaha YFZ 450 2004-2008 5TG-18110-10-00,Brak danych,149.00
348387343,Drążek Kierowniczy Yamaha YFZ 450 2004-2008 1S3-23831-00-00,Brak danych,129.00
348387422,Osłona Tylnej Pompy Hamulcowej Yamaha YFZ 450 2004-2008 5TG-27453-00-00,Brak danych,99.00
348387581,Linka Sprzęgła Yamaha YFZ 450 2004-2008 5TG-26335-30-00,Brak danych,49.00
348387689,Linka Sprzęgła Yamaha YFZ 450 2004-2008 5TG-26335-30-00,Brak danych,249.00
348387787,Linka Gazu Yamaha YFZ 450 2004-2008 5TG-26311-00-00,Brak danych,59.00
348387835,Mocowanie Przewodu Hamulcowego Prawe Yamaha YFZ 450 2004-2008 5TG-25876-00-00,Brak danych,49.00
348387902,Mocowanie Przewodu Hamulcowego Lewe Yamaha YFZ 450 2004-2008 5TG-25875-00-00,Brak danych,49.00
348387996,Klamka Hamulca Yamaha YFZ 450 2004-2008 5TG-83922-00-00,Brak danych,59.00
348388063,Osłona Tylnej Pompy Hamulcowej Yamaha Raptor 660 5LP-2580W-10-00 660,Brak danych,99.00
348388108,Pokrywa Zaworów Yamaha YFZ 450 2004-2008 5TG-11191-01-00,Brak danych,249.00
348388200,Osłona Kierownicy Yamaha YFZ 450 2004-2008 5TG-26124-00-00,Brak danych,99.00
348388264,Mocowanie Silnika Yamaha YFZ450 5TG213150000 5TG213181000 5TG213141000,Brak danych,149.00
348388333,Mocowanie Silnika Yamaha YFZ 450 2004-2008 5TG-21315-00-00,Brak danych,99.00
348417246,Mocowanie Łapa Silnika Yamaha YFZ 450 2004-2008 5D3-21316-01-00,Brak danych,99.00
348417258,Mocowanie Łapa Silnika Yamaha YFZ 450 2004-2008 5D3-21316-01-00,Brak danych,99.00
348417260,Mocowanie Łapa Silnika Yamaha YFZ 450 2004-2008 5D3-21316-01-00,Brak danych,99.00
348417272,Mocowanie Łapa Silnika Yamaha YFZ 450 2004-2008 5D3-21317-01-00,Brak danych,69.00
348417301,Mocowanie Łapa Silnika Yamaha YFZ 450 2004-2008 5D3-21316-01-00,Brak danych,69.00
348417334,Mocowanie Łapa Silnika Yamaha YFZ 450 2004-2008 5TG-21318-10-00 5TG-21314-10-00 95817-10055-00,Brak danych,99.00
348417361,Yamaha YFZ 450 2004-2008,Brak danych,0.00
348417382,Uchwyt lampy przedniej Yamaha YFZ 450 2004-2008,Brak danych,99.00
348417405,Korek zbiornika paliwa Yamaha YFZ 450 2004-2008,Brak danych,99.00
348936066,Kranik Paliwa Yamaha YFZ 450 2004-2008 5TG-24500-10-00,Brak danych,99.00
348936085,Mocowanie Amortyzatora Tył Yamaha YFZ 450 2004-2008 5TG-2217A-10-00,Brak danych,149.00
348936087,Uchwyt błotnika tylnego Yamaha YFZ 450 2004-2008,Brak danych,129.00
348936090,Uchwyt błotnika tylnego Yamaha YFZ 450 2004-2008,Brak danych,0.00
348936092,Mocowanie Amortyzatora Tył Yamaha YFZ 450 2004-2008 5TG-2217A-10-00,Brak danych,149.00
348936095,Kołyska amortyzatora tył Yamaha YFZ 450 2004-2008,Brak danych,0.00
348936097,Tylna Rama Zadupek Yamaha YFZ 450 2004-2008 5TG-21190-08-00,Brak danych,399.00
348936099,Zbiorniczek Płynu Hamulcowego Yamaha YFZ 450 2004-2008 5TG-25894-00-00 3XP-25852-50-00,Brak danych,99.00
348936100,Przewody Hamulcowe Przód Yamaha YFZ 450 2004-2008 5TG-25873-21-00 5TG-25871-10-00,Brak danych,199.00
348936103,Przewód Hamulcowy Przód Yamaha YFZ 450 2004-2008 5TG-25873-21-00,Brak danych,99.00
348936110,Przewód Hamulcowy Przód Yamaha YFZ 450 2004-2008 5TG-25872-10-00,Brak danych,129.00
348936118,Przewód Hamulcowy Tył Yamaha YFZ 450 2004-2008 5TG-25874-30-00,Brak danych,99.00
348936120,Przewody Hamulcowe Przód Yamaha YFZ 450 2004-2008 5TG-25873-21-00 5TG-25871-10-00,Brak danych,249.00
348936121,Tylna Pompa Hamulcowa Yamaha YFZ 450 2004-2008 5TG-2580E-20-00,Brak danych,299.00
348936122,Pompa Hamulcowa Tył Z Dźwignią Yamaha YFZ 450 5TG272111000 5TG2580E2000,Brak danych,349.00
348936123,Stopień Prawy Z Dźwignią Hamulca Yamaha YFZ 450 5TG272111000 5TG274210100,Brak danych,249.00
348936125,Dźwignia Hamulca Nożnego Yamaha YFZ 450 2004-2008 5TG-27211-10-00,Brak danych,99.00
348936126,Dźwignia Hamulca Nożnego Yamaha YFZ 450 2004-2008 5TG-27211-10-00,Brak danych,149.00
348936129,Jarzmo Zacisku Tylnego Yamaha YFZ 450 2004-2008,Brak danych,149.00
348936150,Mechanizm Hamulca Postojowego Yamaha YFZ 450 2004-2008 5TG-25978-00-00,Brak danych,199.00
348936153,Tylna Pompa Hamulcowa Yamaha YFZ 450 2004-2008 5TG-2580E-20-00,Brak danych,199.00
348936156,Yamaha YFZ 450 2004-2008,Brak danych,199.00
348936158,Zacisk Hamulcowy Tył Yamaha YFZ 450 2004-2008 5TG-2580W-21-00,Brak danych,599.00
348936160,Tarcza Hamulcowa Tył Yamaha YFZ 450 2004-2008 1S3-2582W-00-00,Brak danych,349.00
348936161,Tarcza Hamulcowa Przód Yamaha YFZ 450 2004-2008 3GD-2582T-10-00,Brak danych,129.00
348936166,Piasta Koła Przód Yamaha YFZ 450 2004-2008 1PE-F5111-00-00,Brak danych,299.00
349093293,BS Akumulator BTX14 (FA) (YTX14-BS) 12V 12AH bezobsługowy - zalany (200A),Brak danych,359.00
349095494,"BS Akumulator BGZ16H MAX (FA) (YTX14H, YTX14, YTX14-BS) 12V 16AH bezobsługowy zalany (240A)",NADWOZIE,579.00
349095791,Akumulator żelowy LANDPORT GTX14-4 MG LTX14-4 12V 14AH bezobsługowy zalany,NADWOZIE,245.00
349096250,NGK Świeca zapłonowa DPR8EA-9 (NR 4929) (X24EPR-U9),NADWOZIE,19.00
349096383,Świeca zapłonowa DENSO X24EPR-U9 (DPR8EA-9),NADWOZIE,15.00
349097481,"Cewka zapłonowa DZE 4056-01 Suzuki, Yamaha",NADWOZIE,100.00
349097776,Regulator napięcia GZ GZRY12 (5 PINÓW) Yamaha,Brak danych,179.00
349098214,Moduł zapłonowy Electrosport Procom PECAY660C Yamaha Raptor 660,NADWOZIE,639.00
349098231,Stojan alternatora JMP 700.32.54 Yamaha,NADWOZIE,225.00
349098819,Uzwojenie alternatora stator Electrosport ESG950 Yamaha YFM 660 Raptor,NADWOZIE,530.00
349098875,Uzwojenie alternatora (stator) DZE 2933-01 Yamaha,NADWOZIE,380.00
349098920,Klocki hamulcowe TRW KH084 Organic Eco MCB561EC przód tył,NADWOZIE,70.00
349099006,Tarcza hamulcowa tyŁ NG NG494X Yamaha,NADWOZIE,250.00
349099236,Tarcza hamulcowa tył NG NG494 Yamaha YFM 660 YFS 200 YFZ 350,NADWOZIE,229.00
349099403,Zacisk hamulcowy tył Bronco AC-05A01 Yamaha YFM660R YFZ350 YFS200 YFM350,NADWOZIE,209.00
349099882,Zestaw naprawczy zacisku hamulcowego All Balls tył 18-3038 Yamaha Suzuki,NADWOZIE,95.00
349100224,Zestaw naprawczy zacisku hamulcowego przód All Balls 18-3023 Suzuki Yamaha,NADWOZIE,95.00
349100430,Zestaw naprawczy pompy hamulcowej All Balls 18-1020 przód tył Yamaha Honda,NADWOZIE,89.00
349100527,"Śruba tarczy hamulcowej M8x1,25 DŁ. 16mm 717.03.59",NADWOZIE,18.00
349181911,Trzpienie klocków hamulcowych przód tył All Balls 18-7010 Can-Am Yamaha,NADWOZIE,49.00
349184416,Trzpienie klocków hamulcowych (1 sztuka) przód ALL BALLS 18-7030 Kawasaki Yamaha,NADWOZIE,33.00
349192606,"Filtr oleju HifloFiltro HF147 Yamaha FZS 600 YFM 660, Kymco X-CITING 500",NADWOZIE,35.00
349194528,Filtr powietrza Athena S410485200032 Yamaha YFM 660 Raptor ’01–’05,NADWOZIE,69.00
349197291,Filtr powietrza BMC FM338/21 Yamaha YFM 660 R Raptor ’01–’05,NADWOZIE,279.00
349252178,Pokrywa Zaworów Suzuki LTR 450 11170-45G00,Brak danych,249.00
349253516,Mocowanie Akumulatora Suzuki LTR 450 41540-45G00,Brak danych,299.00
349253690,Czujnik Powietrza Suzuki LTR 450 13650-14G10,Brak danych,129.00
349253782,Czujnik Luzu Suzuki LTR 450 37730-45G00,Brak danych,149.00
349253915,Suzuki LTR 450,Brak danych,99.00
349254025,Czujnik Odcięcia Paliwa Przewrotu Suzuki LTR 450 33960-06G10,Brak danych,149.00
349254179,Czujnik Temperatury Wody Yamaha YFZ 450 2004-2008 5LP-82560-01-00,Brak danych,99.00
349254334,Lampki Kontrolne Suzuki LTR 450 36380-45G01,Brak danych,249.00
349254559,Lampki Kontrolne Suzuki LTR 450 36380-45G01,Brak danych,199.00
349255318,Przewód Rozrusznika Suzuki LTR 450 33810-45G01,Brak danych,149.00
349255519,Przewód plusowy przekaźnika rozrusznika Suzuki LTR 450,Brak danych,59.00
349255702,Cewka Zapłonowa Suzuki LTR 450 33510-35G00,Brak danych,149.00
349256050,Stacyjka Suzuki LTR 450 37110-45G01,Brak danych,149.00
349256300,Wałek Zmiany Biegów Suzuki LTR 450 25412-45G00,Brak danych,99.00
349290142,Wybierak Zmiany Biegów Suzuki LTR 450 25510-45G11,Brak danych,249.00
349290716,Sprężyny I Śruby Docisku Sprzęgła Suzuki LTR 450 21412-45G00,Brak danych,149.00
349290822,Programator Skrzyni Biegów Suzuki LTR 450 25310-45G10,Brak danych,399.00
349290935,Programator Skrzyni Biegów Suzuki LTR 450 25310-45G10,Brak danych,299.00
349408714,Podnośnik Zapadki Zmiany Biegów Suzuki LTR 450 25331-45G00,Brak danych,99.00
349408728,Podkładka Skrzyni Biegów Suzuki LTR 450 26264-45G00,Brak danych,59.00
349408729,Bębenek Programatora Zmiany Biegów Suzuki LTR 450 25381-45G00,Brak danych,99.00
349408736,Podnośnik Zapadki Zmiany Biegów Suzuki LTZ 400,Brak danych,99.00
349408739,Elementy Skrzyni Biegów Suzuki LTR 450 25313-37F00 25356-12C00 25355-45G00,Brak danych,129.00
349408740,Popychacz Skrzyni Biegów Suzuki LTR 450 25350-45G10,Brak danych,99.00
349408742,Wodzik Zmiany Biegów Suzuki LTR 450 25211-45G10,Brak danych,199.00
349408743,Tryb Zmiany Biegów Suzuki LTR 450 25322-45G00,Brak danych,99.00
349408744,Wodzik Zmiany Biegów Suzuki LTR 450 25211-45G10,Brak danych,199.00
349408745,Wodzik Zmiany Biegów Suzuki LTR 450 25411-45G00 25211-45G10,Brak danych,229.00
349408748,Wodzik Zmiany Biegów Suzuki LTR 450 25411-45G00 25211-45G10,Brak danych,229.00
349408753,Chłodnica Suzuki LTZ 400 17710-07G10,Brak danych,499.00
349408755,Koło Zębate Rozrusznika Suzuki LTZ 400 LTR 450 12600-29F00,Brak danych,349.00
349413926,Dekiel Filtra Oleju Suzuki LTZ 400 16512-47E00,Brak danych,0.00
349413930,Dekiel Rozrusznika Suzuki LTZ 400 11352-29F50,Brak danych,0.00
349413951,Kolumna Kierownicza Suzuki LTR 450 51650-45G10,Brak danych,399.00
349413955,Wentylator Chłodnicy Suzuki LTR 450 17800-45G10,Brak danych,349.00
349413958,Chłodnica Suzuki LTR 450 17710-45G00,Brak danych,149.00
349413962,Wentylator Chłodnicy Suzuki LTR 450 17800-45G10,Brak danych,349.00
349413965,Osłona Atrapa Chłodnicy Suzuki LTR 450 17760-45G00,Brak danych,149.00
349413968,Zbiorniczek Wyrównawczy Płynu Chłodniczego Suzuki LTR 450 17910-45G00,Brak danych,149.00
349413969,Wąż Chłodniczy Suzuki LTR 450 17851-45G00,Brak danych,99.00
349413972,Wąż Chłodniczy Suzuki LTR 450 17851-45G00,Brak danych,99.00
349413976,Wąż Chłodniczy Suzuki LTR 450 17852-45G00,Brak danych,99.00
349413978,Wąż Chłodniczy Suzuki LTR 450 17852-45G00,Brak danych,99.00
349413981,Chłodnica Suzuki LTR 450 17710-45G00,Brak danych,299.00
349413983,Docisk kosza sprzęgłowego Suzuki LTR 450,Brak danych,199.00
349413986,Kosz Sprzęgłowy Suzuki LTR 450 21411-35G11,Brak danych,249.00
349413988,Popychacz Oś Sprzęgła Suzuki LTR 450 23110-45G00,Brak danych,99.00
349413989,Sprężyny Docisku Sprzęgła Suzuki LTR 450 09440-18039,Brak danych,149.00
349413991,Dystans Sprzęgła Suzuki LTR 450 21251-29F00,Brak danych,99.00
349413994,Popychacz Sprzęgła Suzuki LTR 450 23121-45G00,Brak danych,149.00
349414001,Podkładka Sprzęgła Suzuki LTR 450 21416-35G10,Brak danych,19.00
349414003,Nakrętka Sprzęgła Suzuki LTR 450 09140-18017,Brak danych,20.00
349414007,Podkładka Sprzęgła Suzuki LTR 450 21415-35G00,Brak danych,19.00
349414008,Wałek Skrzyni Biegów Suzuki LTR 450 24120-45G00,Brak danych,349.00
349414043,Zębatka Tryb Biegu Drugiego Suzuki LTR 450 24221-45G10,Brak danych,199.00
349414082,Wałek Skrzyni Biegów Kompletny Suzuki LTR 450 24130-45G01,Brak danych,599.00
349414103,Wałek Skrzyni Biegów Suzuki LTR 450 24130-45G01,Brak danych,349.00
349414116,Wałek Skrzyni Biegów Suzuki LTR 450 24130-45G01,Brak danych,299.00
349428857,Elementy Skrzyni Biegów Suzuki LTR 450,Brak danych,199.00
349428873,Elementy Skrzyni Biegów Suzuki LTR 450,Brak danych,199.00
349428880,Zębatka Tryb Biegu Piątego Suzuki LTR 450 24351-45G00,Brak danych,249.00
349428894,Zębatka Tryb Biegu Trzeciego Suzuki LTR 450 24331-45810,Brak danych,249.00
349428904,Wałek Zmiany Biegów Suzuki LTR 450 25412-45G00,Brak danych,99.00
349428913,Tryb Zębatka Suzuki LTR 450,Brak danych,199.00
349428921,Suzuki LTR 450,Brak danych,249.00
349428930,Zębatka Tryb Biegu Czwartego Suzuki LTR 450 24241-45G00,Brak danych,149.00
349428938,Suzuki LTR 450,Brak danych,249.00
349428946,Zębatka Tryb Biegu Trzeciego Suzuki LTR 450 24331-45G30,Brak danych,99.00
349428953,Zębatka Tryb Biegu Piątego Suzuki LTR 450 24251-45G00,Brak danych,199.00
349428962,Suzuki LTR 450,Brak danych,199.00
349438344,Zbiornik Paliwa Suzuki LTR 450 44100-45G00,Brak danych,449.00
349438725,Osłona Podwozia LTZ 400 Suzuki LTZ 400 42511-07G00,Brak danych,149.00
349438732,Osłona Owiewka Lampy Przód Suzuki LTR 450 53119-45G00,Brak danych,199.00
349438740,Plastikowa Osłona Tylnej Ramy Suzuki LTR 450 42541-45G00,Brak danych,299.00
349438757,Zbiornik oleju Suzuki LTR 450,Brak danych,399.00
349438773,Odma Suzuki LTR 450 11330-45G00,Brak danych,349.00
349438810,Obudowa Kierownicy Suzuki LTR 450 56111-45G00,Brak danych,149.00
349438842,Tylny Zderzak Suzuki LTR 450 43980-45G11,Brak danych,249.00
349438856,Drążek Kierowniczy Z Mocowaniem Suzuki LTR 450 51281-45G00 51653-45G00,Brak danych,0.00
349438868,Osłona Wydechu Suzuki LTR 450 14180-45G00,Brak danych,249.00
349438914,Króciec Ssący Puszki Powietrza Suzuki LTR 450 13881-45G00,Brak danych,149.00
349438920,Linka sprzęgła Suzuki LTR 450,Brak danych,99.00
349438928,Przewód hamulcowy przód Suzuki LTR 450,Brak danych,349.00
349438936,Przewód Olejowy Suzuki LTR 450 16470-45G10,Brak danych,149.00
349438942,Przewód Odmy Suzuki LTR 450 11334-45G10,Brak danych,59.00
349438950,Przewód Olejowy Suzuki LTR 450 16460-45G00,Brak danych,199.00
349438956,Przewód Olejowy Suzuki LTR 450 16460-45G00,Brak danych,149.00
349438961,Przewód Olejowy Suzuki LTR 450 16460-45G00,Brak danych,149.00
349438972,Przewód Olejowy Suzuki LTR 450 16470-45G00,Brak danych,149.00
349841459,Zestaw osłon podwozia Squdde do Quada Odes Pathcross 650 / 850 / 1000,NADWOZIE,1595.00
349841534,Zestaw osłon podwozia Squdde do Quada CFMoto G2 850 / 1000,NADWOZIE,1595.00
349841676,Zestaw osłon podwozia Squdde do Quada CFMoto 625 Touring,NADWOZIE,1595.00
349841687,Zestaw osłon podwozia Squdde do Quada CFMoto 520L,NADWOZIE,1620.00
349841712,Zestaw osłon podwozia Squdde do CF MOTO 850 1000 G3,NADWOZIE,1853.00
349842160,Zestaw osłon podwozia Squdde do Quada Yamaha Grizzly 700,NADWOZIE,1776.00
349844568,Zestaw osłon podwozia Squdde do Quada SEGWAY AT5 LONG,NADWOZIE,1699.00
349844573,Zestaw osłon podwozia Squdde do Quada TGB Blade 1000 LTX MAX EPS 2021-,NADWOZIE,1558.00
349844597,Zestaw osłon podwozia Squdde do Quada Linhai Landforce 650L PRO EPS 2024+,NADWOZIE,1535.00
349844612,Zestaw osłon podwozia Squdde do Quada SEGWAY AT5 S,NADWOZIE,1586.00
349844712,Zestaw osłon podwozia Squdde do Quada GOES TERROX 400 500L 2024,NADWOZIE,1558.00
349844796,Zestaw osłon podwozia Squdde do Quada CAN AM OUTLANDER X-TP G3,NADWOZIE,2200.00
349845006,Osłona czołowa Squdde do Quada CAN AM OUTLANDER X-TP G3,NADWOZIE,320.00
349845078,Zestaw osłon na wahacze Squdde do Quada CAN AM OUTLANDER X-TP G3,NADWOZIE,806.00
349845156,Zestaw osłon pod nogi Squdde do Quada CAN AM OUTLANDER X-TP G3,NADWOZIE,608.00
349845692,Zestaw osłon środkowych Squdde do Quada CAN AM OUTLANDER X-TP G3,NADWOZIE,1315.00
349845794,Zestaw osłon podwozia Squdde do Quada LONCIN XWOLF 1000 2025,NADWOZIE,1632.00
349845930,Zestaw osłon podwozia Squdde do Quada ODES 850 1000 2025,NADWOZIE,1612.00
349846126,Zestaw osłon podwozia Squdde do Quada QJMOTOR 600 1000 SFA,NADWOZIE,1620.00
349846263,Zestaw osłon podwozia Squdde do SEGWAY AT10 WL,NADWOZIE,1750.00
349846267,Zestaw osłon podwozia Squdde do SEGWAY AT10 L,NADWOZIE,1530.00
349846272,Zestaw osłon podwozia Squdde do SEGWAY AT6 L,NADWOZIE,1530.00
349846274,Zestaw osłon podwozia Squdde do Quada Loncin Xwolf 700 550L,NADWOZIE,1779.00